plant_species,plant_part,extraction_solvent,extraction_method,concentration_mg_per_ml,crop_species,crop_variety,germination_percent,root_length_mm,shoot_length_mm,total_phenolic_content_mg_gae_per_g,compound_lantadene_a,compound_lantadene_b,compound_lantadene_c,compound_lantadene_d,compound_icterogenin,compound_luteolin,compound_hispidulin,compound_quercetin,compound_kaempferol,compound_caffeic_acid,compound_chlorogenic_acid,compound_caryophyllene,compound_alpha_humulene,compound_alpha_pinene,compound_camphene,compound_linalool
lantana camara,leaf,aqueous,Petri dish bioassay,0.0,abelmoschus esculentus,,54.6,69.37858312829712,91.92522525186935,,0.8921478638184245,0.8117663402097659,0.7429571595265878,0.9084840055632822,0.7241235392320535,0.7933083176985616,0.9264460046807087,0.42396745932415525,0.7289173392708044,0.46432144048016005,0.7002545008954661,0.7832553398508086,0.6999860491071429,0.31445119367142255,0.41563205417607224,0.6101376720901126
lantana camara,root,aqueous,aqueous extraction,49.0299,triticum aestivum,,27.30856281981361,22.451570903092808,26.055723917107862,22.02,0.8991989319092123,0.8826838924775995,0.7117852975495915,0.8147426981919331,0.9657762938230384,0.7731915780696269,0.7843530591775326,0.43137254901960786,0.8672418591706096,0.46307102367455816,0.6150438307097748,0.7860353055645648,0.8573521205357143,0.3504025992371804,0.37626975169300225,0.670421360033375
eucalyptus globulus,leaf,aqueous,aqueous extraction,0.0,triticum aestivum,,58.49438442945919,53.0608940598913,70.25484179512047,15.66,0.0,0.0,0.0,0.0,0.0,0.0,0.0,0.0,0.0,0.35028342780926974,0.9381657083608257,0.32293935041467825,0.0,0.8609266845599661,0.8861455981941309,0.6919065498539843
ageratina adenophora,leaf,aqueous,aqueous extraction,0.0,oryza sativa,,53.06970435818596,42.89836156373478,50.44848780624075,9.77,0.0,0.0,0.0,0.0,0.0,0.0,0.0,0.5294117647058824,0.0,0.5251750583527842,0.0,0.2710929898531252,0.27608816964285715,0.0,0.0,0.0
lantana camara,leaf,aqueous,aqueous extraction,24.3563,triticum aestivum,,43.63175414982053,40.38125889072174,52.94563755947445,9.14,0.8760847797062751,0.8460095853302771,0.8688114685780963,0.7012517385257301,0.7589732888146912,0.8615801542630811,0.8642594450016716,0.443471005423446,0.9084330642916782,0.5285095031677225,0.7364501838062023,0.8471482185053051,0.8308454241071428,0.36325752224890523,0.3391647855530474,0.5129328327075512
bidens pilosa,seeds,aqueous,aqueous extraction,50.0,bidens pilosa,,22.25939299289012,17.577586975631284,22.518718403351,,0.0,0.0,0.0,0.0,0.0,0.0,0.0,0.3631622861910722,0.0,0.441563854618206,0.45668771797530394,0.19779456053375344,0.0,0.24240711964966805,0.0,0.0
lantana camara,stem,aqueous,aqueous extraction,99.4313,zea mays,,10.226797788127989,7.269179773229439,8.66411310527786,20.32,0.6687666889185581,0.6876432590122943,0.7032838806467746,0.6993045897079275,0.7852671118530885,0.9210965186574943,0.9770979605483116,0.48675427617855654,0.8847759532424158,0.5858619539846615,0.6378546517108116,0.7966455080387342,0.8554687499999999,0.29580449215990956,0.4136568848758465,0.5392156862745099
parthenium hysterophorus,leaf,methanol,solvent extraction,0.0,oryza sativa,,62.34725338089869,52.96928061288676,73.36147709667628,66.17,0.0,0.0,0.0,0.0,0.0,0.39472587033562645,0.0,0.57008760951189,0.0,0.7613371123707902,0.7311716467150532,0.22156326738636892,0.0,0.0,0.0,0.0
lantana camara,stem,aqueous,aqueous extraction,48.4104,zea mays,,24.551421121548717,19.07158567118062,24.671108247243247,13.53,0.8938584779706275,0.6802111551017572,0.9558259709951659,0.7894297635605007,0.6692404006677797,0.6926203877423389,0.8706118355065195,0.4984355444305382,0.8922905649874756,0.5423474491497166,0.7877274012630785,0.9056664967798731,0.8708147321428571,0.3800678061873146,0.30883182844243795,0.5246141009595329
lantana camara,root,aqueous,aqueous extraction,50.3446,triticum aestivum,,28.627974000346974,19.643358458776984,26.570991650217312,23.14,0.6785297062750334,0.7054942001805932,0.6796132688781464,0.7774687065368567,0.8332637729549249,0.8348968105065666,0.8933467067870278,0.4665206508135169,0.8650153075424437,0.5549349783261087,0.6315392591196154,0.8409396284112496,0.7835518973214286,0.3986438762537082,0.29683972911963885,0.5400500625782229
lantana camara,leaf,methanol,solvent extraction,102.7072,lactuca sativa,,6.829593350090022,4.525023639452271,5.7280059207066065,37.23,0.9311999332443257,0.68826838924776,0.751458576429405,0.7443671766342141,0.9968697829716194,0.7718365645194915,0.7159812771648278,0.3782853566958698,0.9551906484831617,0.5206735578526176,0.6275803563012536,0.7454941389056202,0.8013392857142857,0.3874134764797288,0.36272573363431154,0.6193158114309554
lantana camara,leaf,ethanol,solvent extraction,50.0906,zea mays,,22.37338401271717,14.293760153831343,19.859440681652735,36.57,0.9996662216288384,0.6930610543863305,0.7949658276379398,0.7279554937413073,0.7852671118530885,0.8125912028351053,0.7771648278167836,0.4208385481852316,0.8118563874199832,0.5198399466488829,0.7649165802620417,0.9105314367789465,0.9873744419642857,0.3893911569430711,0.35073363431151244,0.6186900292031707
chromolaena odorata,leaf,aqueous,aqueous extraction,99.8134,zea mays,,9.30344117064122,6.547806233298216,9.315437433482412,19.26,0.0,0.0,0.0,0.0,0.0,0.6487387950802586,0.0,0.6905506883604506,0.0,0.4983327775925308,0.0,0.2732242969003383,0.0,0.3330272637378161,0.0,0.0
parthenium hysterophorus,leaf,methanol,solvent extraction,49.9488,oryza sativa,,22.589746218925285,18.16784551230611,21.76865320800658,55.14,0.0,0.0,0.0,0.0,0.0,0.41953304148426107,0.0,0.6666666666666667,0.0,0.7518339446482161,0.646243755302102,0.2337951165268962,0.0,0.0,0.0,0.0
humulus scandens,root,ethyl_acetate,Soxhlet extraction,2.0,a. philoxeroides,,58.620161239598424,0.31,0.17,,0.0,0.0,0.0,0.0,0.0,0.0,0.0,0.4606800166875261,0.0,0.5060853617872624,0.5435008012065228,0.25093823842839275,0.0,0.18434807176154824,0.0,0.0
acmella oleracea,aerial,ethanol,solvent extraction,50.9737,lactuca sativa,,21.90458494283071,15.980077064932114,19.487301534987914,50.98,0.0,0.0,0.0,0.0,0.0,0.6377944548676256,0.0,0.5588235294117647,0.0,0.6848949649883294,0.0,0.0,0.0,0.0,0.0,0.0
lantana camara,leaf,aqueous,aqueous extraction,9.9145,zea mays,,55.911247223548315,49.37248813513089,58.91810463186685,17.28,0.7731558744993324,0.725845662290755,0.885480913485581,0.7593880389429764,0.6894824707846411,0.9508025849489264,0.8179538615847542,0.3718189403420943,0.9215140551071528,0.5110036678892964,0.5334150249787916,0.9171106889681695,0.7813197544642857,0.3292131657013702,0.30883182844243795,0.532540675844806
lantana camara,leaf,ethanol,solvent extraction,24.8084,zea mays,,43.94936130389711,30.929876185171338,39.09683193551427,51.43,0.9547313084112149,0.8829617281378065,0.8068011335222537,0.7304589707927677,0.7808848080133556,0.9188034188034188,0.9503510531594783,0.4787234042553192,0.6802115224046758,0.5114204734911637,0.5849750212084079,0.8365380160311356,0.9118303571428571,0.40535386354004804,0.36851015801354403,0.6581143095536087
lantana camara,leaf,aqueous,aqueous extraction,4.9329,oryza sativa,,71.28183063097492,65.39715296669947,79.6345100082318,3.54,0.8925650867823766,0.8418420504271723,0.8844807467911319,0.9744089012517385,0.7013772954924875,0.9464248488638733,0.6957539284520227,0.4809136420525657,0.9343167269691066,0.574108036012004,0.7122254689414648,0.7294630032896261,0.8360770089285715,0.2871874558553468,0.3843115124153499,0.5569461827284106
lantana camara,stem,aqueous,aqueous extraction,10.3902,zea mays,,75.91487138589287,59.42404435452957,74.61615607044463,20.38,1.0,0.6880600125026047,0.9424904150691782,0.8809457579972183,0.9131886477462439,0.9483010214717533,0.6877298562353727,0.46339173967459324,0.7937656554411355,0.4608202734244748,0.5734753511169761,0.9677987304823242,0.7025669642857142,0.2886000847577342,0.3895316027088036,0.6812682519816438
ageratina adenophora,leaf,aqueous,aqueous extraction,4.9636,oryza sativa,,42.91166763942077,42.496151191694786,53.012302783723264,20.23,0.0,0.0,0.0,0.0,0.0,0.0,0.0,0.49989570296203595,0.0,0.6675558519506501,0.0,0.29342538108696664,0.2509765625,0.0,0.0,0.0
parthenium hysterophorus,whole plant,aqueous,aqueous extraction,0.0,triticum aestivum,,57.257536846205205,52.81660078206148,64.20127512495807,19.76,0.0,0.0,0.0,0.0,0.0,0.46331040233479265,0.0,0.6630162703379224,0.0,0.8543681227075692,0.8002639268545575,0.22383357271926982,0.0,0.0,0.0,0.0
lantana camara,stem,aqueous,aqueous extraction,51.9372,zea mays,,26.60083982651836,17.562580538284244,23.46359772556505,12.96,0.7326435246995994,0.6757657845384455,0.8513085514252376,0.9012517385257302,0.8841819699499166,0.686366479049406,0.6955867602808424,0.4550479766374636,0.9565822432507654,0.42880960320106704,0.6039211989819965,0.8363990177454479,0.9833984375,0.31890097471394263,0.30671557562076746,0.6236962870254485
ageratina adenophora,leaf,aqueous,aqueous extraction,49.1408,oryza sativa,,16.949489718517462,13.172324980186923,15.264545502501338,17.19,0.0,0.0,0.0,0.0,0.0,0.0,0.0,0.6047142261159784,0.0,0.6194564854951651,0.0,0.30310892832321734,0.23744419642857142,0.0,0.0,0.0
lantana camara,root,aqueous,soil water extraction,0.0,oryza sativa,,80.45958516085757,10.8,27.7,,0.7038134178905207,0.7418906716677085,0.9311551925320888,0.9504867872044506,1.0,0.8262455701480091,0.8340020060180541,0.4017521902377973,0.8577790147509045,0.5105868622874291,0.748703930624941,0.9703006996247047,0.9346400669642856,0.3476479728775251,0.28442437923250563,0.5208594075928243
lantana camara,leaf,aqueous,aqueous extraction,9.8147,zea mays,,60.09093270531345,49.275336607213355,68.24805838137095,13.89,0.9544392523364487,0.8162811696881295,0.7599599933322221,0.9532684283727398,0.7979966611018364,0.8084219303731499,0.9796054831160147,0.41760534000834376,0.9922070693014194,0.4519006335445148,0.6610425110755019,0.6844275587267757,0.9861886160714285,0.3201017092809719,0.2950056433408578,0.6268251981643722
lantana camara,leaf,aqueous,aqueous extraction,24.7653,zea mays,,39.85482642867654,32.61362583857562,40.69892620234644,18.33,0.785130173564753,0.9040077793984859,0.6729454909151525,0.8141863699582753,0.882721202003339,0.831874087971649,0.7691407556001337,0.4134334584897789,0.7881992763707208,0.44506502167389134,0.5400131963427279,0.7348376036695548,0.890625,0.38494137590055094,0.4166196388261851,0.650604922820192
lantana camara,leaf,aqueous,aqueous extraction,2.488,zea mays,,68.62470387420537,64.70328967084053,81.04232321402726,21.8,0.8682827102803738,0.9214419670764743,0.7617936322720454,0.9304589707927677,0.8789649415692821,0.7820512820512822,0.8095954530257439,0.35043804755944935,0.9293069858057333,0.5886962320773591,0.5336978037515318,0.793216883658435,0.8472377232142857,0.3663653058341574,0.3548250564334086,0.5060492282019191
chromolaena odorata,leaf,aqueous,aqueous extraction,4.9496,zea mays,,66.21459162585045,61.15169600079042,73.75465714699781,16.22,0.0,0.0,0.0,0.0,0.0,0.6404002501563477,0.0,0.7367542761785566,0.0,0.42289096365455153,0.0,0.2774869109947644,0.0,0.3196779206102557,0.0,0.0
lantana camara,leaf,ethyl_acetate,solvent extraction,105.0987,sorghum bicolor,,7.9217271615867215,5.0673956489654195,6.9045613424182894,32.71,0.7233811748998665,0.9918733069389456,0.7517919653275545,0.909596662030598,0.9334307178631052,0.9037940379403794,0.921765295887663,0.48998748435544437,0.9707765098803228,0.5148382794264755,0.6807427655763975,0.8111013297502665,0.9441266741071428,0.39546546122333665,0.31729683972911965,0.7413433458489779
lantana camara,root,aqueous,rhizospheric soil,0.0,triticum aestivum,,33.3,7.3,13.1,,0.8821762349799732,0.9558935889421407,0.9998333055509252,0.8723226703755216,0.9649415692821368,0.7680842193037315,0.7922099632230023,0.3731748018356279,0.9229056498747564,0.5861953984661553,0.6592515788481478,0.9179910114441922,0.7746930803571428,0.32109054951264304,0.34410270880361177,0.533375052148519
lantana camara,leaf,aqueous,aqueous extraction,24.1216,oryza sativa,,39.33296794697949,33.719456563210784,35.822831138495175,19.32,0.69505173564753,0.8323956379801347,0.9628271378563094,0.8778859527121001,0.8418196994991652,0.8576193454242235,0.8099297893681042,0.4273049645390072,0.7823545783467855,0.4579026342114038,0.5915731925723442,0.9681230598155957,0.9634486607142857,0.4180675236615341,0.4136568848758465,0.5577805590321235
lantana camara,leaf,aqueous,aqueous extraction,101.3578,zea mays,,8.357344055500965,5.873823689120923,7.466104561802506,7.71,0.8525534045393859,0.8741404459262346,0.87031171861977,0.8756606397774687,0.7128547579298832,0.7393162393162394,0.8990304246071548,0.4856070087609512,0.7664903979961035,0.5139213071023674,0.6043924969365633,0.8960756150674142,0.9564034598214286,0.2934736544709705,0.32562076749435664,0.6921151439299125
chromolaena odorata,leaf,aqueous,aqueous extraction,10.0546,zea mays,,59.860747204019404,53.43012479782727,73.35399144462373,9.19,0.0,0.0,0.0,0.0,0.0,0.6332082551594748,0.0,0.9712140175219024,0.0,0.4311437145715238,0.0,0.2641430755687347,0.0,0.28365588359937843,0.0,0.0
lantana camara,leaf,aqueous,aqueous extraction,50.3834,oryza sativa,,25.831677410349563,17.109065592409035,22.440353978215413,22.41,0.7916388518024032,0.6820170868931028,0.9291548591431905,0.8122392211404729,0.8140651085141903,0.8214509068167606,0.9450016716817117,0.4478514810179391,0.8828277205677707,0.5301767255751917,0.5992082194363276,0.740582866144651,0.9416852678571428,0.38656589913829636,0.3457957110609481,0.5561118064246976
rhazya stricta decne,leaves,dry powder,sandwich method,0.0,phalaris minor,minor,31.0,78.03551273462116,89.68377355898997,,0.0,0.0,0.0,0.0,0.0,0.0,0.0,0.48904881101376724,0.0,0.5561853951317105,0.46111791874823266,0.24204234814437292,0.0,0.17248198898149458,0.0,0.0
tomato,Roots,pda,Food poisoning technique,0.01,tomato,Peto 86,74.16004451076117,67.44732377519696,80.4875068975683,,0.0,0.0,0.0,0.0,0.0,0.0,0.0,0.47653316645807264,0.0,0.5932810936978993,0.5586765953435762,0.20270583329472272,0.0,0.21987568865658993,0.0,0.0
lantana camara,leaves,aqueous,crushed and soaked,25.0,oryza sativa,,93.4,38.573310650002156,52.53161660007434,,0.9594042056074766,0.674793359727721,0.8403067177862978,0.8222531293463142,0.8981636060100168,0.8063372941421723,0.7082915412905383,0.46641635377555285,0.9476760367381019,0.45706902300766916,0.608068620982185,0.8554881156465737,0.9984654017857143,0.3682723548523803,0.33436794582392776,0.607008760951189
chromolaena odorata,leaf,aqueous,aqueous extraction,9.9975,oryza sativa,,66.05961252396818,57.329117022921906,71.93309965011882,16.13,0.0,0.0,0.0,0.0,0.0,0.7453616843860746,0.0,1.0,0.0,0.40396798932977657,0.0,0.30144094889496365,0.0,0.23513208080237324,0.0,0.0
chromolaena odorata,leaf,aqueous,aqueous extraction,0.0,zea mays,,69.76937692239211,65.50658832400777,82.13097258169566,20.13,0.0,0.0,0.0,0.0,0.0,0.6675005211590578,0.0,0.7924488944513977,0.0,0.4689896632210737,0.0,0.33044525784181994,0.0,0.32561096200028256,0.0,0.0
lantana camara,leaf,aqueous,aqueous extraction,26.4569,zea mays,,42.94637705316726,31.727453925587273,37.275835402636034,16.34,0.9369158878504673,0.9791623254844759,0.8689781630271712,0.9045897079276772,0.9060934891485809,0.6801125703564729,0.8340020060180541,0.354401335002086,0.7475647091566936,0.5495998666222074,0.5623527193891978,0.9516285965806424,0.8611188616071429,0.3127560389885577,0.330558690744921,0.7259073842302879
lantana camara,leaf,methanol,solvent extraction,10.1404,lactuca sativa,,49.09364879916791,43.631601009478864,53.14470262437509,61.36,0.7188334445927903,0.9257484198096825,0.7161193532255377,0.972461752433936,0.8407762938230384,0.7617260787992496,0.8085924439986626,0.3878806841885691,0.9345950459226273,0.5916972324108035,0.7588839664435857,0.6709447250150582,1.0,0.313956773555587,0.30601015801354403,0.7046307884856071
eucalyptus globulus,leaf,aqueous,aqueous extraction,2.5494,hordeum vulgare,,61.185856309404066,54.9597166149054,65.79322519918887,21.82,0.0,0.0,0.0,0.0,0.0,0.0,0.0,0.0,0.0,0.3857119039679893,0.9660665472711849,0.3547699578371867,0.0,0.8951829354428592,0.8621613995485327,0.708802670004172
lantana camara,leaf,aqueous,aqueous extraction,2.5319,oryza sativa,,74.43200213381297,64.91428240672842,85.61534261786244,8.92,0.7259679572763684,0.921789261651733,0.7869644940823471,0.9287899860917941,0.7366444073455759,0.7276422764227642,0.8457037780006686,0.45171047142261167,0.8600055663790703,0.4187229076358786,0.750683382034122,0.766853542139647,0.8554687499999999,0.32970758581720583,0.34706546275395034,0.5686274509803922
chromolaena odorata,leaf,aqueous,aqueous extraction,0.0,oryza sativa,,77.15273901800188,65.70196072788937,83.1421612494984,15.07,0.0,0.0,0.0,0.0,0.0,0.5229309985407548,0.0,0.7826449728827701,0.0,0.4164721573857953,0.0,0.31552610851132834,0.0,0.24389037999717475,0.0,0.0
eucalyptus globulus,leaf,aqueous,aqueous extraction,0.0,triticum aestivum,,56.4171015275041,55.563406570396744,63.4269020723888,26.21,0.0,0.0,0.0,0.0,0.0,0.0,0.0,0.0,0.0,0.4234744914971657,0.991987934772363,0.34244544317286757,0.0,0.8032914253425625,0.7700338600451467,0.9109303295786401
lantana camara,leaf,aqueous,aqueous extraction,99.495,phaseolus vulgaris,,9.942966246941397,5.976242120830011,8.002681156675736,13.53,0.8754172229639519,0.8382996457595333,0.903817302883814,0.8358831710709318,0.9697412353923206,0.7818428184281844,0.8421932464058843,0.3825615352523989,0.934873364876148,0.4998332777592531,0.7721745687623716,1.0,0.7079380580357142,0.4028817629608702,0.360186230248307,0.7167292448894452
melilotus indica,whole plant,aqueous,water extraction,50.0,wheat,wheat,81.0,21.00460135197526,26.357967681485583,,0.0,0.0,0.0,0.0,0.0,0.0,0.0,0.42740926157697123,0.0,0.5517672557519173,0.5328494674333113,0.2210536070055136,0.0,0.19247068795027547,0.0,0.0
eucalyptus globulus,leaf,aqueous,aqueous extraction,9.9668,hordeum vulgare,,53.50408052959602,41.836486611745826,53.83442267364702,13.84,0.0,0.0,0.0,0.0,0.0,0.0,0.0,0.0,0.0,0.3945481827275758,0.9221415779055518,0.33581985822174865,0.0,0.8410086170363046,0.7652370203160271,0.7480183562786817
lantana camara,leaf,aqueous,aqueous extraction,0.0,zea mays,,68.96617979696727,60.71320680699684,72.77193766613702,7.77,0.8308578104138853,0.714037646731958,0.7176196032672112,0.8970792767732962,0.6836393989983305,0.9481967896602043,0.8179538615847542,0.4928035043804756,0.8853325911494573,0.42330776925641883,0.7614289753982467,0.9186396701107354,0.7651367187499999,0.3298488487074446,0.35553047404063204,0.7123487692949521
lantana camara,leaf,ethanol,solvent extraction,0.0,zea mays,,60.41263196044318,58.34776977046177,66.83975487669541,54.32,0.9473047396528704,0.7141765645620616,0.8423070511751959,0.7243393602225313,0.9409432387312188,0.8049822805920367,0.9441658308258106,0.37661660408844394,0.9919287503478987,0.5571023674558185,0.7832029408992365,0.7530463790946579,0.8379603794642857,0.3039977397937562,0.362020316027088,0.5886524822695036
lantana camara,leaf,aqueous,aqueous extraction,10.0825,zea mays,,59.82780231236798,55.9133519762739,61.84854857090968,12.44,0.9568174232309746,0.9155379592970757,0.9619936656109352,0.7396383866481223,0.8451585976627712,0.6774025432562018,0.8012370444667335,0.49144764288694204,0.6849429446145282,0.5501000333444481,0.5958148741634461,0.8551637863133023,0.8355887276785714,0.290295239440599,0.40420428893905197,0.5878181059657906
parthenium hysterophorus,leaves,aqueous,,0.0,sorghum bicolor,,93.0,55.152548742398835,70.55376079592342,,0.0,0.0,0.0,0.0,0.0,0.43673129038982705,0.0,0.5949103045473508,0.0,0.721407135711904,0.8048826468093129,0.18903766853542142,0.0,0.0,0.0,0.0
lantana camara,root,aqueous,aqueous extraction,99.1149,triticum aestivum,,11.566906325099884,7.553456303935216,9.501263816575232,22.82,0.975425567423231,0.8524692644300895,0.7342890481746959,0.8962447844228094,0.8510016694490818,0.6704190118824266,0.9747576061517887,0.40967876512307055,0.9866406902310048,0.4574858286095365,0.7565274766707513,0.6792846221563268,0.9559849330357143,0.30555163158638227,0.3419864559819413,0.6276595744680852
lantana camara,leaf,ethyl_acetate,solvent extraction,25.3569,sorghum bicolor,,43.21302248088341,33.00036964360627,45.644794193766515,31.47,0.7837116154873164,0.9843022851983051,0.8718119686614437,0.7949930458970793,0.6807178631051753,0.913174900979779,0.72584419926446,0.4047768043387568,0.8305037573058726,0.43706235411803934,0.552832500706947,0.9602001575313905,0.7774832589285715,0.36325752224890523,0.28964446952595935,0.5702962035878182
phaseolus vulgaris l.,leaf,aqueous,dilution of ground L. camara powder in distilled water,80.0,phaseolus vulgaris,Nasir,12.074357615667877,8.462921258926496,11.293542448816387,,0.0,0.0,0.0,0.0,0.0,0.0,0.0,0.4165623696287026,0.0,0.5488496165388462,0.5376567065698935,0.22851318167075943,0.0,0.17000988840231673,0.0,0.0
lantana camara,leaf,ethanol,solvent extraction,2.4773,zea mays,,63.371097666593045,56.03299847196794,75.46781988204788,60.79,0.975425567423231,0.6960477877335557,0.704784130688448,0.9780250347705145,0.9841402337228715,0.7191994996873047,0.7034436643263122,0.5006257822277848,0.8199276370720847,0.5746915638546182,0.6551984164388727,0.7292313394801465,0.7779017857142857,0.36551772849272496,0.34466704288939054,0.6804338756779308
lantana camara,stem,aqueous,aqueous extraction,0.0,zea mays,,71.21315570368282,69.33561339208373,80.57768825858048,17.37,0.7491655540720961,0.9611030075710217,0.791465244207368,0.8164116828929068,0.8046744574290484,0.8730456535334584,0.7193246405884319,0.36973299958281186,0.7581408293904816,0.5197565855285096,0.6444528230747478,0.6997173701524348,0.8867885044642856,0.39313462353439754,0.35214446952595935,0.6545682102628285
parthenium hysterophorus,leaf,aqueous,aqueous extraction,5.0587,zea mays,,62.09618497126096,51.477037874061715,67.86597336854959,21.06,0.0,0.0,0.0,0.0,0.0,0.3482384823848239,0.0,0.5824989570296204,0.0,0.7219073024341447,0.9013102083136959,0.208358430246027,0.0,0.0,0.0,0.0
avena sativa,seeds,aqueous,aqueous extraction,25.0,avena sativa,,78.0,41.389077934255255,50.441140466328285,,0.0,0.0,0.0,0.0,0.0,0.0,0.0,0.41489361702127664,0.0,0.41005335111703894,0.49043265152229243,0.2094240837696335,0.0,0.20497245373640346,0.0,0.0
lantana camara,leaf,aqueous,aqueous extraction,98.5128,oryza sativa,,9.278102214395176,6.804289254256026,8.775682885931,15.06,0.9205607476635514,0.9800652913801486,0.8871478579763294,0.8116828929068151,0.9173622704507512,0.9230769230769231,0.7945503176195252,0.3971631205673759,0.812134706373504,0.563187729243081,0.6124988217551136,0.7490617615716074,0.73974609375,0.36558835993784433,0.291196388261851,0.5588235294117647
eucalyptus globulus,leaf,aqueous,aqueous extraction,0.0,hordeum vulgare,,54.27689359606092,47.6461380241964,64.7648283214478,11.89,0.0,0.0,0.0,0.0,0.0,0.0,0.0,0.0,0.0,0.3480326775591864,0.9234612121783392,0.36366584812120656,0.0,0.8696849837547677,0.8628668171557562,0.7511472674176054
parthenium hysterophorus,leaf,methanol,solvent extraction,50.2488,oryza sativa,,22.57014786875924,16.373701328854892,19.557845956403604,53.19,0.0,0.0,0.0,0.0,0.0,0.4002501563477173,0.0,0.5785356695869838,0.0,0.9751583861287095,0.7902724102177396,0.19770189500996158,0.0,0.0,0.0,0.0
lantana camara,leaf,aqueous,aqueous extraction,5.0707,phaseolus vulgaris,,73.96069904350773,64.24393464396104,80.98050853777072,16.48,0.6698097463284378,0.7628672640133362,0.9173195532588766,0.9324061196105702,0.8747913188647747,0.9797790285595165,0.9704112337011033,0.3371923237380059,0.9323684942944614,0.49041347115705236,0.7362616646243755,0.8537738034564241,0.6699916294642857,0.2874699816358243,0.39249435665914223,0.7486441385064665
mesosphaerum suaveolens,seeds,chloroform,GC-MS,1.0,mesosphaerum suaveolens,,85.9959043807637,68.66812864485415,91.10059759166377,,0.0,0.0,0.0,0.0,0.0,0.0,0.0,0.4108260325406759,0.0,0.49041347115705236,0.48411725893109625,0.24639762776259092,0.0,0.21648537929086029,0.0,0.0
parthenium hysterophorus,leaf,methanol,methanol extraction,25.0,cucumber,,76.0,30.72019070229159,41.35417115001738,,0.0,0.0,0.0,0.0,0.0,0.39316239316239315,0.0,0.5144972882770129,0.0,0.7737579193064354,0.712036949759638,0.2098874113885929,0.0,0.0,0.0,0.0
acmella oleracea,aerial,ethanol,solvent extraction,50.5197,lactuca sativa,,19.700975819453923,15.83801425059245,17.83071065793571,37.05,0.0,0.0,0.0,0.0,0.0,0.8685636856368565,0.0,0.5599707968293701,0.0,0.5525175058352784,0.0,0.0,0.0,0.0,0.0,0.0
azadirachta indica,leaves,ethanol,leaf-dip,100.0,cabbage,,10.696647634647583,6.806781605911188,8.170843633478068,,0.0,0.0,0.0,0.0,0.0,0.0,0.0,0.39173967459324155,0.0,0.5714404801600533,0.4959939673861815,0.2467219570958625,0.0,0.22644441305269106,0.0,0.0
lantana camara,leaves,methanolic,sandwich method,0.0,wheat,Wafaq-2001,65.0,68.3205067099868,87.00504712586688,,0.943508010680908,0.9760366743071472,0.8659776629438241,0.8909596662030597,0.6853088480801336,0.9082760058369815,0.7987295218990303,0.36952440550688365,0.8558307820762594,0.5512670890296766,0.5958148741634461,0.7741741185192049,0.7854352678571428,0.3359937844328295,0.3055869074492099,0.5244055068836045
lantana camara,leaf,ethyl_acetate,solvent extraction,10.1526,sorghum bicolor,,61.467545063648515,47.45995904113651,66.52785038887079,26.73,0.7735730974632844,0.6944502326873654,0.7196199366561095,0.8066759388038942,0.9613939899833056,0.7495309568480301,0.9558676028084252,0.38339591155611186,0.7381018647369886,0.4619873291097032,0.581487416344613,0.7260807116712228,0.68701171875,0.38932052549795165,0.3370485327313769,0.5882352941176471
eucalyptus globulus,leaf,aqueous,aqueous extraction,0.98,triticum aestivum,,60.7740524041869,54.19617380810449,63.23507364979857,13.72,0.0,0.0,0.0,0.0,0.0,0.0,0.0,0.0,0.0,0.43197732577525844,0.8896220190404375,0.34443775193439286,0.0,0.9614352309648256,0.740265237020316,0.7407175636211932
lantana camara,leaf,aqueous,aqueous extraction,9.8676,zea mays,,54.50796052932127,47.009152093127696,56.32300846194992,17.43,0.6712283044058746,0.7263318746961173,0.9681613602267045,0.850904033379694,0.7178631051752922,0.8693975401292474,0.8172851889000334,0.4076971214017522,0.6919009184525466,0.5607702567522508,0.7635969459892545,0.6855395450122782,0.8643973214285714,0.28556293261760135,0.30403498871331824,0.713183145598665
parthenium hysterophorus,leaf,methanol,solvent extraction,9.6433,oryza sativa,,60.07319203230535,50.25956255805657,60.48628710583653,75.18,0.0,0.0,0.0,0.0,0.0,0.4924953095684803,0.0,0.5011472674176054,0.0,1.0,0.727589782260345,0.18718435805958394,0.0,0.0,0.0,0.0
lantana camara,leaf,aqueous,aqueous extraction,2.5596,oryza sativa,,63.47667938204374,56.87858411601787,63.37492864800114,19.64,0.6813251001335113,0.7001458637216087,0.8851475245874312,1.0,0.6729966611018364,0.8731498853450074,0.8955198930123704,0.45838548185231537,0.840523239632619,0.5209236412137379,0.6323875954378357,0.8982995876384192,0.6780133928571429,0.31960728916513637,0.28654063205417607,0.6166040884438883
lantana camara,leaf,aqueous,aqueous extraction,5.0454,oryza sativa,,53.610838580084405,48.80233502447127,63.29966280632938,15.26,0.6931742323097464,0.7316802111551018,0.668111351891982,0.8161335187760779,0.779424040066778,0.8995205336668752,0.9558676028084252,0.3541927409261577,0.9771778458112997,0.4053017672557519,0.7485154114431143,0.8532178103136728,0.9211077008928571,0.39935019070490185,0.3696388261851016,0.6370463078848561
parthenium hysterophorus,whole plant,aqueous,aqueous extraction,23.8596,triticum aestivum,,36.03992870948869,29.840617565935293,41.96224635381617,16.41,0.0,0.0,0.0,0.0,0.0,0.4025432562017928,0.0,0.6560283687943264,0.0,0.8750416805601867,0.7468187388066736,0.2288838437659269,0.0,0.0,0.0,0.0
parthenium hysterophorus,whole plant,aqueous,aqueous extraction,0.9807,triticum aestivum,,58.31473855616437,53.74839771718995,71.64465920528123,13.77,0.0,0.0,0.0,0.0,0.0,0.438503231186158,0.0,0.6673967459324156,0.0,0.6736412137379125,0.650768215665944,0.2720196450910439,0.0,0.0,0.0,0.0
parthenium hysterophorus,whole plant,aqueous,aqueous extraction,5.0559,triticum aestivum,,56.1274284428734,51.59132981614882,62.42422234671132,18.51,0.0,0.0,0.0,0.0,0.0,0.3802376485303315,0.0,0.6077388402169379,0.0,0.8106035345115038,0.7209916108964087,0.24889959690497152,0.0,0.0,0.0,0.0
ageratina adenophora,leaf,aqueous,dry,0.0,rice,Arize 6444,19.0,72.42230193593666,91.07758338816569,,0.0,0.0,0.0,0.0,0.0,0.0,0.0,0.559136420525657,0.0,0.47582527509169725,0.0,0.28494648566001024,0.2261439732142857,0.0,0.0,0.0
lantana camara,leaf,aqueous,aqueous extraction,100.878,oryza sativa,,7.889191160996924,5.189382043310036,6.606272205367655,11.51,0.9164302403204272,0.7806487462665833,0.9336556092682115,0.952433936022253,0.7191151919866444,0.8000833854492392,0.8264794383149447,0.4308510638297873,0.835235179515725,0.49458152717572523,0.7437081723065322,0.6905898160589353,0.8620954241071428,0.3485661816640768,0.3452313769751693,0.6543596161869003
parthenium hysterophorus,leaf,methanol,solvent extraction,25.1014,oryza sativa,,40.077136648000234,34.51705652594527,42.43428998220553,39.37,0.0,0.0,0.0,0.0,0.0,0.4751928288513655,0.0,0.7477054651647893,0.0,0.991830610203401,0.6151380903006881,0.2714173191863967,0.0,0.0,0.0,0.0
lantana camara,leaf,aqueous,aqueous extraction,99.8924,zea mays,,9.661031463600848,6.215307714980116,8.098137374205168,12.5,0.8865987983978638,0.6781968465652566,0.9234872478746459,0.9343532684283726,0.8689482470784641,0.7699603919116115,0.9792711467736542,0.3494993742177722,1.0,0.5541847282427476,0.5524554623432935,0.948848630866886,0.9694475446428571,0.3439045062861986,0.3958803611738149,0.6925323320817689
parthenium hysterophorus,whole plant,aqueous,aqueous extraction,101.614,triticum aestivum,,6.883074250082493,4.620918724989321,6.833269493485645,20.94,0.0,0.0,0.0,0.0,0.0,0.45121951219512196,0.0,0.6839799749687109,0.0,0.9866622207402468,0.7566217362616645,0.2072464439605245,0.0,0.0,0.0,0.0
lantana camara,leaf,aqueous,aqueous extraction,2.5114,triticum aestivum,,84.67581849497466,72.93946437652471,79.79636685343287,13.56,0.8651952603471295,0.9188719872195595,0.7864644107351225,0.6712100139082058,0.8664440734557597,0.6828225974567439,0.9236041457706453,0.4984355444305382,0.6829947119398831,0.5497665888629543,0.5467998868884909,0.8986702497335867,0.9534737723214286,0.31607571690916797,0.28343679458239274,0.5383813099707969
lantana camara,leaf,ethyl_acetate,solvent extraction,10.0471,sorghum bicolor,,55.94216782800627,53.10783739158637,62.31683240059059,24.74,0.7876752336448599,0.8704591234284921,0.7656276046007668,0.7830319888734353,0.9317612687813022,0.7473420888055035,0.8090939485122032,0.369002920317063,0.7108266072919566,0.476158719573191,0.6798001696672636,0.6862808692026132,0.7408621651785714,0.4108631162593587,0.37796275395033857,0.723404255319149
lantana camara,leaf,aqueous,aqueous extraction,9.9691,zea mays,,57.423330435873574,49.73944498197022,64.97306372373387,16.83,0.8873497997329773,0.9433909842328263,0.6749458243040508,0.7410292072322671,0.9054674457429049,0.9939545549301647,0.9640588431962555,0.38402169378389656,0.9251322015029223,0.4674891630543514,0.687906494485814,0.8047537413705231,0.9628208705357143,0.3226444413052691,0.3362020316027088,0.697747183979975
parthenium hysterophorus,whole plant,aqueous,aqueous extraction,2.4485,triticum aestivum,,62.515687045989516,58.508603853995325,66.09939357644289,10.45,0.0,0.0,0.0,0.0,0.0,0.427663122785074,0.0,0.5350438047559449,0.0,0.9330610203401133,0.774531058535206,0.1910299772969467,0.0,0.0,0.0,0.0
chromolaena odorata,leaf,aqueous,aqueous extraction,0.0,zea mays,,70.33658535622412,59.763458576736255,73.77357457330356,16.72,0.0,0.0,0.0,0.0,0.0,0.6282051282051283,0.0,0.9411764705882353,0.0,0.41255418472824273,0.0,0.3095955149886485,0.0,0.32384517587229833,0.0,0.0
azadirachta indica,leaves,hexane,solvent extraction,10.0,cabbage,,0.0,0.0,0.0,0.0,0.0,0.0,0.0,0.0,0.0,0.0,0.0,0.4046725073007927,0.0,0.5922807602534178,0.44697898011122633,0.26057545290274753,0.0,0.212388755473937,0.0,0.0
eucalyptus globulus,leaf,aqueous,aqueous extraction,4.8119,hordeum vulgare,,52.18994518527926,44.709704375280616,58.76789366754764,12.14,0.0,0.0,0.0,0.0,0.0,0.0,0.0,0.0,0.0,0.3560353451150383,0.9924592327269299,0.4082379650650976,0.0,0.806469840372934,0.9554176072234764,0.8151856487275762
lantana camara,leaf,ethanol,solvent extraction,97.5624,zea mays,,8.217731136257665,5.886782342632671,7.826206309396953,31.74,0.7373164218958612,0.7328610127109815,0.8579763293882314,0.8339360222531293,0.8616444073455759,0.6779237023139462,0.691073219658977,0.40102211097204843,0.6946841079877539,0.4527342447482494,0.788104439626732,0.7631005884260761,0.7280970982142857,0.3904506286198616,0.4118227990970655,0.624947851481018
lantana camara,leaf,aqueous,aqueous extraction,24.5931,zea mays,,43.6620348449005,35.810302350176364,42.129684789390204,10.8,0.8813417890520694,0.7339723553518094,0.9628271378563094,0.9385257301808066,0.784432387312187,0.9038982697519284,0.8811434302908726,0.4578639966624948,0.8455329807959922,0.4954151383794598,0.6465265340748421,0.9271648982995877,0.7518833705357143,0.31508687667749685,0.41746613995485327,0.5075093867334167
lantana camara,leaf,aqueous,aqueous extraction,9.4867,oryza sativa,,52.7733977912859,46.5933591736936,58.586595517550045,13.14,0.7580524032042724,0.8315621309995137,0.7326221036839473,0.9549374130737134,0.9426126878130218,0.8892015843235357,0.7860247408893346,0.4817480183562787,0.9415530197606458,0.4987495831943981,0.7318314638514469,0.9185470045869435,0.6802455357142857,0.30286763667184635,0.3150395033860045,0.6543596161869003
lantana camara,stem,aqueous,aqueous extraction,5.0362,zea mays,,79.13695426081671,64.24737900544504,75.67599262453395,20.34,0.7682743658210949,0.75189275543516,0.903817302883814,0.8867872044506259,0.8184474123539233,0.8808630393996248,0.8946840521564694,0.3890279516061744,0.8839409963818536,0.43747915971990664,0.7753793948534264,0.7239030718621138,0.98876953125,0.31014267551914115,0.3895316027088036,0.7407175636211932
parthenium hysterophorus,leaf,aqueous,aqueous extraction,0.0,zea mays,,62.40173990077988,52.882513482618826,72.02846399866768,17.62,0.0,0.0,0.0,0.0,0.0,0.4763393787784032,0.0,0.547976637463496,0.0,0.8140213404468156,0.6669808653030446,0.23268313024139373,0.0,0.0,0.0,0.0
lantana camara,root,aqueous,aqueous extraction,2.5543,triticum aestivum,,88.34445116626226,75.81160000375802,98.32272889309348,13.46,0.9878588117489987,0.8651107869695075,0.8806467744624105,0.9045897079276772,0.9029632721202003,0.7800708776318532,0.7449013707790038,0.36524822695035464,0.9229056498747564,0.5905301767255752,0.564897728343859,0.6815085947273317,0.6962193080357143,0.38084475208362767,0.34946388261851014,0.5185648727576138
lantana camara,seed,aqueous,filter paper,10.0,chenopodium album,C. album,58.0,91.6,0.0,0.0,0.7326852469959947,0.8563589636729875,0.9709951658609769,0.847009735744089,0.8768781302170284,0.979362101313321,0.9953192912069542,0.3731748018356279,0.6843863067074868,0.4308936312104034,0.54453765670657,0.7197331232914795,0.7385602678571428,0.42032772990535383,0.35496613995485327,0.5552774301209846
ageratina adenophora,leaf,aqueous,aqueous extraction,0.0,oryza sativa,,48.57226737932842,45.663745959985576,56.04181715951059,8.83,0.0,0.0,0.0,0.0,0.0,0.0,0.0,0.5612223612849396,0.0,0.4740746915638546,0.0,0.2707686605198536,0.2696010044642857,0.0,0.0,0.0
lantana camara,leaf,aqueous,aqueous extraction,9.7058,zea mays,,58.28004243275618,53.873804719688096,69.08142344756132,24.98,0.7861315086782376,0.7831492672084462,0.9058176362727122,0.82336578581363,0.7883973288814692,0.7977902855951636,0.7355399531929121,0.44722569879015445,0.7286390203172836,0.5351783927975992,0.5974172872089735,0.8442292545058612,0.99658203125,0.30887130950699254,0.28654063205417607,0.576136837713809
parthenium hysterophorus,whole plant,aqueous,aqueous extraction,0.0,triticum aestivum,,51.913551424939286,49.850566878016075,62.4571469146253,3.4,0.0,0.0,0.0,0.0,0.0,0.3856577027308735,0.0,0.5523571130579892,0.0,0.7580860286762253,0.6079743613912716,0.2018255108186999,0.0,0.0,0.0,0.0
lantana camara,leaf,methanol,solvent extraction,0.0,lactuca sativa,,57.58819359417987,50.056305558159664,62.52546020067019,61.65,0.8750000000000001,0.8194068208654581,0.673612268711452,0.7507649513212795,0.7074290484140234,0.8055034396497811,0.7101303911735206,0.40227367542761794,0.8538825494016142,0.5863621207069023,0.5373739277971533,0.8199508872723903,0.8083844866071429,0.3567594292979235,0.29683972911963885,0.5801001251564456
eucalyptus globulus,leaf,aqueous,aqueous extraction,50.866,hordeum vulgare,,18.436529209647738,13.975783181866895,17.13881973292517,21.0,0.0,0.0,0.0,0.0,0.0,0.0,0.0,0.0,0.0,0.380376792264088,0.9146008106324818,0.4135198999212344,0.0,0.7328012431134341,0.8757054176072234,0.707133917396746
lantana camara,leaf,aqueous,aqueous extraction,0.0,oryza sativa,,75.56250216454147,60.22942840603243,83.12940136967065,14.05,0.9595710947930574,0.7220948808779607,0.9399899983330556,0.678442280945758,0.7990400667779634,0.7521367521367522,0.8395185556670011,0.4920734251147268,0.79543556916226,0.5753584528176059,0.7882929588085588,0.8615577074549414,0.7651367187499999,0.3869190563638932,0.376834085778781,0.5604922820191907
ageratina adenophora,leaf,aqueous,aqueous extraction,10.2375,oryza sativa,,45.070975284043456,37.48657268981071,49.22645517667721,12.36,0.0,0.0,0.0,0.0,0.0,0.0,0.0,0.5014601585314977,0.0,0.47132377459153046,0.0,0.28207385442246213,0.2744838169642857,0.0,0.0,0.0
lantana camara,leaf,aqueous,aqueous extraction,49.6715,oryza sativa,,20.265062326128337,14.162321245216983,18.374165918355047,21.5,0.9110063417890522,0.9331110648051677,0.8883147191198533,0.9502086230876217,0.9993739565943238,0.9060871377944549,0.9227683049147442,0.4297037964121819,0.9563039242972446,0.4584028009336445,0.7605806390800265,0.8101746745123478,0.8251255580357143,0.3121203559824834,0.31010158013544015,0.7067167292448895
parthenium hysterophorus,leaf,aqueous,aqueous extraction,0.0,zea mays,,58.292622297569174,57.95775084874569,77.18439743681061,15.86,0.0,0.0,0.0,0.0,0.0,0.47967479674796754,0.0,0.5632040050062579,0.0,0.6969823274424809,0.8194928834008861,0.21401102719733123,0.0,0.0,0.0,0.0
lantana camara,leaf,aqueous,aqueous extraction,50.5827,oryza sativa,,21.61884674297787,15.462943759298831,18.65480833213956,23.72,0.7991071428571428,0.7488365631728833,0.8306384397399567,0.9365785813630041,0.9666110183639399,0.7986241400875548,0.8577398863256436,0.3514810179390906,0.7433899248538826,0.5683561187062354,0.6324818550287492,0.8073483760366956,0.9421735491071428,0.38769600226020623,0.41295146726862303,0.6138923654568211
lantana camara,leaf,aqueous,aqueous extraction,24.6172,phaseolus vulgaris,,50.38090166491275,40.00294156217788,47.835999617726856,11.74,0.9876919225634179,0.9026186010974507,0.9961660276712786,0.991933240611961,0.9745409015025042,0.9066082968521993,0.8582413908391843,0.4165623696287026,0.9384915112719175,0.536428809603201,0.6012819304364219,0.9521382569614976,0.8082449776785714,0.3631162593586665,0.373165914221219,0.500834376303713
lantana camara,leaf,aqueous,aqueous extraction,49.9015,zea mays,,20.702671506659385,15.484814846131833,17.79393977903893,7.76,0.8056992656875834,0.7257067444606515,0.9416569428238041,0.97663421418637,0.7349749582637729,0.825515947467167,0.8704446673353393,0.37473925740508973,0.6821597550793209,0.44489829943314435,0.6479404279385427,0.8708242598341288,0.9296874999999999,0.39701935301596275,0.29669864559819414,0.6787651230705048
lantana camara,leaf,ethyl_acetate,solvent extraction,0.0,sorghum bicolor,,63.8112468643963,59.896927170197394,79.9611297494486,25.22,0.9358728304405874,0.7762033757032716,0.9354892482080347,0.6965229485396384,0.6825959933222037,0.9722743381279967,0.9363089267803409,0.398936170212766,0.8296688004453103,0.5560186728909636,0.6050523140729569,0.6917944678682296,0.9260602678571428,0.3944059895465461,0.3840293453724605,0.6011681268251983
lantana camara,leaves,aqueous,aqueous extraction,66.7,brassica chinensis,,18.92280381243325,12.96041791398907,17.666367079648975,,0.7371078104138853,0.9173438910884212,0.7064510751791967,0.6962447844228095,0.726627712854758,0.9179695643110278,0.837178201270478,0.45890696704213607,0.8232674645143335,0.47374124708236076,0.585729097935715,0.9404624009637215,0.70068359375,0.33825399067664924,0.3184255079006772,0.6852315394242804
lantana camara,leaf,aqueous,aqueous extraction,99.5237,triticum aestivum,,9.161283280697099,6.53554196245477,7.851448683018519,17.36,0.9848130841121495,0.9432520664027227,0.7591265210868479,0.6853963838664812,0.9818447412353923,0.8512612049197416,0.7393848211300568,0.4704839382561536,0.8344002226551629,0.4068856285428476,0.7080780469412762,0.8013251169902239,0.6867327008928572,0.4129820596129397,0.3558126410835214,0.721735502711723
lantana camara,leaf,aqueous,aqueous extraction,5.0835,zea mays,,66.63674659159553,61.85674301671021,67.76693779800398,11.8,0.7756592122830441,0.8267694658609432,0.9928321386897817,0.8261474269819193,0.7113939899833055,0.7160725453408381,0.7811768639251087,0.4985398414685024,0.6732535485666574,0.49066355451817273,0.7502120840795551,0.9771579483853033,0.9981166294642857,0.28852945331261476,0.35933972911963885,0.6120150187734669
lantana camara,leaf,aqueous,aqueous extraction,0.0,oryza sativa,,76.21648953648236,66.40278076394003,87.28258463058721,18.65,0.9919893190921228,0.7492533166631937,0.7499583263877313,0.7140472878998609,0.9551335559265443,0.9037940379403794,0.8253092611166833,0.4826866916979558,0.7447815196214863,0.43422807602534175,0.6975209727589783,0.9576518556271141,0.9002511160714286,0.3577482695295946,0.39672686230248305,0.5976220275344181
chromolaena odorata,leaf,aqueous,aqueous extraction,51.8374,zea mays,,22.795360039867457,18.590231869167624,21.254564510420597,23.77,0.0,0.0,0.0,0.0,0.0,0.606733375026058,0.0,0.7660617438464749,0.0,0.4933311103701234,0.0,0.3522216559329102,0.0,0.33274473795733867,0.0,0.0
lantana camara,root,aqueous,aqueous extraction,10.2728,triticum aestivum,,76.23357398846494,60.60491159131604,72.67952033135884,1.0,0.7530040053404539,1.0,0.9063177196199368,0.6834492350486786,0.6884390651085142,0.9193245778611633,0.8348378468739551,0.4137463496036713,0.6768716949624269,0.5886962320773591,0.6121217833914601,0.9075198072557106,0.8634905133928571,0.3519564910298065,0.41845372460496616,0.622444722569879
lantana camara,leaf,aqueous,aqueous extraction,0.9955,triticum aestivum,,74.26228375614325,65.76287667433819,77.06617424113801,15.45,0.7893858477970628,0.716816003334028,0.9574929154859143,0.8687065368567455,0.7124373956594324,0.7893475088597041,0.8430290872617854,0.41093032957864,0.7770665182298914,0.46123707902634214,0.594023941936092,0.9628874577213549,0.8923688616071428,0.37929086029100156,0.34128103837471785,0.5665415102211098
lantana camara,leaf,aqueous,aqueous extraction,50.2344,oryza sativa,,25.02192633637871,17.351585803297183,22.50078868784683,14.24,0.685580774365821,0.985483086754185,0.9938323053842307,0.9143254520166898,0.8230383973288815,0.7613091515530541,0.8681043129388164,0.4062369628702545,0.9763428889507375,0.45773591197065683,0.7071354510321425,0.9584858453412409,0.90185546875,0.28817629608701795,0.36103273137697517,0.507717980809345
ageratina adenophora,leaf,aqueous,aqueous extraction,102.944,oryza sativa,,6.255724493764826,4.4017147474049345,5.423208247147528,17.22,0.0,0.0,0.0,0.0,0.0,0.0,0.0,0.4451397580308719,0.0,0.49116372124041346,0.0,0.23013482833711718,0.27825055803571425,0.0,0.0,0.0
parthenium hysterophorus,leaf,aqueous,aqueous extraction,2.4805,zea mays,,73.74395521706712,59.33513080564316,81.0601071285395,9.48,0.0,0.0,0.0,0.0,0.0,0.3799249530956848,0.0,0.5661243220692532,0.0,0.8217739246415472,0.7069469318503158,0.27132465366260483,0.0,0.0,0.0,0.0
chromolaena odorata,leaf,aqueous,aqueous extraction,4.8658,oryza sativa,,70.7699750804591,61.78833570025066,79.37678157962803,16.39,0.0,0.0,0.0,0.0,0.0,0.5222013758599124,0.0,0.8850646641635379,0.0,0.40696898966322104,0.0,0.2898577584209795,0.0,0.2917078683429863,0.0,0.0
lantana camara,leaf,aqueous,aqueous extraction,0.9686,oryza sativa,,74.92844251162641,62.88057429435145,81.32981594777604,22.56,0.9294893190921227,0.7123706327707161,0.797966327721287,0.9655076495132128,0.6686143572621036,0.8379195330414843,0.938649281176864,0.392991239048811,0.8048984135819649,0.43372790930310107,0.7233481006692432,0.7427141731918641,0.8380998883928572,0.4225173047040543,0.3606094808126411,0.5037546933667084
acmella oleracea,aerial,ethanol,solvent extraction,2.4204,lactuca sativa,,62.60056289370737,58.82654622246915,77.50390450288626,73.09,0.0,0.0,0.0,0.0,0.0,0.6435272045028143,0.0,0.5853149770546517,0.0,0.5608536178726242,0.0,0.0,0.0,0.0,0.0,0.0
lantana camara,leaf,aqueous,aqueous extraction,1.0014,zea mays,,68.69749638169543,63.42257310196948,78.45213900964596,23.01,0.6721461949265687,0.7496006112384525,0.8189698283047175,0.7991655076495132,0.938230383973289,0.760371065249114,0.6793714476763624,0.4362745098039216,0.7926523796270526,0.5304268089363121,0.5565086247525686,0.7627762590928047,0.7164481026785715,0.34482271507275036,0.3558126410835214,0.6042970379641218
lantana camara,stem,aqueous,aqueous extraction,0.9974,zea mays,,72.64252468575218,74.33956195802111,86.11640448854989,12.33,0.8707443257676903,0.7559213725081614,0.7407901316886149,0.705702364394993,0.8879382303839733,0.9391286220554513,0.9105650284185891,0.47882770129328334,0.9707765098803228,0.4676558852950984,0.6891318691676878,0.7278876893851643,0.9146205357142857,0.3458821867495409,0.41817155756207675,0.5047976637463496
lantana camara,leaves,methanol,solvent extraction,2.0,saccharum,,86.67943069442987,71.99548275055352,92.47964792299354,,0.7965203604806409,0.7873862610266028,0.7972995499249876,0.6976356050069541,0.6936560934891486,0.8483427141963727,0.9692410565028419,0.49593241551939926,0.9034233231283051,0.4967489163054351,0.6483174663021962,0.9481536394384469,0.9854910714285714,0.3004661675377878,0.3591986455981941,0.6998331247392574
chromolaena odorata,leaf,aqueous,aqueous extraction,9.7984,oryza sativa,,69.45098895443469,58.0595913175744,65.50279594174269,5.21,0.0,0.0,0.0,0.0,0.0,0.5182405670210549,0.0,0.7917188151856488,0.0,0.37012337445815274,0.0,0.38794421535467727,0.0,0.2787823138861421,0.0,0.0
parthenium hysterophorus,leaf,methanol,solvent extraction,5.125,oryza sativa,,65.71797937745775,58.14462864927601,72.31945688688222,59.09,0.0,0.0,0.0,0.0,0.0,0.3520950594121326,0.0,0.5516270337922403,0.0,0.8226075358452818,0.7150532566688661,0.19645091043877128,0.0,0.0,0.0,0.0
eucalyptus globulus,leaf,aqueous,aqueous extraction,2.4629,triticum aestivum,,65.58772158184638,55.683606812432615,68.50176683230237,14.47,0.0,0.0,0.0,0.0,0.0,0.0,0.0,0.0,0.0,0.42672557519173054,0.7824488641719295,0.39419913821062874,0.0,0.9108631162593588,0.9836343115124154,0.7659574468085107
lantana camara,root,aqueous,aqueous extraction,9.8913,triticum aestivum,,82.3358189421689,64.77450791161736,77.02784867987899,17.33,0.69609479305741,0.77057720358408,0.6709451575262545,0.8125173852573017,0.9040066777963273,0.8491765686887639,0.8747910397860247,0.3824572382144347,0.68939604787086,0.5476825608536179,0.5547176925252144,0.6757169994903397,0.8703962053571428,0.2926260771295381,0.41436230248306993,0.7342511472674177
lantana camara,leaf,aqueous,aqueous extraction,50.5484,phaseolus vulgaris,,25.3553106664674,17.10361943510947,22.97003145192862,16.31,0.7038134178905207,0.7179968048899076,0.94599099849975,0.8292072322670375,0.6840567612687813,0.8408380237648531,0.9588766298896689,0.3520025031289112,0.7951572502087393,0.5013337779259753,0.642002073711,0.9191956632534866,0.8736746651785714,0.3068229975985309,0.39009593679458243,0.6366291197329996
lantana camara,leaf,aqueous,aqueous extraction,10.407,phaseolus vulgaris,,66.03724147359057,56.230219166683995,68.6943289267863,9.84,0.978679906542056,0.8549697853719525,0.814135689281547,0.9029207232267037,0.9476210350584309,0.8512612049197416,0.8055834169174189,0.4259491030454735,0.8124130253270248,0.5655218406135378,0.7677443679894429,0.7676875318537738,0.7735770089285714,0.41912699533832465,0.3452313769751693,0.6105548602419691
parthenium hysterophorus,leaf,aqueous,aqueous extraction,99.1292,zea mays,,8.183622819417042,6.065909710464568,7.84043828765374,12.71,0.0,0.0,0.0,0.0,0.0,0.33739837398373984,0.0,0.5818731748018356,0.0,0.8997165721907302,0.670091431803186,0.19955520548579905,0.0,0.0,0.0,0.0
lantana camara,leaf,aqueous,aqueous extraction,4.8867,zea mays,,57.07880886989034,54.02122010284679,66.35787437103804,18.45,0.850216955941255,0.8537889838160727,0.8353058843140524,0.8801112656467316,0.8040484140233723,0.9958307275380447,0.9979939819458374,0.48498122653316655,0.9345950459226273,0.45398466155385125,0.6124988217551136,0.7352082657647223,0.8466099330357143,0.4001977680463343,0.3442437923250564,0.5765540258656654
eucalyptus globulus,leaf,aqueous,aqueous extraction,99.1711,triticum aestivum,,8.02705995521108,5.4155090962662955,6.883506792340741,18.35,0.0,0.0,0.0,0.0,0.0,0.0,0.0,0.0,0.0,0.41255418472824273,0.7652936186256951,0.3533336422184127,0.0,0.8104252012996186,0.8563769751693002,0.6787651230705048
lantana camara,leaf,ethanol,solvent extraction,1.0077,zea mays,,65.36019812410808,58.40721568555701,70.76297309926568,49.46,0.7538384512683579,0.8878238521914288,0.7062843807301218,0.980250347705146,0.9666110183639399,0.9075463831561393,0.6883985289200937,0.43356278681685445,0.9404397439465628,0.41363787929309764,0.6630219624846828,0.8620673678357968,0.7578822544642857,0.4138296369543721,0.36173814898419865,0.5294117647058824
parthenium hysterophorus,leaf,aqueous,aqueous extraction,0.9933,zea mays,,65.37435990690237,60.2963198149842,66.79356945024442,15.82,0.0,0.0,0.0,0.0,0.0,0.408692933083177,0.0,0.6287025448477264,0.0,0.7336612204068023,0.6288999905740409,0.25496918871333923,0.0,0.0,0.0,0.0
dalbergia sissoo,leaf,aqueous,leachate,0.0,unknown,,85.0,14.0,23.0,,0.0,0.0,0.0,0.0,0.0,0.0,0.0,0.43710888610763454,0.0,0.42164054684894964,0.39881232915449144,0.196636241486355,0.0,0.24177143664359374,0.0,0.0
lantana camara,leaves,ethanol,soxhlet extraction,10.5,lantana camara,var. camara,66.08880349560337,61.5309094751003,74.60830333749969,15.2,0.9951184913217623,0.8231576022782524,0.9658276379396566,0.8264255910987482,0.6880217028380635,0.8077965395038567,0.691073219658977,0.4327284105131415,0.7442248817144448,0.527675891963988,0.5412385710246017,0.8367233470787194,0.8158482142857143,0.42308235626500923,0.3496049661399549,0.622444722569879
lantana camara,Leaf,"aqueous, methanol, ethyl acetate, chloroform","Standard extraction method (Harborne, 1998; Nath et al., 2013)",8.0,sugarcane,,68.82180262233855,60.32012187405365,76.71400332966768,,0.6990153538050735,0.9559630478571924,0.902817136189365,0.944645340751043,0.9935308848080134,0.688138419845737,0.9926446004680708,0.3855861493533584,0.7311438908989701,0.457402467489163,0.7823546045810161,0.8456192373627394,0.9762834821428572,0.3626924706879503,0.3449492099322799,0.600125156445557
chromolaena odorata,leaf,aqueous,aqueous extraction,1.0076,zea mays,,78.12933233414222,68.80174192078543,80.97977457601229,8.78,0.0,0.0,0.0,0.0,0.0,0.5766103814884304,0.0,0.7996453900709221,0.0,0.419889963321107,0.0,0.3451327433628319,0.0,0.287611244526063,0.0,0.0
lantana camara,stem,aqueous,aqueous extraction,9.9337,zea mays,,73.17982874039144,60.96541594487879,74.28316822187406,16.74,0.8483811748998664,0.7098006529138015,0.8964827471245208,0.9827538247566063,0.8103088480801336,0.7211799041067334,0.779839518555667,0.3890279516061744,0.8196493181185638,0.4382294098032677,0.5787538882081251,0.8781911689755827,0.7230747767857143,0.37766633705325614,0.32068284424379234,0.568418856904464
lantana camara,leaf,aqueous,aqueous extraction,0.0,zea mays,,58.47864598876157,53.84972302023652,72.46022545140222,13.42,0.9825600801068091,0.8008612905466416,0.741623603933989,0.9502086230876217,0.8011268781302171,0.9697727746508236,0.9369775994650619,0.3781810596579057,0.7595324241580852,0.4510670223407802,0.5634838344801584,0.7340962794792197,0.7317243303571429,0.34807176154824127,0.3944695259593679,0.5730079265748853
lantana camara,leaf,aqueous,aqueous extraction,0.0,triticum aestivum,,72.08878518388379,66.57268209522137,77.39742785092538,11.52,0.9977052736982643,0.7168854622490797,0.9436572762127021,0.6848400556328234,0.827212020033389,0.7453616843860746,0.8520561685055166,0.40488110137672095,0.9337600890620651,0.4979159719906635,0.6600056555754548,0.9459296668674421,0.6994280133928571,0.2859160898431982,0.4026523702031603,0.5148101793909053
lantana camara,leaf,ethyl_acetate,solvent extraction,50.0321,sorghum bicolor,,23.254232997940125,16.339335644157604,21.57372299274389,30.73,0.8591455273698264,0.8949781204417586,0.6871145190865144,0.7187760778859527,0.7783806343906511,0.7669376693766938,0.6845536609829488,0.33792240300375476,0.8115780684664625,0.5768589529843281,0.5922330097087379,0.8674419682157255,0.7005440848214285,0.35916089843198196,0.3419864559819413,0.6887776387150606
ageratina adenophora,leaf,aqueous,aqueous extraction,9.9997,oryza sativa,,47.01063161051852,37.572573025562804,50.259341015547356,18.39,0.0,0.0,0.0,0.0,0.0,0.0,0.0,0.5646641635377555,0.0,0.6913971323774591,0.0,0.3331325580317843,0.25613839285714285,0.0,0.0,0.0
tagetes erecta,root,aqueous,root extract preparation,10.0,rhus typhina,,74.08178490490843,60.69421623719904,84.06360460177012,,0.0,0.0,0.0,0.0,0.0,0.0,0.0,0.35951188986232796,0.0,0.4223074358119373,0.5572627014798756,0.20363248853264143,0.0,0.19423647407825964,0.0,0.0
chromolaena odorata,leaf,aqueous,aqueous extraction,51.2449,oryza sativa,,24.179704667188552,15.848146804492313,20.713283895222514,10.83,0.0,0.0,0.0,0.0,0.0,0.6794871794871795,0.0,0.727680433875678,0.0,0.39296432144048016,0.0,0.2907380808970023,0.0,0.3222912840796723,0.0,0.0
acmella oleracea,aerial,ethanol,solvent extraction,10.1306,lactuca sativa,,54.502184390561744,46.22865638207145,59.586333301133905,52.95,0.0,0.0,0.0,0.0,0.0,0.6427975818219721,0.0,0.5630997079682938,0.0,0.6532177392464155,0.0,0.0,0.0,0.0,0.0,0.0
lantana camara,leaf,methanol,solvent extraction,49.7151,lactuca sativa,,18.929767836510866,14.534521931509564,18.37359078674593,54.17,0.760555740987984,0.9031742724178649,0.9828304717452909,0.6981919332406119,0.7767111853088481,0.6935584740462789,0.9197592778335004,0.382665832290363,0.9649318118563874,0.5526008669556518,0.7121312093505514,0.915952369920771,0.6979631696428571,0.3919338889673683,0.29782731376975174,0.6483103879849813
lantana camara,leaf,none,dry powder preparation,0.0,triticum turgidum,,96.6,72.92292104432262,87.78426847737671,,0.6945093457943926,0.8840730707786344,0.9573262210368396,0.8792767732962448,0.8109348914858098,0.7818428184281844,0.7011033099297893,0.4918648310387986,0.8032284998608406,0.5620206735578526,0.7849938731265905,0.8212018718435806,0.8445172991071428,0.3128266704336771,0.30869074492099324,0.5356695869837297
acmella oleracea,aerial,ethanol,solvent extraction,4.9413,lactuca sativa,,63.90679419020786,53.162875420063784,65.15693851851918,49.33,0.0,0.0,0.0,0.0,0.0,0.7629768605378362,0.0,0.5727993324989571,0.0,0.5617705901967323,0.0,0.0,0.0,0.0,0.0,0.0
lantana camara,stem,aqueous,aqueous extraction,2.4465,zea mays,,79.30331925793595,74.25380527526066,90.01320996253071,16.64,0.8229305740987984,0.6826422171285684,0.6946157692948824,0.7977746870653685,0.7537562604340569,0.8494892641234105,0.9759277833500501,0.47976637463496036,0.9738380183690509,0.570273424474825,0.7824488641719295,0.9277208914423389,0.9244559151785714,0.327235485238028,0.3462189616252822,0.5519399249061326
chromolaena odorata,leaf,aqueous,aqueous extraction,0.0,oryza sativa,,71.1901938844791,68.7783130145048,80.5164865979542,12.55,0.0,0.0,0.0,0.0,0.0,0.5792161767771524,0.0,0.7996453900709221,0.0,0.35503501167055684,0.0,0.29500069499142845,0.0,0.30456279135471115,0.0,0.0
lantana camara,leaves,hexane,saponification with aqueous potassium hydroxide,0.013,unknown,,75.31737530121246,73.27088025586794,92.42772574838237,,0.6791972630173565,0.8842814475237897,0.9411568594765795,0.7237830319888734,0.7168196994991654,0.8451115280383574,0.6912403878301571,0.3425114726741761,0.6682438074032842,0.4874124708236079,0.7323027618060137,0.9651114302923597,0.7178431919642857,0.406695860997316,0.3038939051918736,0.5246141009595329
eucalyptus globulus,leaf,aqueous,aqueous extraction,92.7032,hordeum vulgare,,7.285127633006532,5.694261990876949,7.126792995722934,9.19,0.0,0.0,0.0,0.0,0.0,0.0,0.0,0.0,0.0,0.35945315105035014,0.831558111037798,0.38164295973682993,0.0,0.687950275462636,0.8148984198645598,0.8842302878598248
lantana camara,leaf,aqueous,aqueous extraction,9.8246,triticum aestivum,,63.42577945038009,50.18701762109016,63.73340905634059,25.65,0.8134596128170895,0.9188719872195595,0.9993332222037007,0.7210013908205841,0.7353923205342238,0.8626224723785699,0.7764961551320627,0.4501460158531498,0.987475647091567,0.5176725575191731,0.7031765482137807,0.8979752583051477,0.8811383928571428,0.3895324198333098,0.3834650112866817,0.707968293700459
chromolaena odorata,leaf,aqueous,aqueous extraction,49.6202,zea mays,,23.503097214699213,17.15971225751287,22.087420027449053,22.14,0.0,0.0,0.0,0.0,0.0,0.7208672086720868,0.0,0.7268460575719651,0.0,0.36845615205068355,0.0,0.37307139878608164,0.0,0.23633281536940248,0.0,0.0
chromolaena odorata,leaf,aqueous,aqueous extraction,2.484,zea mays,,76.03761138009735,66.02157344260088,80.96041154525145,16.26,0.0,0.0,0.0,0.0,0.0,0.5548259328747135,0.0,0.8112223612849395,0.0,0.4779926642214071,0.0,0.37918732335634525,0.0,0.26515044497810425,0.0,0.0
lantana camara,leaf,aqueous,aqueous extraction,4.8537,triticum aestivum,,66.73604873476098,61.54870770809627,80.30728631894425,11.35,0.8530957943925234,0.7659929151906647,0.7767961326887816,0.9785813630041723,0.895450751252087,0.8660621221596831,0.9336342360414577,0.45942845223195666,0.9660450876704704,0.561353784594865,0.5930813460269583,0.9978686929527869,0.7559291294642857,0.30929509817770867,0.3604683972911964,0.531706299541093
capsicum annuum l.,seedling,aqueous,,0.0,chilli,Capsicum annuum L.,80.0,42.9,45.2,,0.0,0.0,0.0,0.0,0.0,0.0,0.0,0.4642261159783062,0.0,0.5646048682894298,0.49919879347723634,0.22499189176666823,0.0,0.22361915524791637,0.0,0.0
lantana camara,leaf,aqueous,aqueous extraction,0.0,zea mays,,60.22180607794666,53.1205863803236,65.82781531597264,13.62,0.9445093457943926,0.8487879419323471,0.9203200533422238,0.8253129346314325,0.8345158597662772,0.8035230352303523,0.697592778335005,0.3708802670004172,0.815196214862232,0.5487662554184728,0.5904420774813838,0.8985312514478989,0.8955775669642857,0.37893770306540475,0.3452313769751693,0.5191906549853984
lantana camara,root,aqueous,aqueous extraction,0.0,triticum aestivum,,86.804518751755,72.32947264142355,92.61349692898409,14.72,0.7861315086782376,0.7741890671667709,0.9663277212868812,0.8556328233657858,0.9747495826377296,0.8400041692724619,0.7021063189568706,0.3611806424697539,0.7122182020595603,0.5910303434478159,0.603072862663776,0.7321966362414865,0.8866489955357143,0.3508263879078966,0.2979683972911964,0.6105548602419691
parthenium hysterophorus,whole plant,aqueous,aqueous extraction,50.5487,triticum aestivum,,19.72459398548639,14.819191585535263,18.414347533049078,18.89,0.0,0.0,0.0,0.0,0.0,0.44235980821346677,0.0,0.6615561118064247,0.0,0.7612537512504167,0.8091243284004147,0.24167168604920541,0.0,0.0,0.0,0.0
lantana camara,leaf,ethyl_acetate,solvent extraction,1.005,sorghum bicolor,,75.97487298839553,56.75567977845789,72.37789513932803,31.61,0.7153704939919894,0.7489754810029867,0.7331221870311718,0.7429763560500694,0.8868948247078464,0.7627683969147384,0.712136409227683,0.41739674593241555,0.7414416921792375,0.5872790930310103,0.5288905646149495,1.0,0.9607282366071428,0.40726091255827096,0.34396162528216706,0.738840216937839
parthenium hysterophorus,leaf,methanol,solvent extraction,2.5568,oryza sativa,,67.12640028260424,65.04996959587126,80.47265801641853,60.31,0.0,0.0,0.0,0.0,0.0,0.37648530331457164,0.0,0.6417396745932415,0.0,0.983411137045682,0.7010085776227731,0.2427836723347079,0.0,0.0,0.0,0.0
dalbergia sissoo,seeds,aqueous,soaking leaves in distilled water at 28°C for 25 days,0.0,dalbergia sissoo,,2.5,60.41220619930203,23.0,,0.0,0.0,0.0,0.0,0.0,0.0,0.0,0.481956612432207,0.0,0.5222574191397132,0.415779055518899,0.27146365194829264,0.0,0.17799124170080521,0.0,0.0
acmella oleracea,aerial,ethanol,solvent extraction,25.0902,lactuca sativa,,38.20673242037599,33.47146507676717,42.534920926684215,49.95,0.0,0.0,0.0,0.0,0.0,0.7148217636022514,0.0,0.440863579474343,0.0,0.6286262087362454,0.0,0.0,0.0,0.0,0.0,0.0
eucalyptus globulus,leaf,aqueous,aqueous extraction,25.1548,hordeum vulgare,,35.82365834580591,26.175082178606935,34.5640164022253,19.7,0.0,0.0,0.0,0.0,0.0,0.0,0.0,0.0,0.0,0.49466488829609867,0.9174285983598832,0.41514154658759217,0.0,0.7774403164288741,1.0,0.7993324989570296
lantana camara,leaf,none,dry powder preparation,0.0,zea mays,,53.33,70.29363974717319,80.77596050966744,,0.9470961281708945,0.7059804125859553,0.6867811301883647,0.9463143254520167,0.7197412353923205,0.6805294976026683,0.9047141424272818,0.38412599082186066,0.9696632340662399,0.40913637879293097,0.7748138373079462,0.8110086642264747,0.681640625,0.35803079531007204,0.41746613995485327,0.7492699207342512
parthenium hysterophorus,leaf,methanol,solvent extraction,10.3458,oryza sativa,,63.126763340178485,51.55845357644832,67.9334494947068,55.14,0.0,0.0,0.0,0.0,0.0,0.45247029393370863,0.0,0.7295577805590322,0.0,0.8064354784928309,0.8196814025827127,0.2282815178612797,0.0,0.0,0.0,0.0
oryza sativa,,aqueous,,100.0,oryza sativa,,76.67,6.554453352237706,7.659043323908599,,0.0,0.0,0.0,0.0,0.0,0.0,0.0,0.47204839382561536,0.0,0.5134211403801267,0.4809124328400415,0.25116990223787244,0.0,0.1717756745303009,0.0,0.0
lantana camara,leaf,aqueous,aqueous extraction,9.8818,oryza sativa,,67.22615132514315,51.90645262843888,75.65396512120648,16.84,0.946553738317757,0.6918802528304508,0.9134855809301552,0.9974965229485395,0.950542570951586,0.7393162393162394,0.900033433634236,0.4483729662077598,0.8480378513776788,0.5871957319106368,0.6295598077104345,0.7123198813881296,0.7087751116071428,0.29714648961717754,0.33168735891647855,0.6602002503128912
adonis vernalis,root tips,aqueous,water extraction,1.83,triticum aestivum,,0.0,0.0,0.0,0.0,0.0,0.0,0.0,0.0,0.0,0.0,0.0,0.43679599499374216,0.0,0.4404801600533511,0.5279479687058158,0.26539406013992495,0.0,0.24996468427744034,0.0,0.0
lantana camara,leaf,ethyl_acetate,solvent extraction,4.9422,sorghum bicolor,,69.01988192705569,55.36026661566046,69.16808519107279,39.33,0.9360814419225634,0.8449677016045009,0.758959826637773,0.6776077885952712,0.9401085141903172,0.8667917448405255,0.8075894349715814,0.4319983312473926,0.6885610910102978,0.5646048682894298,0.5850692807993213,0.8915350044016125,0.8848353794642857,0.3093657296228281,0.4183126410835214,0.5273258239466
lantana camara,leaf,aqueous,aqueous extraction,0.9521,phaseolus vulgaris,,73.98411226037322,62.654346634537205,81.99674939998414,16.24,0.8553070761014686,0.8526776411752448,0.9949991665277548,0.7502086230876217,0.6932387312186978,0.7184698770064624,0.8453694416583083,0.34814351272423866,0.9613136654606179,0.585028342780927,0.7447450278065793,0.9508409396284112,0.9578683035714285,0.33090832038423507,0.3390237020316027,0.6656236962870254
lantana camara,leaf,ethyl_acetate,solvent extraction,49.5884,sorghum bicolor,,24.76730566886706,16.168409481899882,18.747768921368593,47.89,0.97951435246996,0.8252413697298048,0.8796466077679614,0.8394993045897078,0.9520033388981637,0.9980195955805712,0.9209294550317619,0.4759073842302879,0.9460061230169775,0.5462654218072691,0.7394664907154302,0.8907473474493816,0.8166155133928572,0.38621274191269955,0.38910835214446954,0.7177722152690864
chromolaena odorata,leaf,aqueous,aqueous extraction,9.5767,zea mays,,58.03439633245912,55.397380733359064,69.2529744113304,14.41,0.0,0.0,0.0,0.0,0.0,0.5662914321450907,0.0,0.8334376303712975,0.0,0.39054684894964986,0.0,0.3240513367001807,0.0,0.29940669586099733,0.0,0.0
lantana camara,stem,aqueous,aqueous extraction,0.0,zea mays,,73.10288800946878,66.78274326054694,88.41523633235906,23.6,0.8214285714285714,0.8810168785163575,0.9729954992498749,0.7504867872044506,0.9636894824707848,0.7937252449447572,0.9777666332330325,0.461410095953275,0.8174227664903979,0.5501000333444481,0.7852766518993307,0.9027475327804292,0.87646484375,0.28323209492866225,0.3718961625282167,0.5467250730079266
lantana camara,leaf,aqueous,aqueous extraction,0.0,zea mays,,65.77452041237726,52.044939365314384,71.29214640561104,6.59,0.8238901869158879,0.987636313120789,0.8169694949158193,0.7279554937413073,0.7401919866444074,0.9130706691682302,0.692744901370779,0.4197955778055904,0.8288338435847482,0.5845281760586861,0.6581204637571874,0.8739285548811565,0.9803292410714286,0.35202712247492585,0.367099322799097,0.6328744263662912
lantana camara,leaf,methanol,solvent extraction,48.7035,lactuca sativa,,17.77688415079731,12.499204819059448,17.087985567715613,63.99,0.994409212283044,0.699520733486143,0.9431571928654777,0.8659248956884561,0.7495826377295493,0.770377319157807,0.8522233366766967,0.4277221526908636,0.8257723350960201,0.5311770590196732,0.5832783485719671,0.8502988463142289,0.7233537946428571,0.36876677496821586,0.39813769751693,0.698581560283688
lantana camara,leaf,methanol,solvent extraction,0.0,lactuca sativa,,60.28466337093443,47.5076119467215,53.98943312380046,74.25,0.6756508678237649,0.9806904216156144,0.7029504917486248,0.7098748261474269,0.7166110183639399,0.7210756722951845,0.6999331327315279,0.4254276178556529,0.7779014750904536,0.509836612204068,0.5863889150721086,0.7395172126210444,0.7615792410714285,0.3392428309083204,0.2823081264108352,0.6330830204422195
acmella oleracea,aerial,ethanol,solvent extraction,0.0,lactuca sativa,,59.22823661214815,54.2361149777885,64.35532732221326,49.55,0.0,0.0,0.0,0.0,0.0,0.6653116531165312,0.0,0.5254484772632458,0.0,0.7565021673891297,0.0,0.0,0.0,0.0,0.0,0.0
ageratina adenophora,leaf,aqueous,aqueous extraction,0.9796,oryza sativa,,51.842068220822064,45.31045965860157,56.45724106857659,18.1,0.0,0.0,0.0,0.0,0.0,0.0,0.0,0.4185440133500209,0.0,0.6023674558186062,0.0,0.3233100125098457,0.23116629464285715,0.0,0.0,0.0
lantana camara,leaf,aqueous,aqueous extraction,48.6773,zea mays,,20.687662341637523,16.368717388517062,19.151732608545913,13.11,0.9511849132176234,0.8714315482392164,0.8716452742123688,0.8069541029207231,0.8587228714524208,0.9216176777152388,0.9929789368104314,0.4848769294952024,0.9922070693014194,0.5102534178059354,0.5484965595249317,0.9772969466709911,0.6756417410714286,0.4131939539482978,0.28386004514672686,0.738840216937839
eucalyptus globulus,leaf,aqueous,aqueous extraction,0.0,hordeum vulgare,,59.56280506041501,47.458964521852565,56.16895066508931,15.35,0.0,0.0,0.0,0.0,0.0,0.0,0.0,0.0,0.0,0.46623874624874956,1.0,0.43033869248945933,0.0,0.7532137307529312,0.7426636568848759,0.7726324572382145
lantana camara,leaf,aqueous,aqueous extraction,2.4826,zea mays,,64.06144376523967,60.6397413377096,71.98650223869345,8.62,0.9980807743658211,0.842467180662638,0.8798133022170361,0.9546592489568845,0.9793405676126877,0.7418178027934126,0.7646272149782681,0.3755736337088027,0.7556359588087949,0.5166722240746916,0.7900838910359129,0.969374044386786,0.8371233258928571,0.38932052549795165,0.4231094808126411,0.7133917396745932
parthenium hysterophorus,whole plant,aqueous,aqueous extract,50.0,avena sativa,,23.3,14.934727351465883,17.546458024717907,,0.0,0.0,0.0,0.0,0.0,0.3988951427975818,0.0,0.6176470588235294,0.0,0.7871790596865621,0.6564237911207466,0.20766343881758795,0.0,0.0,0.0,0.0
parthenium hysterophorus,leaf,methanol,solvent extraction,1.0002,oryza sativa,,67.65325330588246,57.92188019014765,84.08677581842117,76.42,0.0,0.0,0.0,0.0,0.0,0.4462163852407755,0.0,0.507717980809345,0.0,0.6940646882294098,0.7450278065793194,0.21716165500625495,0.0,0.0,0.0,0.0
lantana camara,root,aqueous,aqueous extraction,24.2195,triticum aestivum,,52.65533691127298,43.063451948953755,53.33230981053564,18.95,0.7899699599465955,0.7839133152740154,0.8416402733788966,0.9624478442280945,0.7654424040066778,0.8360433604336045,0.7432296890672015,0.491343345848978,0.7598107431116059,0.4053851283761254,0.5918559713450844,0.9345318074410417,0.8720005580357142,0.4021754485096765,0.4019469525959368,0.6024196912807677
rhus typhina,roots,aqueous,root extracts,10.0,tagetes erecta,,60.61114105383771,45.82832380788523,58.957296263959215,,0.0,0.0,0.0,0.0,0.0,0.0,0.0,0.45848977889027953,0.0,0.4398966322107369,0.4952398906588745,0.2682203586155771,0.0,0.1926119508405142,0.0,0.0
lantana camara,leaf,aqueous,aqueous extraction,25.4233,oryza sativa,,44.76557709258884,38.22692419908871,48.368406427960466,16.16,0.7772863818424566,0.91053691741335,0.7281213535589266,0.7229485396383867,0.682804674457429,1.0,0.8333333333333334,0.3439716312056738,0.8669635402170889,0.4239746582194065,0.5924215288905647,0.8605847194551268,0.8794642857142857,0.3324622121768611,0.39080135440180586,0.6706299541093034
eucalyptus globulus,leaf,aqueous,aqueous extraction,50.2894,hordeum vulgare,,18.163336494565133,13.809686288668372,14.489389314244653,16.91,0.0,0.0,0.0,0.0,0.0,0.0,0.0,0.0,0.0,0.4033844614871624,0.7379583372608163,0.3924848260204791,0.0,0.9865800254273203,0.738431151241535,0.798706716729245
lantana camara,root,aqueous,aqueous extraction,5.0936,triticum aestivum,,71.3606517142399,67.99726935850975,77.8421962109209,7.52,0.8773364485981308,0.8071820518163506,0.6967827971328555,0.8122392211404729,0.7854757929883138,0.88878465707734,0.6798729521899031,0.3797455152273676,0.6994155301976064,0.4383127709236412,0.6963898576680178,0.9406940647732013,0.8315429687499999,0.35788953241983334,0.2969808126410835,0.5817688777638715
tomato,whole plant,aqueous,in vitro,0.0,tomato,,75.21942764958223,213.0,366.0,,0.0,0.0,0.0,0.0,0.0,0.0,0.0,0.3506466416353776,0.0,0.5758586195398466,0.4476387972476199,0.2604827873789557,0.0,0.21034044356547538,0.0,0.0
chromolaena odorata,leaf,aqueous,aqueous extraction,25.4738,oryza sativa,,44.55161649301836,35.390395188709014,44.42278327732451,16.44,0.0,0.0,0.0,0.0,0.0,0.5038565770273087,0.0,0.7468710888610763,0.0,0.34928309436478827,0.0,0.3035259231802808,0.0,0.27722842209351606,0.0,0.0
chromolaena odorata,leaf,aqueous,aqueous extraction,2.4279,oryza sativa,,78.86631745265697,70.43435577960501,84.63464336557908,19.16,0.0,0.0,0.0,0.0,0.0,0.5509693558474046,0.0,0.6929495202336254,0.0,0.34261420473491166,0.0,0.3234953435574295,0.0,0.24177143664359374,0.0,0.0
lantana camara,leaf,aqueous,aqueous extraction,50.157,zea mays,,23.003487249416764,16.15270574285048,19.510523206325672,12.57,0.8358644859813084,0.84413419462388,0.7716286047674612,0.9260083449235049,0.9232053422370619,0.6969981238273922,0.6770310932798395,0.3674384647476012,0.9206790982465906,0.5983661220406802,0.7729286454896785,0.7315479775749433,0.79638671875,0.33691199321938126,0.32844243792325056,0.58552357113058
moringa oleifera,leaf,methanol,crude extract,5.0,solanum lycopersicum,,100.0,63.660988054001955,77.62372535575237,,0.0,0.0,0.0,0.0,0.0,0.0,0.0,0.36973299958281186,0.0,0.5475158386128709,0.46366292770289375,0.25436686280869203,0.0,0.18060460517022178,0.0,0.0
chromolaena odorata,leaf,aqueous,aqueous extraction,25.6071,zea mays,,38.74262093599913,36.32107875476854,47.99576105556217,9.36,0.0,0.0,0.0,0.0,0.0,0.5185532624557014,0.0,0.698581560283688,0.0,0.36437145715238417,0.0,0.3383681601260251,0.0,0.24756321514338184,0.0,0.0
parthenium hysterophorus,whole plant,aqueous,aqueous extraction,10.1371,triticum aestivum,,51.895731383101925,43.212381444491605,56.65139969034398,20.64,0.0,0.0,0.0,0.0,0.0,0.3882634980195956,0.0,0.568418856904464,0.0,0.9079693231077025,0.7676501083985295,0.2720196450910439,0.0,0.0,0.0,0.0
lantana camara,detached leaves,acetone,vacuum evaporation,0.1,lantana camara,,80.68562527188891,73.33467182190593,88.95833192786579,,0.878880173564753,0.9757588386469404,0.9778296382730455,0.7983310152990264,0.777754590984975,0.7015843235355431,0.9582079572049482,0.4321026282853567,0.7876426384636794,0.48191063687895963,0.64171929493826,0.799796135847658,0.8654436383928571,0.30060743042802657,0.3093961625282167,0.5809345014601586
lantana camara,leaves and flowers,ethyl_acetate,solvent extraction,9.4,unknown,,70.36505153275296,62.356743042146164,82.682416295449,,0.7326852469959947,0.6861151628811558,0.9833305550925154,0.8019471488178025,0.9463689482470785,0.8692933083176986,0.9826145101972584,0.39121818940342096,0.8538825494016142,0.459403134378126,0.5726270147987558,0.958393179817449,0.9676339285714285,0.3269529594575505,0.3199774266365688,0.6011681268251983
lantana camara,leaf,aqueous,aqueous extraction,0.0,triticum aestivum,,70.30751653900641,60.88939136799924,76.72207493198836,20.01,0.9105056742323098,0.7628672640133362,0.9079846641106851,0.6898470097357441,0.9557595993322204,0.956639566395664,0.7922099632230023,0.4284522319566124,0.6910659615919844,0.43422807602534175,0.5461400697520973,0.7928462215632673,0.9464285714285714,0.3020906907755333,0.37951467268623024,0.607843137254902
chromolaena odorata,leaf,aqueous,aqueous extraction,98.648,oryza sativa,,9.469932997088868,7.054281764994749,7.950435511184001,16.95,0.0,0.0,0.0,0.0,0.0,0.5662914321450907,0.0,0.8718189403420944,0.0,0.3622040680226742,0.0,0.26502339804475744,0.0,0.33112021471959313,0.0,0.0
eucalyptus globulus,leaf,aqueous,aqueous extraction,9.9175,triticum aestivum,,49.26540471002319,46.77531790685725,58.52508052983221,7.35,0.0,0.0,0.0,0.0,0.0,0.0,0.0,0.0,0.0,0.46148716238746246,0.7695353002167971,0.37070842792938885,0.0,0.7871168244102275,0.9575338600451467,0.9246975385899041
parthenium hysterophorus,whole plant,aqueous,aqueous extraction,50.7673,triticum aestivum,,18.680248123231106,13.720862265988213,18.57486353316519,15.29,0.0,0.0,0.0,0.0,0.0,0.3402126328955597,0.0,0.6721944096787652,0.0,0.7636712237412471,0.7359788858516354,0.2590001389982857,0.0,0.0,0.0,0.0
lantana camara,leaf,aqueous,aqueous extraction,0.0,phaseolus vulgaris,,68.0223490236539,67.69090456069567,79.79103759776726,20.74,0.7675233644859814,0.7441828158644163,0.8734789131521922,0.9301808066759387,0.6869782971619366,0.8358348968105066,0.7024406552992309,0.4436795994993742,0.7127748399666017,0.5024174724908302,0.5421811669337355,0.9698373720057453,0.9635881696428571,0.3973018787964402,0.3177200902934537,0.6297455152273677
lantana camara,young leaves,air,fumigation,0.0,lantana camara,var. camara,13.0,77.62090382489784,101.07153669154256,,0.917222963951936,0.938528860179204,0.816136022670445,0.9415855354659248,0.7481218697829717,0.7095059412132584,0.852557673019057,0.4513975803087193,0.6913442805455051,0.4964154718239413,0.7342822132151946,0.7864986331835242,0.8297991071428572,0.30336205678768186,0.32562076749435664,0.5690446391322488
lantana camara,stem,aqueous,aqueous extraction,24.5772,zea mays,,50.85865946696997,39.9845880188283,50.83093481739069,10.83,0.9732977303070761,0.770855039244287,0.9941656942823806,0.9894297635605006,0.7153589315525877,0.7850740045861998,0.7101303911735206,0.36483103879849815,0.7787364319510158,0.4142214071357119,0.5428409840701292,0.9046008432562667,0.95703125,0.30851815228139573,0.366676072234763,0.500834376303713
parthenium hysterophorus,leaf,aqueous,aqueous extraction,50.8358,zea mays,,21.671180399266774,17.48656055657982,19.941764366728293,16.94,0.0,0.0,0.0,0.0,0.0,0.489159891598916,0.0,0.7099499374217774,0.0,0.9875791930643547,0.6288999905740409,0.20627345596070984,0.0,0.0,0.0,0.0
acmella oleracea,aerial,ethanol,solvent extraction,1.0289,lactuca sativa,,63.79465373109989,56.33612262622895,67.1566879850734,42.71,0.0,0.0,0.0,0.0,0.0,0.8418803418803419,0.0,0.45369211514392993,0.0,0.5648549516505501,0.0,0.0,0.0,0.0,0.0,0.0
lantana camara,leaves,aqueous,soaking in darkness for 24 hours,100.0,lactuca sativa,,10.828649062266168,7.274763842194513,9.574370532861096,,0.7317256341789052,0.7404320344516219,0.885480913485581,0.7641168289290681,0.9131886477462439,0.8850323118615802,0.8186225342694751,0.3993533583646225,0.960200389646535,0.5952817605868622,0.7582241493071921,0.7256637168141594,0.9452427455357143,0.3388190422376042,0.3014954853273138,0.7484355444305383
lantana camara,leaf,aqueous,aqueous extraction,0.0,oryza sativa,,61.462193767123,52.404116251938014,66.14320832729742,15.27,0.8506759012016021,0.7385566437452247,0.721120186697783,0.8556328233657858,0.7906928213689484,0.7069001459245362,0.7011033099297893,0.3725490196078432,0.9473977177845812,0.42930976992330777,0.5877085493448959,0.9797989158133716,0.8479352678571429,0.3732871874558554,0.3414221218961625,0.61639549436796
lantana camara,leaf,aqueous,aqueous extraction,2.5564,zea mays,,71.0248638032067,58.88516659108857,78.32895419665198,10.21,0.8354055407209613,0.8352434534972564,0.8609768294715786,0.7994436717663421,0.9305091819699499,0.9154680008338545,0.9429956536275493,0.4588026700041719,0.7639855274144169,0.4237245748582861,0.5907248562541239,0.980262243432331,0.9135044642857143,0.34482271507275036,0.35651805869074493,0.7200667501042971
lantana camara,leaf,methanol,solvent extraction,9.8591,lactuca sativa,,48.55158104360034,42.70973571619514,55.03596616118992,50.28,0.7745327102803738,0.7613391678821977,0.8581430238373062,0.7287899860917941,0.8244991652754592,0.9329789451740672,0.9929789368104314,0.35054234459741346,0.8658502644030059,0.45156718906302096,0.6711282873032332,0.7794097206134458,0.7222377232142857,0.28422093516033337,0.411117381489842,0.5627868168544014
acmella oleracea,,aqueous,in vitro bioassay,0.2,calopogonium mucunoides,,57.63532526328679,55.148005177269,67.41408502366748,,0.0,0.0,0.0,0.0,0.0,0.8239524702939338,0.0,0.5296203587818107,0.0,0.7631710570190062,0.0,0.0,0.0,0.0,0.0,0.0
eucalyptus globulus,leaf,aqueous,aqueous extraction,0.9785,hordeum vulgare,,54.28540125531035,51.10867677755251,64.3824389490057,11.89,0.0,0.0,0.0,0.0,0.0,0.0,0.0,0.0,0.0,0.41863954651550517,0.799132811763597,0.4307556873465228,0.0,0.8990676649244244,0.9016647855530474,0.8277012932832708
lantana camara,leaf,aqueous,aqueous extraction,50.7773,triticum aestivum,,24.282507445304034,17.10893209002921,21.65026096711181,8.13,0.9254005340453938,0.9344307841911509,0.7037839639939991,0.8706536856745479,0.9881051752921537,0.83552220137586,0.7472417251755266,0.3513767209011265,0.7809629835791818,0.5633544514838279,0.6289942501649542,0.6840105638697124,0.7174944196428571,0.3097895182935443,0.4153498871331828,0.5940759282436379
lantana camara,leaves,aqueous,ethanol,5.0,lantana camara,,6.67,66.22644322543876,84.61795897627056,,0.937917222963952,0.696464541223866,0.7984664110685115,0.9168289290681501,0.7917362270450752,0.6685428392745466,0.8595787362086259,0.49968710888610773,0.6807681603117173,0.441730576858953,0.664812894712037,0.9260065792521893,0.9280831473214285,0.3359937844328295,0.31221783295711064,0.7096370463078849
lantana camara,leaf,aqueous,aqueous extraction,2.491,phaseolus vulgaris,,78.07332766094831,69.55422384723437,88.53158117818754,9.96,0.8942339786381842,0.9190109050496631,0.776129354892482,0.9418636995827538,0.898789649415693,0.7551594746716699,0.7315279170845871,0.34052982895285777,0.7895908711383246,0.5760253417805935,0.6167405033462154,0.8546541259324469,0.7797154017857143,0.32808306257946035,0.3662528216704289,0.5025031289111389
lantana camara,leaf,aqueous,aqueous extraction,49.1871,zea mays,,23.232659703906844,16.93227090635727,21.67985271615721,20.33,0.7036882510013351,0.7468917135514344,0.7581263543923987,0.678442280945758,0.7610601001669449,0.7263914946841777,0.8736208625877633,0.33614935335836466,0.9777344837183412,0.4530676892297432,0.5383165237062871,0.9983783533336422,0.7839704241071429,0.30555163158638227,0.35736455981941306,0.6305798915310806
parthenium hysterophorus,leaf,methanol,solvent extraction,0.0,oryza sativa,,71.60509800619673,59.907588910536234,71.64323405746221,44.28,0.0,0.0,0.0,0.0,0.0,0.4065040650406504,0.0,0.70191906549854,0.0,0.8682060686895631,0.6696201338486191,0.25075290738080896,0.0,0.0,0.0,0.0
ageratum conyzoides,leaves,aqueous,aqueous extraction,100.0,cabbage,,8.579629573972705,5.910859052317395,7.084861583344854,,0.0,0.0,0.0,0.0,0.0,0.0,0.0,0.3516896120150188,0.0,0.5875291763921306,0.4124799698369309,0.23143214567020343,0.0,0.21351885859584688,0.0,0.0
eucalyptus globulus,leaf,aqueous,aqueous extraction,10.0459,triticum aestivum,,54.851359279139146,46.485835224429586,58.8419492950728,7.98,0.0,0.0,0.0,0.0,0.0,0.0,0.0,0.0,0.0,0.49199733244414806,0.9495711188613442,0.3682064587870083,0.0,0.8779488628337336,0.9700902934537247,0.7736754276178557
melilotus indica,shoot,aqueous,aqueous,2.5,unknown,,93.17478123183972,81.94106185196966,102.66416117715119,,0.0,0.0,0.0,0.0,0.0,0.0,0.0,0.4279307467667918,0.0,0.5045848616205402,0.43632764633801485,0.24801927442894872,0.0,0.17509535245091115,0.0,0.0
lantana camara,leaf,ethyl_acetate,solvent extraction,0.0,sorghum bicolor,,63.02979703864855,61.31461358858675,81.38999716376757,25.59,0.7751585447263017,0.7958602486629159,0.9401566927821303,0.7532684283727399,0.9165275459098499,0.9463206170523245,0.7713139418254764,0.46088861076345433,0.7150013915947676,0.4615705235078359,0.645489678574795,0.7287216790992912,0.9955357142857143,0.3972312473513208,0.3503103837471783,0.7161034626616605
parthenium hysterophorus,whole plant,aqueous,aqueous extraction,9.793,triticum aestivum,,53.10137345108013,45.40035651177785,53.8677984111601,7.18,0.0,0.0,0.0,0.0,0.0,0.42328538670002086,0.0,0.6578014184397164,0.0,0.9473157719239746,0.8350457159015929,0.18820367882129457,0.0,0.0,0.0,0.0
ageratina adenophora,leaf,aqueous,aqueous extraction,24.5226,oryza sativa,,33.99267113441959,26.854823245864715,32.600909261016255,11.19,0.0,0.0,0.0,0.0,0.0,0.0,0.0,0.5330621610346267,0.0,0.6509669889963321,0.0,0.2904137515637307,0.33321707589285715,0.0,0.0,0.0
lantana camara,leaf,aqueous,aqueous extraction,9.9416,oryza sativa,,52.725649688780656,45.15969303992102,57.60599139746502,22.36,0.9821428571428571,0.9837466138778912,0.8038006334389065,0.890403337969402,0.8203255425709516,0.8847196164269335,0.7102975593447007,0.3830830204422195,0.9730030615084887,0.417889296432144,0.6352153831652371,0.7225594217671316,0.8206612723214286,0.3393840937985591,0.4081546275395034,0.6927409261576972
lantana camara,leaf,ethanol,solvent extraction,49.6054,zea mays,,21.919661893476704,15.99498610337773,20.498719902624323,59.07,0.7673981975967957,0.680002778356602,0.9096516086014336,0.6820584144645341,0.6694490818030051,0.7336877214925995,0.7664660648612504,0.49593241551939926,0.904536598942388,0.5222574191397132,0.6090112168913188,0.9019598758281981,0.7380719866071428,0.29573386071479024,0.38995485327313767,0.7229870671672926
lantana camara,leaf,ethanol,solvent extraction,0.0,zea mays,,59.26742713578636,53.29767306574936,67.46170877412486,66.28,0.9658711615487315,0.8088490657775925,0.776129354892482,0.835326842837274,0.8071786310517529,0.8165520116739629,0.757271815446339,0.3992490613266583,0.8099081547453382,0.5761087029009669,0.5992082194363276,0.9530185794375203,0.7024274553571429,0.3215143381833592,0.2880925507900677,0.6042970379641218
lantana camara,leaf,methanol,solvent extraction,0.9908,lactuca sativa,,56.73533856840629,53.41861434757087,57.64913916868135,39.98,0.7173731642189586,0.9992359519344307,0.7931321886981164,0.8842837273991654,0.9910267111853088,0.9920783823222848,0.7368772985623537,0.4377346683354193,0.8082382410242137,0.47690896965655216,0.7735884626260723,0.9945327340962795,0.87646484375,0.36876677496821586,0.2945823927765237,0.7476011681268253
lantana camara,leaf,aqueous,aqueous extraction,0.9997,zea mays,,64.84952222130981,62.82790574403752,78.15270553178686,15.33,0.7696094793057411,0.8731680211155102,0.9201533588931489,0.7104311543810847,0.9284223706176962,0.9731081926203878,0.9531929120695419,0.4752816020025032,0.7439465627609241,0.41022007335778593,0.7568102554434913,0.6789139600611593,0.7238420758928572,0.37286339878513913,0.31193566591422117,0.6964956195244055
lantana camara,leaf,ethanol,solvent extraction,9.7551,zea mays,,53.340334542734624,53.53589259822029,67.14468766117922,43.2,0.8205524032042725,0.6977148016947975,0.8541423570595099,0.7098748261474269,0.9186143572621036,0.9705023973316657,0.933968572383818,0.3435544430538173,0.8112997495129418,0.5398466155385128,0.7882929588085588,0.9246629291572072,0.7965262276785714,0.36551772849272496,0.3558126410835214,0.7423863162286192
lantana camara,leaves,aqueous,dilution in water,50.0,b. pilosa,,27.965016611936466,22.272591315507334,24.63682460607463,,0.8630674232309746,0.7319580468153087,0.8933155525920987,0.7390820584144645,0.7009599332220368,0.9640400250156349,0.825810765630224,0.4132248644138507,0.9805176732535487,0.41205401800600194,0.5845979828447545,0.6675624333966548,0.74072265625,0.4088854357960164,0.3064334085778781,0.6624947851481019
lantana camara,leaves,acetone,cell free culture filtrate,0.1,lantana camara,,80.25908988310425,71.7025528632352,92.52174777078449,,0.9942006008010681,0.8330207682156004,0.8313052175362561,0.9916550764951321,0.7948664440734559,0.8009172399416302,0.7769976596456034,0.4920734251147268,0.860562204286112,0.5614371457152384,0.5728155339805825,0.9188250011583191,0.9441266741071428,0.3568300607430428,0.2883747178329571,0.7501042970379642
lantana camara,leaf,aqueous,aqueous extraction,50.2322,zea mays,,22.35020352555281,16.50036761941084,21.291331898883076,16.12,0.7545894526034712,0.7179968048899076,0.7489581596932823,0.9485396383866481,0.7779632721202004,0.9048363560558682,0.8182881979271146,0.39153108051731333,0.8241024213748956,0.4340613537845948,0.7380525968517296,0.9255432516332299,0.880859375,0.4071196496680322,0.3558126410835214,0.6604088443888194
lantana camara,leaf,ethanol,solvent extraction,9.9178,zea mays,,60.258319296342236,50.33601164514045,66.32954309195618,46.83,0.754964953271028,0.8758074598874765,0.7961326887814636,0.7827538247566064,0.8459933222036728,0.7661038148843027,0.6889000334336343,0.39528577388402175,0.7528527692735876,0.47732577525841946,0.5797907437081723,0.9595051661029514,0.71533203125,0.32772990535386354,0.35792889390519184,0.5928243637880685
lantana camara,leaf,methanol,solvent extraction,4.8587,lactuca sativa,,46.773269663727405,46.72094154975824,56.86901142301334,60.51,0.8901451935914553,0.8241300270889769,0.7739623270545091,0.6962447844228095,0.7493739565943239,0.7889305816135085,0.9018722835172183,0.4329370045890697,0.7372669078764263,0.5128376125375125,0.7605806390800265,0.8920909975443637,0.6897321428571428,0.36587088571832177,0.36512415349887134,0.6718815185648729
canola,whole plant,aqueous,in vitro,100.0,canola,,56.0,5.897169831700339,6.439443069636924,,0.0,0.0,0.0,0.0,0.0,0.0,0.0,0.4879015435961619,0.0,0.5892797599199733,0.4510321425205015,0.23898438585924112,0.0,0.16993925695719736,0.0,0.0
lantana camara,leaf,aqueous,aqueous extraction,9.7511,phaseolus vulgaris,,64.09630892908666,57.73169250756212,73.63104311873163,15.26,0.7106558744993325,0.9390150725845662,0.9058176362727122,0.9207232267037552,0.7986227045075125,0.7367104440275172,0.8353393513874958,0.4318940342094285,0.6688004453103257,0.5713571190396799,0.6888490903949477,0.8549784552657185,0.9040178571428572,0.3884023167113999,0.38741534988713316,0.6700041718815186
lantana camara,leaf,aqueous,aqueous extraction,0.0,zea mays,,64.29367556467679,58.982900772298315,78.15115551546523,6.36,0.6970544058744994,0.8915746336042231,0.7799633272212037,0.6912378303198886,0.8263772954924875,0.8734625807796541,0.9784353059177532,0.37682519816437215,0.8995268577790149,0.5976992330776926,0.5676312564803468,0.7390075522401891,0.9574497767857143,0.33592315298771014,0.31630925507900676,0.7138089278264498
acmella oleracea,aerial,ethanol,solvent extraction,10.0124,lactuca sativa,,55.684772065730925,46.79744168221261,55.54152727339324,29.56,0.0,0.0,0.0,0.0,0.0,0.6391494684177611,0.0,0.4300166875260743,0.0,0.7338279426475492,0.0,0.0,0.0,0.0,0.0,0.0
lantana camara,leaf,methanol,solvent extraction,25.2606,lactuca sativa,,34.24305887334286,27.52209036145914,36.04131277964354,31.08,0.7007676902536716,0.8689310272973536,0.6889481580263378,0.7482614742698191,0.6880217028380635,0.8851365436731292,0.9060514877967235,0.45327492699207345,0.960200389646535,0.5229243081027009,0.6012819304364219,0.8843070935458462,0.7125418526785714,0.41397089984461083,0.3978555304740406,0.6272423863162288
ageratina adenophora,leaf,aqueous,aqueous extraction,2.517,oryza sativa,,53.868157329238215,47.980636508282416,60.582041746413196,4.46,0.0,0.0,0.0,0.0,0.0,0.0,0.0,0.46047142261159785,0.0,0.572107369123041,0.0,0.28063753880368814,0.2544642857142857,0.0,0.0,0.0
chromolaena odorata,leaf,aqueous,aqueous extraction,1.0067,oryza sativa,,78.80616165163455,61.91763273598307,88.55276766360149,10.09,0.0,0.0,0.0,0.0,0.0,0.7388993120700439,0.0,0.7153733833959116,0.0,0.357619206402134,0.0,0.2850391511838021,0.0,0.2849978810566464,0.0,0.0
ageratina adenophora,leaf,aqueous,aqueous extraction,48.7582,oryza sativa,,17.39752298093198,13.023611863226826,18.170175504589018,8.11,0.0,0.0,0.0,0.0,0.0,0.0,0.0,0.5182519816437214,0.0,0.6300433477825942,0.0,0.32456099708103603,0.31326729910714285,0.0,0.0,0.0
lantana camara,leaf,aqueous,aqueous extraction,0.9933,zea mays,,64.48125545778393,58.49117384890336,73.55793203601232,18.97,0.7764519359145527,0.8806695839410988,0.8043007167861311,0.921279554937413,0.7447829716193656,0.6778194705023974,0.8592443998662653,0.35951188986232796,0.982187586974673,0.4336445481827276,0.6932792911678763,0.6989297132002039,0.6698521205357143,0.3435513490606018,0.38558126410835214,0.6931581143095537
eucalyptus globulus,leaf,aqueous,aqueous extraction,10.0151,hordeum vulgare,,48.87629765774477,43.094766705079394,55.757258366436204,23.24,0.0,0.0,0.0,0.0,0.0,0.0,0.0,0.0,0.0,0.4714904968322774,0.9670091431803186,0.36306352221655935,0.0,1.0,0.9037810383747178,0.850020859407593
lantana camara,leaf,aqueous,aqueous extraction,5.0878,zea mays,,62.69002480803865,54.819187420224075,66.80850289310159,21.11,0.7850467289719626,0.8795582413002709,0.8248041340223372,0.9969401947148817,0.6990818030050084,0.7299353762768398,0.9344700768973587,0.4940550688360451,0.9089897021987198,0.5837779259753251,0.7876331416721651,0.9718296807672707,0.7522321428571429,0.38656589913829636,0.35595372460496616,0.670421360033375
lantana camara,leaf,aqueous,aqueous extraction,1.0419,oryza sativa,,66.06296543182034,55.4600337011379,65.41802744778565,9.44,0.8488818424566088,0.8332986038758075,0.8813135522587098,0.9847009735744089,0.7629382303839733,0.8430268918073796,0.7942159812771649,0.4956195244055069,0.7258558307820763,0.4640713571190397,0.6054293524366104,0.8372330074595747,0.8394949776785714,0.34425766351179543,0.31743792325056436,0.5857321652065082
lantana camara,leaf,aqueous,aqueous extraction,0.0,zea mays,,65.78728333840435,54.60484577402737,74.70162430490325,19.7,0.7496244993324432,0.9101201639230395,0.9183197199533256,0.7001390820584144,0.8240818030050083,0.8812799666458203,0.8995319291206955,0.49780976220275347,0.8054550514890064,0.48082694231410467,0.771514751625978,0.7302043274799611,0.7350725446428571,0.34044356547534965,0.40378103837471785,0.6205673758865249
eucalyptus globulus,leaf,aqueous,aqueous extraction,25.1655,triticum aestivum,,37.1172132803865,29.351898794301597,39.23399150099146,22.4,0.0,0.0,0.0,0.0,0.0,0.0,0.0,0.0,0.0,0.4199733244414805,0.8412668489018759,0.31914006393921146,0.0,0.97881056646419,0.8077031602708803,1.0
lantana camara,leaf,ethyl_acetate,solvent extraction,2.474,sorghum bicolor,,74.26640353453249,64.04416615252894,72.07952399559669,39.12,0.8180490654205608,0.9453358338542751,0.8896482747124521,0.854798331015299,0.9632721202003338,0.7890348134250574,0.7219993313273152,0.3872549019607844,0.9899805176732536,0.5245081693897966,0.6010934112545951,0.7764444238521059,0.8755580357142857,0.40832038423506145,0.3802200902934537,0.651439299123905
eucalyptus globulus,leaf,aqueous,aqueous extraction,51.7944,triticum aestivum,,20.611422184252344,14.082249993520213,18.01208289529202,18.83,0.0,0.0,0.0,0.0,0.0,0.0,0.0,0.0,0.0,0.4047182394131377,0.8518239230841739,0.38947319649724327,0.0,0.9487215708433395,0.9849040632054176,0.9115561118064248
parthenium hysterophorus,leaf,aqueous,aqueous extraction,23.7176,zea mays,,43.754049118507716,34.29551783738089,40.78381424883336,8.42,0.0,0.0,0.0,0.0,0.0,0.3465707734000417,0.0,0.6769920734251147,0.0,0.9311437145715238,0.751437458761429,0.2555715146179864,0.0,0.0,0.0,0.0
parthenium hysterophorus,leaf,aqueous,aqueous extraction,9.9352,zea mays,,52.25384046751772,49.2175960618911,58.79768429391414,13.29,0.0,0.0,0.0,0.0,0.0,0.38972274338128,0.0,0.6289111389236547,0.0,0.6863954651550517,0.8415496276746159,0.24667562433396656,0.0,0.0,0.0,0.0
lantana camara,leaf,aqueous,aqueous extraction,49.1003,phaseolus vulgaris,,26.239965561077245,17.74785022734695,25.52357850341408,21.24,0.9632426568758344,0.7418906716677085,0.7767961326887816,0.8247566063977746,0.8280467445742905,0.743277048155097,0.8665997993981945,0.35951188986232796,0.7692735875313108,0.577942647549183,0.6714110660759732,0.6727053699671038,0.8281947544642857,0.30576352592174033,0.39432844243792325,0.6770963704630789
lantana camara,leaf,aqueous,aqueous extraction,49.1755,zea mays,,23.523718868772967,17.39652516057602,21.535886869325783,11.67,0.9979556074766356,0.6914634993401403,0.7109518253042174,0.9438108484005562,0.8614357262103507,0.7778820095893267,0.7251755265797392,0.36910721735502716,0.6980239354300027,0.42414138046015337,0.5467056272975775,0.8602140573599593,0.7168666294642857,0.4199039412346377,0.41224604966139955,0.7265331664580726
lantana camara,leaves,ethanol,disc diffusion method,2.0,unknown,,85.6480799683226,74.81144289919504,89.38082729808042,,0.9894859813084113,0.7550184066124886,0.8101350225037507,0.811961057023644,0.7522954924874792,0.9717531790702524,0.7154797726512873,0.4468085106382979,0.9398831060395212,0.4472324108036012,0.6007163728909417,0.8945003011629524,0.73388671875,0.30731741771436644,0.3195541760722348,0.7037964121818941
chromolaena odorata,leaf,aqueous,aqueous extraction,49.4423,oryza sativa,,25.25678737344414,19.007813741046764,23.344383537778732,20.25,0.0,0.0,0.0,0.0,0.0,0.5463831561392537,0.0,0.8472048393825615,0.0,0.41605535178392794,0.0,0.2804058749942084,0.0,0.24325469699110044,0.0,0.0
eucalyptus globulus,leaf,aqueous,aqueous extraction,5.0223,triticum aestivum,,58.52728329478559,47.49756853140106,59.24110870736766,20.52,0.0,0.0,0.0,0.0,0.0,0.0,0.0,0.0,0.0,0.48607869289763256,0.8546517108115751,0.40443867858963073,0.0,0.9857324480858879,0.7095090293453724,0.9050896954526493
plantago lagopus,,ethanolic,,0.1,lycopersicon esculentum,,61.875146627918234,54.047815143611366,69.39801729327421,,0.0,0.0,0.0,0.0,0.0,0.0,0.0,0.463078848560701,0.0,0.4542347449149716,0.4072956923366952,0.23133948014641156,0.0,0.21500211894335358,0.0,0.0
lantana camara,leaf,aqueous,aqueous extraction,0.0,phaseolus vulgaris,,72.465066938231,62.51311952536613,80.16088674708375,17.26,0.8985313751668892,0.882822810307703,0.689781630271712,0.9460361613351876,0.8424457429048414,0.9919741505107359,0.678201270478101,0.4573425114726742,0.9774561647648204,0.41505501833944647,0.5568856631162221,0.9823008849557523,0.8167550223214285,0.32045486650656874,0.3807844243792325,0.5352523988318731
parthenium hysterophorus,leaf,aqueous,aqueous extraction,49.8331,zea mays,,22.69819311045938,16.53337209304223,21.294619740792413,12.39,0.0,0.0,0.0,0.0,0.0,0.35490931832395245,0.0,0.7410304547350857,0.0,0.8418639546515505,0.8831181072674145,0.21767131538711026,0.0,0.0,0.0,0.0
eucalyptus globulus,leaf,aqueous,aqueous extraction,50.1212,triticum aestivum,,20.244243445333577,15.385758646227801,18.41665275814577,11.35,0.0,0.0,0.0,0.0,0.0,0.0,0.0,0.0,0.0,0.4517339113037679,0.9487227825431237,0.42343511096696473,0.0,0.8507557564627772,0.6841139954853274,0.8354192740926158
lantana camara,root,aqueous,aqueous extraction,0.0,triticum aestivum,,76.37515018412327,72.02282062450416,101.68953176968125,16.12,0.9211865821094793,0.898728901854553,0.7131188531421904,0.937134909596662,0.893781302170284,0.7853867000208464,0.6730190571715144,0.38057989153108057,0.7784581129974952,0.4549849949983328,0.7421057592610049,0.9011258861140714,0.9343610491071428,0.36587088571832177,0.3876975169300226,0.5373383395911556
lantana camara,leaf,methanol,solvent extraction,2.4199,lactuca sativa,,55.579490565385775,52.452101705304564,65.8363458766851,58.32,0.6790720961281709,0.9031742724178649,1.0,0.67009735744089,0.721619365609349,0.8450072962268084,0.8938482113005685,0.4098873591989988,0.7197328138046201,0.4489829943314438,0.7533226505796965,0.686419867488301,0.9786551339285714,0.36276310213306967,0.3031884875846501,0.6768877763871507
lantana camara,root,aqueous,aqueous extraction,0.9966,triticum aestivum,,81.36431688153908,76.83735987601074,90.02053507533371,18.33,0.6799899866488651,0.9348475376814613,0.700616769461577,0.7705146036161334,0.856636060100167,0.9603919116114239,0.8266466064861251,0.4958281184814351,0.8527692735875313,0.4543181060353451,0.6568950890753135,0.7672242042348145,0.7080775669642857,0.3610679474502049,0.3953160270880361,0.5871923237380059
lantana camara,leaf,aqueous,aqueous extraction,9.8692,triticum aestivum,,56.84135187519885,54.522556113025125,65.06201694863559,12.35,0.9230223631508678,0.6991039799958324,0.9669944990831806,0.9098748261474269,0.6907345575959933,0.745987075255368,0.8450351053159477,0.345014601585315,0.9791260784859448,0.42489163054351453,0.5800735224809124,0.9923087615252747,0.8092215401785715,0.3584545839807883,0.2972629796839729,0.6226533166458073
lantana camara,leaf,ethanol,solvent extraction,5.016,zea mays,,60.78501918604901,54.616821309126536,71.70438129624652,47.19,0.7807076101468625,0.8853233312495659,0.6981163527254542,0.9847009735744089,0.917779632721202,0.9667500521159059,0.7534269475091941,0.4513975803087193,0.6905093236849429,0.40788596198732907,0.7003487604863795,0.7721818097576797,0.78857421875,0.34644723831049584,0.3089729119638826,0.6047142261159784
parthenium hysterophorus,leaf,methanol,solvent extraction,98.5078,oryza sativa,,8.277950396456049,6.304372505641668,7.83437777620401,33.56,0.0,0.0,0.0,0.0,0.0,0.4511152803835731,0.0,0.7034835210680017,0.0,0.7309936645548516,0.6465265340748421,0.23449010795533523,0.0,0.0,0.0,0.0
lantana camara,leaf,aqueous,aqueous extraction,10.0609,oryza sativa,,65.3322538621181,57.30542179374406,75.85068279933819,4.68,0.9192673564753004,0.7850941168298952,0.8829804967494582,0.8392211404728789,0.7545909849749584,0.94767563060246,1.0,0.3607634543178974,0.934873364876148,0.5776925641880627,0.5407672730700349,0.7725524718528471,0.6939174107142857,0.41601921175307244,0.3773984198645598,0.6120150187734669
acmella oleracea,aerial,ethanol,solvent extraction,102.6071,lactuca sativa,,8.040716224993009,5.759631158673475,6.610146409786213,33.48,0.0,0.0,0.0,0.0,0.0,0.5877631853241609,0.0,0.48696287025448476,0.0,0.5820273424474824,0.0,0.0,0.0,0.0,0.0,0.0
phaseolus vulgaris l.,leaf,aqueous,aqueous,26.67,phaseolus vulgaris l.,Sosiad,86.11,30.68460848645781,38.647457609241506,,0.0,0.0,0.0,0.0,0.0,0.0,0.0,0.4803921568627451,0.0,0.5575191730576858,0.43934395324724285,0.21989528795811522,0.0,0.21740358807741206,0.0,0.0
parthenium hysterophorus,leaf,aqueous,aqueous extraction,9.9837,zea mays,,52.17168099721643,45.23355240079005,62.99359670999185,12.39,0.0,0.0,0.0,0.0,0.0,0.44705023973316654,0.0,0.7412390488110139,0.0,0.8772090696898965,0.886794231313036,0.2611314460454988,0.0,0.0,0.0,0.0
lantana camara,leaf,aqueous,aqueous extraction,102.5985,zea mays,,7.5800884400042206,5.559389909568648,6.389232905683025,13.97,0.7258845126835781,0.7400152809613114,0.8214702450408402,0.9821974965229485,0.9129799666110184,0.8246820929747759,0.8391842193246405,0.38589904046725076,0.991650431394378,0.5467655885295098,0.6252238665284192,0.7184358059583933,0.9173409598214285,0.2931204972453737,0.4019469525959368,0.6833541927409261
lantana camara,leaf,aqueous,aqueous extraction,0.0,oryza sativa,,58.50024684979239,50.123949112788594,66.02860635043825,14.51,0.9873581441922563,0.8620545947072307,0.9273212202033673,0.7936022253129347,0.6719532554257096,0.9436105899520535,0.8798060849214309,0.4372131831455987,0.881436125800167,0.5382627542514171,0.5321896502969177,0.8760598619283697,0.9750976562499999,0.3038564769035174,0.40942437923250563,0.7292448894451398
acmella oleracea,aerial,ethanol,solvent extraction,0.0,lactuca sativa,,60.72972358065223,58.35501649356429,66.44799810963595,56.32,0.0,0.0,0.0,0.0,0.0,0.7948717948717949,0.0,0.532436378806842,0.0,0.5550183394464822,0.0,0.0,0.0,0.0,0.0,0.0
lantana camara,leaf,aqueous,aqueous extraction,49.6318,triticum aestivum,,24.832762948422857,19.50976921571937,21.339407711859486,13.77,0.8165053404539386,0.9549211641314163,0.9079846641106851,0.8411682892906814,0.7906928213689484,0.7410881801125704,0.9140755600133734,0.47183979974968715,0.8661285833565266,0.5184228076025342,0.6172118013007823,0.8431172682203586,0.9619140624999999,0.37844328294956914,0.3656884875846501,0.523153942428035
