plant_species,plant_part,extraction_solvent,extraction_method,concentration_mg_per_ml,crop_species,crop_variety,germination_percent,root_length_mm,shoot_length_mm,total_phenolic_content_mg_gae_per_g,compound_lantadene_a,compound_lantadene_b,compound_lantadene_c,compound_lantadene_d,compound_icterogenin,compound_luteolin,compound_hispidulin,compound_quercetin,compound_kaempferol,compound_caffeic_acid,compound_chlorogenic_acid,compound_caryophyllene,compound_alpha_humulene,compound_alpha_pinene,compound_camphene,compound_linalool,agg_mw,agg_tpsa,agg_logp,agg_hbd,agg_hba,agg_rotatable_bonds,agg_aromatic_rings,agg_heavy_atom_count,agg_fraction_csp3
lantana camara,leaf,aqueous,Petri dish bioassay,0.0,abelmoschus esculentus,,54.6,69.37858312829712,91.92522525186936,,0.8921478638184245,0.8117663402097659,0.7429571595265878,0.9084840055632822,0.7241235392320535,0.7933083176985616,0.9264460046807088,0.4239674593241552,0.7289173392708044,0.46432144048016,0.7002545008954661,0.7832553398508086,0.6999860491071429,0.3144511936714225,0.4156320541760722,0.6101376720901126,305.05634318567536,64.3667672501791,3.9458948691597664,1.8555847899042903,3.318803823836063,1.8031099306047236,0.8941822268612041,22.146335860707467,0.47277743252480786
lantana camara,root,aqueous,aqueous extraction,49.0299,triticum aestivum,,27.30856281981361,22.451570903092808,26.055723917107866,22.02,0.8991989319092123,0.8826838924775995,0.7117852975495915,0.8147426981919331,0.9657762938230384,0.7731915780696269,0.7843530591775326,0.4313725490196078,0.8672418591706096,0.4630710236745581,0.6150438307097748,0.7860353055645648,0.8573521205357143,0.3504025992371804,0.3762697516930022,0.670421360033375,300.3750924471048,61.756763200573765,3.977269108704013,1.7775444612431022,3.1796379778571806,1.7446852301156248,0.8575554804483332,21.813814747995565,0.4793217534261915
eucalyptus globulus,leaf,aqueous,aqueous extraction,0.0,triticum aestivum,,58.49438442945919,53.0608940598913,70.25484179512047,15.66,0.0,0.0,0.0,0.0,0.0,0.0,0.0,0.0,0.0,0.3502834278092697,0.9381657083608256,0.3229393504146782,0.0,0.8609266845599661,0.8861455981941309,0.6919065498539843,232.10774776512318,54.96152187438832,2.4746713758317673,1.9294111537768204,2.611442386308659,2.2271324693123455,0.3181067381382224,16.693265475390806,0.559670063645296
ageratina adenophora,leaf,aqueous,aqueous extraction,0.0,oryza sativa,,53.06970435818596,42.89836156373478,50.44848780624075,9.77,0.0,0.0,0.0,0.0,0.0,0.0,0.0,0.5294117647058824,0.0,0.5251750583527842,0.0,0.2710929898531252,0.2760881696428571,0.0,0.0,0.0,228.34581052454786,68.91206663603744,2.70121212088492,2.6362020246235622,3.2972362948448053,1.1555074713833773,1.3194235216886827,16.651638630232068,0.20232391656467652
lantana camara,leaf,aqueous,aqueous extraction,24.3563,triticum aestivum,,43.63175414982053,40.38125889072174,52.94563755947445,9.14,0.8760847797062751,0.8460095853302771,0.8688114685780963,0.7012517385257301,0.7589732888146912,0.8615801542630811,0.8642594450016716,0.443471005423446,0.9084330642916782,0.5285095031677225,0.7364501838062023,0.8471482185053051,0.8308454241071428,0.3632575222489052,0.3391647855530474,0.5129328327075512,298.7045448204384,64.24547598988816,3.8434577026196504,1.8938407542885507,3.309381323157712,1.7168027955970642,0.9300983862744927,21.694190547844816,0.45930832213440975
bidens pilosa,seeds,aqueous,aqueous extraction,50.0,bidens pilosa,,22.25939299289012,17.577586975631284,22.518718403351,,0.0,0.0,0.0,0.0,0.0,0.0,0.0,0.3631622861910722,0.0,0.441563854618206,0.4566877179753039,0.1977945605337534,0.0,0.242407119649668,0.0,0.0,250.5373934900477,92.4299885513444,1.5467073005259562,3.4559094977636895,4.419523175931673,1.9221941460678897,1.1681477899362926,18.03654483559626,0.2866578669202134
lantana camara,stem,aqueous,aqueous extraction,99.4313,zea mays,,10.226797788127987,7.269179773229439,8.66411310527786,20.32,0.6687666889185581,0.6876432590122943,0.7032838806467746,0.6993045897079275,0.7852671118530885,0.9210965186574944,0.9770979605483116,0.4867542761785565,0.8847759532424158,0.5858619539846615,0.6378546517108116,0.7966455080387342,0.8554687499999999,0.2958044921599095,0.4136568848758465,0.5392156862745099,295.3887186820049,65.24680340268483,3.7695871055071413,1.9550142456795596,3.374228708063575,1.7078790023621173,1.0086293899157888,21.463848642076776,0.43628678337090887
parthenium hysterophorus,leaf,methanol,solvent extraction,0.0,oryza sativa,,62.34725338089869,52.96928061288676,73.36147709667628,66.17,0.0,0.0,0.0,0.0,0.0,0.3947258703356264,0.0,0.57008760951189,0.0,0.7613371123707902,0.7311716467150532,0.2215632673863689,0.0,0.0,0.0,0.0,273.4566425966437,111.39509184179425,1.3596742417257226,4.143657024579011,5.409844118100993,2.103015431434151,1.637602349290102,19.700140127704252,0.15586848846860185
lantana camara,stem,aqueous,aqueous extraction,48.4104,zea mays,,24.55142112154872,19.07158567118062,24.671108247243247,13.53,0.8938584779706275,0.6802111551017572,0.955825970995166,0.7894297635605007,0.6692404006677797,0.6926203877423389,0.8706118355065195,0.4984355444305382,0.8922905649874756,0.5423474491497166,0.7877274012630785,0.9056664967798732,0.8708147321428571,0.3800678061873146,0.3088318284424379,0.5246141009595329,296.68097889023477,63.52644416616114,3.826268629311614,1.8827986973201558,3.2670857322487903,1.7319222477075704,0.9049380564131142,21.54506765301938,0.46200111019119844
lantana camara,root,aqueous,aqueous extraction,50.3446,triticum aestivum,,28.62797400034697,19.643358458776984,26.570991650217312,23.14,0.6785297062750334,0.7054942001805932,0.6796132688781464,0.7774687065368567,0.8332637729549249,0.8348968105065666,0.8933467067870278,0.4665206508135169,0.8650153075424437,0.5549349783261087,0.6315392591196154,0.8409396284112496,0.7835518973214286,0.3986438762537082,0.2968397291196388,0.5400500625782229,296.84484483000307,64.25368018869223,3.8237746911812645,1.9046598566768544,3.3158105204584825,1.7142535470572728,0.9615203208934835,21.56626130356043,0.450318815691958
lantana camara,leaf,methanol,solvent extraction,102.7072,lactuca sativa,,6.829593350090022,4.525023639452271,5.728005920706607,37.23,0.9311999332443256,0.68826838924776,0.751458576429405,0.7443671766342141,0.9968697829716194,0.7718365645194915,0.7159812771648278,0.3782853566958698,0.9551906484831616,0.5206735578526176,0.6275803563012536,0.7454941389056202,0.8013392857142857,0.3874134764797288,0.3627257336343115,0.6193158114309554,295.215081485164,61.588642176296666,3.8865459079770432,1.804697267704757,3.164389058764497,1.7268378452108784,0.8739893978282017,21.442507893752705,0.4706531347213201
lantana camara,leaf,ethanol,solvent extraction,50.0906,zea mays,,22.37338401271717,14.293760153831345,19.859440681652732,36.57,0.9996662216288384,0.6930610543863305,0.7949658276379398,0.7279554937413073,0.7852671118530885,0.8125912028351053,0.7771648278167836,0.4208385481852316,0.8118563874199832,0.5198399466488829,0.7649165802620417,0.9105314367789464,0.9873744419642856,0.3893911569430711,0.3507336343115124,0.6186900292031707,292.91876172776324,61.232853744743615,3.8455718202760356,1.8115092525849756,3.1441788863944717,1.7192167629873492,0.8580944454762911,21.273369765839306,0.4709559704129601
chromolaena odorata,leaf,aqueous,aqueous extraction,99.8134,zea mays,,9.30344117064122,6.547806233298216,9.315437433482412,19.26,0.0,0.0,0.0,0.0,0.0,0.6487387950802586,0.0,0.6905506883604506,0.0,0.4983327775925308,0.0,0.2732242969003383,0.0,0.3330272637378161,0.0,0.0,240.53338572240455,82.47374955227721,2.35734125632446,3.0863733176462986,4.182411477689072,1.0676407727718364,1.8479682493697545,17.568834360237098,0.1783289273680006
parthenium hysterophorus,leaf,methanol,solvent extraction,49.9488,oryza sativa,,22.589746218925285,18.16784551230611,21.76865320800658,55.14,0.0,0.0,0.0,0.0,0.0,0.419533041484261,0.0,0.6666666666666667,0.0,0.7518339446482161,0.646243755302102,0.2337951165268962,0.0,0.0,0.0,0.0,272.2020329658309,110.05126012826656,1.4713091214742549,4.1001223345033075,5.374881155510149,1.9898798454329751,1.713227583962344,19.63939968418459,0.1448160774661281
humulus scandens,root,ethyl_acetate,Soxhlet extraction,2.0,a. philoxeroides,,58.62016123959842,0.31,0.17,,0.0,0.0,0.0,0.0,0.0,0.0,0.0,0.4606800166875261,0.0,0.5060853617872624,0.5435008012065228,0.2509382384283927,0.0,0.1843480717615482,0.0,0.0,258.7046261744334,97.3553181985647,1.5296713772334103,3.640436849127238,4.672720298812527,2.003437174688858,1.2498384010278114,18.62024951177595,0.26191348628918304
acmella oleracea,aerial,ethanol,solvent extraction,50.9737,lactuca sativa,,21.90458494283071,15.980077064932114,19.487301534987918,50.98,0.0,0.0,0.0,0.0,0.0,0.6377944548676256,0.0,0.5588235294117647,0.0,0.6848949649883294,0.0,0.0,0.0,0.0,0.0,0.0,252.37633630496663,104.99135238338076,1.7993517725818122,3.932994649000087,5.204968870325654,1.3640128893372159,2.271974221325568,18.384904423639576,0.0
lantana camara,leaf,aqueous,aqueous extraction,9.9145,zea mays,,55.91124722354832,49.37248813513089,58.91810463186685,17.28,0.7731558744993324,0.725845662290755,0.885480913485581,0.7593880389429764,0.6894824707846411,0.9508025849489264,0.8179538615847542,0.3718189403420943,0.9215140551071528,0.5110036678892964,0.5334150249787916,0.9171106889681696,0.7813197544642857,0.3292131657013702,0.3088318284424379,0.532540675844806,297.2286774564159,62.67265605873029,3.911036745984561,1.83941158159262,3.238411190436741,1.6876027947725898,0.9465078399617832,21.60368587895985,0.455532661698453
lantana camara,leaf,ethanol,solvent extraction,24.8084,zea mays,,43.94936130389711,30.929876185171334,39.09683193551427,51.43,0.9547313084112148,0.8829617281378065,0.8068011335222537,0.7304589707927677,0.7808848080133556,0.9188034188034188,0.9503510531594784,0.4787234042553192,0.6802115224046758,0.5114204734911637,0.5849750212084079,0.8365380160311356,0.9118303571428572,0.405353863540048,0.368510158013544,0.6581143095536087,296.36973110975396,61.37885669224268,3.925331480056459,1.7810338325340753,3.1708016234101923,1.7118565985052498,0.8883131695996045,21.530744649221965,0.47044511699600333
lantana camara,leaf,aqueous,aqueous extraction,4.9329,oryza sativa,,71.28183063097492,65.39715296669947,79.6345100082318,3.54,0.8925650867823766,0.8418420504271723,0.8844807467911319,0.9744089012517384,0.7013772954924875,0.9464248488638732,0.6957539284520227,0.4809136420525657,0.9343167269691066,0.574108036012004,0.7122254689414648,0.7294630032896261,0.8360770089285715,0.2871874558553468,0.3843115124153499,0.5569461827284106,305.22767792774835,65.4492703253791,3.9273513347626863,1.9081762411485244,3.355510826402941,1.7569067417233464,0.9148174670371397,22.1608138227203,0.4624937228093116
lantana camara,stem,aqueous,aqueous extraction,10.3902,zea mays,,75.91487138589287,59.42404435452957,74.61615607044463,20.38,1.0,0.6880600125026047,0.9424904150691782,0.8809457579972183,0.913188647746244,0.9483010214717532,0.6877298562353727,0.4633917396745932,0.7937656554411355,0.4608202734244748,0.5734753511169761,0.9677987304823242,0.7025669642857142,0.2886000847577342,0.3895316027088036,0.6812682519816438,299.0876121634808,60.81585618642728,4.004355629803798,1.7610896895321413,3.1293355941272285,1.749875980813004,0.8534454804949114,21.727349536616003,0.47940523132141366
ageratina adenophora,leaf,aqueous,aqueous extraction,4.9636,oryza sativa,,42.91166763942077,42.49615119169479,53.012302783723264,20.23,0.0,0.0,0.0,0.0,0.0,0.0,0.0,0.4998957029620359,0.0,0.6675558519506501,0.0,0.2934253810869666,0.2509765625,0.0,0.0,0.0,223.8540471560475,68.68312194461976,2.597033237398022,2.6299832752090166,3.2140235606658827,1.2433498484629435,1.266021282040916,16.313813276649,0.18985544506360472
parthenium hysterophorus,whole plant,aqueous,aqueous extraction,0.0,triticum aestivum,,57.257536846205205,52.81660078206148,64.20127512495807,19.76,0.0,0.0,0.0,0.0,0.0,0.4633104023347926,0.0,0.6630162703379224,0.0,0.8543681227075692,0.8002639268545575,0.2238335727192698,0.0,0.0,0.0,0.0,273.57657098030796,112.10779860550342,1.3519346088099988,4.171007397524706,5.453352671614072,2.083322767013736,1.6751946801890825,19.713319619038586,0.14807428172248083
lantana camara,stem,aqueous,aqueous extraction,51.9372,zea mays,,26.60083982651836,17.562580538284244,23.46359772556505,12.96,0.7326435246995994,0.6757657845384455,0.8513085514252376,0.9012517385257302,0.8841819699499166,0.686366479049406,0.6955867602808424,0.4550479766374636,0.9565822432507654,0.428809603201067,0.6039211989819965,0.8363990177454479,0.9833984375,0.3189009747139426,0.3067155756207674,0.6236962870254485,298.2089219712659,61.116735951757605,3.975757544333291,1.7761303846287075,3.14685328795397,1.7159694636286418,0.860419147390526,21.66338326330299,0.47527215404149736
ageratina adenophora,leaf,aqueous,aqueous extraction,49.1408,oryza sativa,,16.949489718517462,13.172324980186923,15.264545502501338,17.19,0.0,0.0,0.0,0.0,0.0,0.0,0.0,0.6047142261159784,0.0,0.6194564854951651,0.0,0.3031089283232173,0.2374441964285714,0.0,0.0,0.0,230.10126376715831,72.30830933733473,2.5999659031224365,2.766404854102832,3.4517406711361476,1.2164714281039661,1.3790254960564876,16.77105109094704,0.18358899403631318
lantana camara,root,aqueous,soil water extraction,0.0,oryza sativa,,80.45958516085757,10.8,27.7,,0.7038134178905207,0.7418906716677085,0.9311551925320888,0.9504867872044506,1.0,0.8262455701480091,0.8340020060180541,0.4017521902377973,0.8577790147509045,0.5105868622874291,0.748703930624941,0.9703006996247048,0.9346400669642856,0.3476479728775251,0.2844243792325056,0.5208594075928243,300.83752051616926,62.423852642574836,3.952854542096981,1.8110741044747214,3.2091275392096614,1.7315726621632863,0.8663418784968446,21.84944676174759,0.4738961055990759
lantana camara,leaf,aqueous,aqueous extraction,9.8147,zea mays,,60.09093270531345,49.27533660721336,68.24805838137095,13.89,0.9544392523364488,0.8162811696881295,0.7599599933322221,0.9532684283727398,0.7979966611018364,0.8084219303731499,0.9796054831160148,0.4176053400083437,0.9922070693014194,0.4519006335445148,0.6610425110755019,0.6844275587267757,0.9861886160714284,0.3201017092809719,0.2950056433408578,0.6268251981643722,302.6846891356184,64.0994440419071,3.935976727580774,1.8557911573372445,3.317157120629559,1.746026178359639,0.9305697228252559,21.984764040031354,0.4630831338718147
lantana camara,leaf,aqueous,aqueous extraction,24.7653,zea mays,,39.85482642867654,32.61362583857562,40.69892620234644,18.33,0.785130173564753,0.904007779398486,0.6729454909151525,0.8141863699582753,0.882721202003339,0.831874087971649,0.7691407556001337,0.4134334584897789,0.7881992763707208,0.4450650216738913,0.5400131963427279,0.7348376036695548,0.890625,0.3849413759005509,0.4166196388261851,0.650604922820192,300.43958199449537,61.34457701620694,4.0029231584369995,1.7554978320394072,3.162123195965594,1.7214301354776067,0.8598246072749289,21.822534009933534,0.4799303449183695
lantana camara,leaf,aqueous,aqueous extraction,2.488,zea mays,,68.62470387420537,64.70328967084053,81.04232321402726,21.8,0.8682827102803738,0.9214419670764744,0.7617936322720454,0.9304589707927676,0.8789649415692821,0.7820512820512822,0.8095954530257439,0.3504380475594493,0.9293069858057332,0.5886962320773591,0.5336978037515318,0.793216883658435,0.8472377232142857,0.3663653058341574,0.3548250564334086,0.5060492282019191,303.8963168917569,62.13283463652173,4.040983394497826,1.7629499344427995,3.1921729160768644,1.71246061931235,0.8675996275275117,22.076123524940954,0.47571584435246167
chromolaena odorata,leaf,aqueous,aqueous extraction,4.9496,zea mays,,66.21459162585045,61.15169600079042,73.75465714699781,16.22,0.0,0.0,0.0,0.0,0.0,0.6404002501563477,0.0,0.7367542761785566,0.0,0.4228909636545515,0.0,0.2774869109947644,0.0,0.3196779206102557,0.0,0.0,244.10458656556995,83.77726436572625,2.3908443126361654,3.134495628019802,4.283459916992917,1.0430554808289183,1.89985605419469,17.83279516362588,0.17861959504043173
lantana camara,leaf,ethyl_acetate,solvent extraction,105.0987,sorghum bicolor,,7.9217271615867215,5.06739564896542,6.9045613424182894,32.71,0.7233811748998665,0.9918733069389456,0.7517919653275545,0.909596662030598,0.9334307178631052,0.9037940379403794,0.921765295887663,0.4899874843554443,0.9707765098803228,0.5148382794264755,0.6807427655763975,0.8111013297502665,0.9441266741071428,0.3954654612233366,0.3172968397291196,0.7413433458489779,301.4041572755617,63.996969777538624,3.9137897278127958,1.8621506443669555,3.302510523588394,1.7492183895338997,0.9211118889865928,21.888753355241334,0.46448158127763706
lantana camara,root,aqueous,rhizospheric soil,0.0,triticum aestivum,,33.3,7.3,13.1,,0.8821762349799732,0.9558935889421408,0.9998333055509252,0.8723226703755216,0.9649415692821368,0.7680842193037315,0.7922099632230023,0.3731748018356279,0.9229056498747564,0.5861953984661553,0.6592515788481478,0.9179910114441922,0.7746930803571428,0.321090549512643,0.3441027088036117,0.533375052148519,303.8875537811706,62.159938902776005,4.021389345575443,1.772133142106656,3.1861564250046914,1.744620331527487,0.8411353997500006,22.067577550286813,0.4816073426442577
lantana camara,leaf,aqueous,aqueous extraction,24.1216,oryza sativa,,39.33296794697949,33.719456563210784,35.822831138495175,19.32,0.69505173564753,0.8323956379801347,0.9628271378563094,0.8778859527121001,0.8418196994991652,0.8576193454242235,0.8099297893681042,0.4273049645390072,0.7823545783467855,0.4579026342114038,0.5915731925723442,0.9681230598155957,0.9634486607142856,0.4180675236615341,0.4136568848758465,0.5577805590321235,298.93179728093776,60.218050952421734,4.02018566471918,1.7258285213270077,3.1040839094364223,1.6864164380046947,0.8449398148206364,21.71997886380602,0.48219964651245056
lantana camara,leaf,aqueous,aqueous extraction,101.3578,zea mays,,8.357344055500965,5.873823689120923,7.466104561802506,7.71,0.8525534045393859,0.8741404459262346,0.87031171861977,0.8756606397774687,0.7128547579298832,0.7393162393162394,0.8990304246071548,0.4856070087609512,0.7664903979961035,0.5139213071023674,0.6043924969365633,0.8960756150674142,0.9564034598214286,0.2934736544709705,0.3256207674943566,0.6921151439299125,300.1603210152598,61.578486088993756,3.9884028076996425,1.773121674729072,3.172971382902505,1.7500420338848985,0.8619188275842057,21.80089102902474,0.47503479538330595
chromolaena odorata,leaf,aqueous,aqueous extraction,10.0546,zea mays,,59.86074720401941,53.43012479782727,73.35399144462373,9.19,0.0,0.0,0.0,0.0,0.0,0.6332082551594748,0.0,0.9712140175219024,0.0,0.4311437145715238,0.0,0.2641430755687347,0.0,0.2836558835993784,0.0,0.0,250.8295293058793,89.60129396480085,2.332799862120277,3.3608624534409905,4.602980625636629,1.0570913649565752,2.0300695571027414,18.314208890954344,0.15156099066177126
lantana camara,leaf,aqueous,aqueous extraction,50.3834,oryza sativa,,25.831677410349563,17.109065592409035,22.440353978215413,22.41,0.7916388518024032,0.6820170868931028,0.9291548591431904,0.8122392211404729,0.8140651085141903,0.8214509068167606,0.9450016716817116,0.4478514810179391,0.8828277205677707,0.5301767255751917,0.5992082194363276,0.740582866144651,0.9416852678571428,0.3865658991382963,0.3457957110609481,0.5561118064246976,295.9719131621975,62.509997513768425,3.880410029660751,1.8321011660671558,3.2306921946577427,1.6983394288714873,0.9282410188030943,21.50572675974363,0.45869153547113345
rhazya stricta decne,leaves,dry powder,sandwich method,0.0,phalaris minor,minor,31.0,78.03551273462116,89.68377355898997,,0.0,0.0,0.0,0.0,0.0,0.0,0.0,0.4890488110137672,0.0,0.5561853951317105,0.4611179187482326,0.2420423481443729,0.0,0.1724819889814945,0.0,0.0,254.17284394079996,95.50827910145517,1.5969934900013953,3.581962655588643,4.57126805710625,1.9199223361491242,1.2933938210212308,18.316893596590972,0.24139371991387
tomato,Roots,pda,Food poisoning technique,0.01,tomato,Peto 86,74.16004451076117,67.44732377519696,80.4875068975683,,0.0,0.0,0.0,0.0,0.0,0.0,0.0,0.4765331664580726,0.0,0.5932810936978993,0.5586765953435762,0.2027058332947227,0.0,0.2198756886565899,0.0,0.0,254.7107878240231,97.8867961374734,1.433378918913458,3.663726725618951,4.673159423540846,1.9992017900505017,1.258637782263021,18.326110546315824,0.249469863376878
lantana camara,leaves,aqueous,crushed and soaked,25.0,oryza sativa,,93.4,38.57331065000216,52.53161660007434,,0.9594042056074766,0.674793359727721,0.8403067177862978,0.8222531293463142,0.8981636060100168,0.8063372941421723,0.7082915412905383,0.4664163537755528,0.947676036738102,0.4570690230076691,0.608068620982185,0.8554881156465737,0.9984654017857144,0.3682723548523803,0.3343679458239277,0.607008760951189,295.05188493931087,60.57243215454361,3.940734224624258,1.7716814119372468,3.1198788692946926,1.6857282669668545,0.8677739100188275,21.4383463668242,0.47280037543881526
chromolaena odorata,leaf,aqueous,aqueous extraction,9.9975,oryza sativa,,66.05961252396818,57.32911702292191,71.93309965011882,16.13,0.0,0.0,0.0,0.0,0.0,0.7453616843860746,0.0,1.0,0.0,0.4039679893297765,0.0,0.3014409488949636,0.0,0.2351320808023732,0.0,0.0,255.61397493728433,91.44210418493525,2.374469261993699,3.422815984306101,4.722462231482595,1.0628600240480977,2.0998724322071465,18.6696502550548,0.140708943985958
chromolaena odorata,leaf,aqueous,aqueous extraction,0.0,zea mays,,69.76937692239211,65.50658832400777,82.13097258169566,20.13,0.0,0.0,0.0,0.0,0.0,0.6675005211590578,0.0,0.7924488944513977,0.0,0.4689896632210737,0.0,0.3304452578418199,0.0,0.3256109620002825,0.0,0.0,244.09782723966296,83.07328683104305,2.419431082315203,3.1099536431193453,4.2395103710248545,1.0554657493165882,1.8757627576887248,17.83226465019513,0.1806852377891443
lantana camara,leaf,aqueous,aqueous extraction,26.4569,zea mays,,42.94637705316726,31.727453925587277,37.275835402636034,16.34,0.9369158878504672,0.979162325484476,0.8689781630271712,0.9045897079276772,0.9060934891485808,0.6801125703564729,0.8340020060180541,0.354401335002086,0.7475647091566936,0.5495998666222074,0.5623527193891978,0.9516285965806424,0.8611188616071429,0.3127560389885577,0.330558690744921,0.7259073842302879,301.9852891595158,59.34644930527638,4.097106672903541,1.663392910653552,3.0439792762020224,1.772763104367682,0.7787584819287179,21.92947469757214,0.49579086718395704
lantana camara,leaf,methanol,solvent extraction,10.1404,lactuca sativa,,49.09364879916791,43.631601009478864,53.14470262437509,61.36,0.7188334445927903,0.9257484198096824,0.7161193532255377,0.972461752433936,0.8407762938230384,0.7617260787992496,0.8085924439986626,0.3878806841885691,0.9345950459226272,0.5916972324108035,0.7588839664435857,0.6709447250150582,1.0,0.313956773555587,0.306010158013544,0.7046307884856071,303.48935228376934,64.57419580459069,3.9099359199378627,1.8726749167455492,3.308627230728457,1.7946045818660017,0.8787426160120744,22.026903324048646,0.46824450763198344
eucalyptus globulus,leaf,aqueous,aqueous extraction,2.5494,hordeum vulgare,,61.18585630940407,54.9597166149054,65.79322519918887,21.82,0.0,0.0,0.0,0.0,0.0,0.0,0.0,0.0,0.0,0.3857119039679893,0.9660665472711848,0.3547699578371867,0.0,0.8951829354428592,0.8621613995485327,0.708802670004172,230.91218107423754,55.020057165310796,2.4518529016103994,1.9396139814124496,2.6092757268318425,2.2198136651795295,0.32395809353360905,16.60786604002613,0.555490517523181
lantana camara,leaf,aqueous,aqueous extraction,2.5319,oryza sativa,,74.43200213381297,64.91428240672842,85.61534261786244,8.92,0.7259679572763684,0.921789261651733,0.7869644940823471,0.928789986091794,0.7366444073455759,0.7276422764227642,0.8457037780006686,0.4517104714226116,0.8600055663790703,0.4187229076358786,0.750683382034122,0.766853542139647,0.8554687499999999,0.3297075858172058,0.3470654627539503,0.5686274509803922,307.07381658595773,64.96398267237792,3.9597520345699913,1.8711125146860688,3.346803161874387,1.7754833654310245,0.8913339705909651,22.290546023394263,0.4745183805786993
chromolaena odorata,leaf,aqueous,aqueous extraction,0.0,oryza sativa,,77.15273901800188,65.70196072788937,83.1421612494984,15.07,0.0,0.0,0.0,0.0,0.0,0.5229309985407548,0.0,0.7826449728827701,0.0,0.4164721573857953,0.0,0.3155261085113283,0.0,0.2438903799971747,0.0,0.0,247.10496298250666,84.72909857847922,2.432648756046885,3.1796966192983365,4.324203495726172,1.0756451693699787,1.8993062784162944,18.046668517640057,0.17263317053094016
eucalyptus globulus,leaf,aqueous,aqueous extraction,0.0,triticum aestivum,,56.4171015275041,55.56340657039674,63.4269020723888,26.21,0.0,0.0,0.0,0.0,0.0,0.0,0.0,0.0,0.0,0.4234744914971657,0.991987934772363,0.3424454431728675,0.0,0.8032914253425625,0.7700338600451467,0.91093032957864,228.60326831043682,56.12466802605067,2.365634393979717,2.008008030344482,2.6572073692458953,2.3771967505204836,0.3336652232927345,16.424483884192504,0.5433186392104272
lantana camara,leaf,aqueous,aqueous extraction,99.495,phaseolus vulgaris,,9.942966246941396,5.976242120830011,8.002681156675736,13.53,0.8754172229639519,0.8382996457595333,0.903817302883814,0.8358831710709318,0.9697412353923206,0.7818428184281844,0.8421932464058843,0.3825615352523989,0.934873364876148,0.4998332777592531,0.7721745687623716,1.0,0.7079380580357142,0.4028817629608702,0.360186230248307,0.7167292448894452,299.0934681715421,62.16716625590901,3.9137304320161754,1.8084927649391649,3.1955595626294797,1.7848838191856073,0.853865233259184,21.715655471846983,0.47951265736642656
melilotus indica,whole plant,aqueous,water extraction,50.0,wheat,wheat,81.0,21.00460135197526,26.357967681485583,,0.0,0.0,0.0,0.0,0.0,0.0,0.0,0.4274092615769712,0.0,0.5517672557519173,0.5328494674333113,0.2210536070055136,0.0,0.1924706879502754,0.0,0.0,255.42374629055809,97.0303679605924,1.4721852025687001,3.629842831610781,4.627229125933793,2.0167716681946715,1.2291782421089437,18.37779187003625,0.25579838985397757
eucalyptus globulus,leaf,aqueous,aqueous extraction,9.9668,hordeum vulgare,,53.50408052959602,41.83648661174583,53.83442267364702,13.84,0.0,0.0,0.0,0.0,0.0,0.0,0.0,0.0,0.0,0.3945481827275758,0.9221415779055518,0.3358198582217486,0.0,0.8410086170363046,0.7652370203160271,0.7480183562786817,228.70496857745457,55.12980567152731,2.4085487561065353,1.9584662476561046,2.609743416896552,2.2663998200387123,0.32861596086438855,16.443754049384506,0.5497170952495144
lantana camara,leaf,aqueous,aqueous extraction,0.0,zea mays,,68.96617979696727,60.71320680699684,72.77193766613702,7.77,0.8308578104138853,0.714037646731958,0.7176196032672112,0.8970792767732962,0.6836393989983305,0.9481967896602044,0.8179538615847542,0.4928035043804756,0.8853325911494573,0.4233077692564188,0.7614289753982467,0.9186396701107354,0.7651367187499999,0.3298488487074446,0.355530474040632,0.7123487692949521,300.1961351327059,64.9955544490976,3.8437565335432393,1.9289357361977535,3.3551595872873206,1.7820410558566522,0.9434709264319017,21.79911661475903,0.45865129817782646
lantana camara,leaf,ethanol,solvent extraction,0.0,zea mays,,60.41263196044318,58.34776977046177,66.83975487669541,54.32,0.9473047396528704,0.7141765645620616,0.8423070511751959,0.7243393602225313,0.9409432387312188,0.8049822805920367,0.9441658308258106,0.3766166040884439,0.9919287503478988,0.5571023674558185,0.7832029408992365,0.7530463790946579,0.8379603794642857,0.3039977397937562,0.362020316027088,0.5886524822695036,296.93353183189765,64.29108662699491,3.800971211522314,1.904269780924948,3.312309348849423,1.7582707534197575,0.9320684647214177,21.562298732279707,0.45597744764244397
lantana camara,leaf,aqueous,aqueous extraction,10.0825,zea mays,,59.82780231236798,55.9133519762739,61.84854857090968,12.44,0.9568174232309746,0.9155379592970756,0.9619936656109352,0.7396383866481223,0.8451585976627712,0.6774025432562018,0.8012370444667335,0.491447642886942,0.6849429446145282,0.5501000333444481,0.5958148741634461,0.8551637863133023,0.8355887276785714,0.290295239440599,0.4042042889390519,0.5878181059657906,300.31092481069265,60.609063493034085,4.018699431438778,1.7298600125659653,3.1089726504614354,1.740030682332693,0.8139796451316663,21.80744130240093,0.48609117188450124
parthenium hysterophorus,leaves,aqueous,,0.0,sorghum bicolor,,93.0,55.15254874239884,70.55376079592342,,0.0,0.0,0.0,0.0,0.0,0.436731290389827,0.0,0.5949103045473508,0.0,0.721407135711904,0.8048826468093129,0.1890376685354214,0.0,0.0,0.0,0.0,277.947844679131,114.81105012854356,1.2815948546075437,4.264698209604079,5.601825939110082,2.1416419419481523,1.6822958285869065,20.012378071020166,0.1544063572821635
lantana camara,root,aqueous,aqueous extraction,99.1149,triticum aestivum,,11.566906325099884,7.553456303935216,9.501263816575232,22.82,0.975425567423231,0.8524692644300895,0.7342890481746959,0.8962447844228094,0.8510016694490818,0.6704190118824266,0.9747576061517887,0.4096787651230705,0.9866406902310048,0.4574858286095365,0.7565274766707513,0.6792846221563268,0.9559849330357144,0.3055516315863822,0.3419864559819413,0.6276595744680852,303.17100430532867,64.25792732280333,3.917314662658649,1.8596510714405359,3.316649476476912,1.775864600879558,0.900926789672295,22.01036672324304,0.4692412121771019
lantana camara,leaf,ethyl_acetate,solvent extraction,25.3569,sorghum bicolor,,43.21302248088341,33.00036964360627,45.64479419376652,31.47,0.7837116154873164,0.9843022851983052,0.8718119686614437,0.7949930458970793,0.6807178631051753,0.913174900979779,0.72584419926446,0.4047768043387568,0.8305037573058726,0.4370623541180393,0.552832500706947,0.9602001575313904,0.7774832589285715,0.3632575222489052,0.2896444695259593,0.5702962035878182,302.92016556702777,62.083077958283596,4.025334631698573,1.7793196759613576,3.2000701007149024,1.7053015163722502,0.8786339414715494,22.006715560711367,0.47758237081406174
phaseolus vulgaris l.,leaf,aqueous,dilution of ground L. camara powder in distilled water,80.0,phaseolus vulgaris,Nasir,12.074357615667877,8.462921258926496,11.293542448816387,,0.0,0.0,0.0,0.0,0.0,0.0,0.0,0.4165623696287026,0.0,0.5488496165388462,0.5376567065698935,0.2285131816707594,0.0,0.1700098884023167,0.0,0.0,256.9974499361637,97.80076097353628,1.4658327263811317,3.6576204594510884,4.661220806129365,2.0474434559510035,1.2285462514530434,18.48748431847861,0.2533207484798912
lantana camara,leaf,ethanol,solvent extraction,2.4773,zea mays,,63.371097666593045,56.03299847196794,75.46781988204788,60.79,0.975425567423231,0.6960477877335557,0.704784130688448,0.9780250347705144,0.9841402337228716,0.7191994996873047,0.7034436643263122,0.5006257822277848,0.8199276370720847,0.5746915638546182,0.6551984164388727,0.7292313394801465,0.7779017857142857,0.3655177284927249,0.3446670428893905,0.6804338756779308,300.47113831241415,62.42549492184783,3.9459920670583366,1.8095973199009876,3.1951899099108574,1.7850403066955838,0.8438985990346939,21.813379443950517,0.47750687062206265
lantana camara,stem,aqueous,aqueous extraction,0.0,zea mays,,71.21315570368282,69.33561339208373,80.57768825858048,17.37,0.7491655540720961,0.9611030075710216,0.791465244207368,0.8164116828929068,0.8046744574290484,0.8730456535334584,0.7193246405884319,0.3697329995828118,0.7581408293904816,0.5197565855285096,0.6444528230747478,0.6997173701524348,0.8867885044642856,0.3931346235343975,0.3521444695259593,0.6545682102628285,301.3976621101226,62.46538131003595,3.9575887011650837,1.7954201946015984,3.2033916324321825,1.750293569770355,0.8482134303660404,21.8815458720405,0.4794453503102798
parthenium hysterophorus,leaf,aqueous,aqueous extraction,5.0587,zea mays,,62.09618497126096,51.47703787406172,67.86597336854959,21.06,0.0,0.0,0.0,0.0,0.0,0.3482384823848239,0.0,0.5824989570296204,0.0,0.7219073024341447,0.901310208313696,0.208358430246027,0.0,0.0,0.0,0.0,279.88848755219317,115.78815657494997,1.207034575859375,4.300392546379407,5.626851492509072,2.2402061082833558,1.5984536223542118,20.12357795196467,0.17116504311874148
avena sativa,seeds,aqueous,aqueous extraction,25.0,avena sativa,,78.0,41.389077934255255,50.441140466328285,,0.0,0.0,0.0,0.0,0.0,0.0,0.0,0.4148936170212766,0.0,0.4100533511170389,0.4904326515222924,0.2094240837696335,0.0,0.2049724537364034,0.0,0.0,258.0317981451809,96.6512070133518,1.525654828527657,3.6115794646078037,4.658334866794043,1.9691305114838697,1.2401413008356654,18.571264727904037,0.2768248152643432
lantana camara,leaf,aqueous,aqueous extraction,98.5128,oryza sativa,,9.278102214395176,6.804289254256026,8.775682885931,15.06,0.9205607476635514,0.9800652913801486,0.8871478579763294,0.8116828929068151,0.9173622704507512,0.9230769230769232,0.7945503176195252,0.3971631205673759,0.812134706373504,0.563187729243081,0.6124988217551136,0.7490617615716074,0.73974609375,0.3655883599378443,0.291196388261851,0.5588235294117647,303.6023961260157,63.2637486506775,3.9770700680633366,1.813303807321907,3.249645201172182,1.740088302671986,0.879247301668416,22.046678440328066,0.4745035562400437
eucalyptus globulus,leaf,aqueous,aqueous extraction,0.0,hordeum vulgare,,54.27689359606092,47.6461380241964,64.7648283214478,11.89,0.0,0.0,0.0,0.0,0.0,0.0,0.0,0.0,0.0,0.3480326775591864,0.9234612121783392,0.3636658481212065,0.0,0.8696849837547677,0.8628668171557562,0.7511472674176054,229.99409916349103,53.536856519701985,2.5032024192894715,1.885824775075014,2.5437228407824644,2.2327243822332683,0.30870052836665296,16.545134666980097,0.5617433485250445
parthenium hysterophorus,leaf,methanol,solvent extraction,50.2488,oryza sativa,,22.57014786875924,16.373701328854892,19.557845956403604,53.19,0.0,0.0,0.0,0.0,0.0,0.4002501563477173,0.0,0.5785356695869838,0.0,0.9751583861287096,0.7902724102177396,0.1977018950099615,0.0,0.0,0.0,0.0,268.75590173024733,110.98265951337386,1.2791873911088432,4.13362522501673,5.336281400403513,2.137344762309348,1.59820479272822,19.350583359093285,0.14421776365750716
lantana camara,leaf,aqueous,aqueous extraction,5.0707,phaseolus vulgaris,,73.96069904350773,64.24393464396104,80.98050853777072,16.48,0.6698097463284378,0.7628672640133362,0.9173195532588766,0.9324061196105702,0.8747913188647747,0.9797790285595164,0.9704112337011032,0.3371923237380059,0.9323684942944614,0.4904134711570523,0.7362616646243755,0.8537738034564241,0.6699916294642857,0.2874699816358243,0.3924943566591422,0.7486441385064665,302.3342192927661,65.04620861017838,3.8760780631751612,1.904268951559574,3.3600218416500325,1.8211066238117457,0.9420157414587302,21.953233554513147,0.4598277997908762
mesosphaerum suaveolens,seeds,chloroform,GC-MS,1.0,mesosphaerum suaveolens,,85.9959043807637,68.66812864485415,91.10059759166376,,0.0,0.0,0.0,0.0,0.0,0.0,0.0,0.4108260325406759,0.0,0.4904134711570523,0.4841172589310962,0.2463976277625909,0.0,0.2164853792908602,0.0,0.0,252.82076108531777,92.9852178162779,1.5995854008997734,3.47902595498553,4.447453651599393,1.9340129440869243,1.1941139152576374,18.208464048785736,0.2755893779698546
parthenium hysterophorus,leaf,methanol,methanol extraction,25.0,cucumber,,76.0,30.72019070229159,41.35417115001738,,0.0,0.0,0.0,0.0,0.0,0.3931623931623931,0.0,0.5144972882770129,0.0,0.7737579193064354,0.712036949759638,0.2098874113885929,0.0,0.0,0.0,0.0,271.98809794200184,110.91589504756848,1.3420726832549132,4.124940798287918,5.369261870899238,2.1177435815878227,1.616681164053523,19.591438248849038,0.1547331712632654
acmella oleracea,aerial,ethanol,solvent extraction,50.5197,lactuca sativa,,19.700975819453923,15.83801425059245,17.83071065793571,37.05,0.0,0.0,0.0,0.0,0.0,0.8685636856368565,0.0,0.5599707968293701,0.0,0.5525175058352784,0.0,0.0,0.0,0.0,0.0,0.0,261.1755061928014,107.54135114482263,1.8960742334639498,4.003762289449295,5.445960163005364,1.2789010632219653,2.442197873556069,19.05145484689554,0.0
azadirachta indica,leaves,ethanol,leaf-dip,100.0,cabbage,,10.696647634647585,6.806781605911188,8.170843633478068,,0.0,0.0,0.0,0.0,0.0,0.0,0.0,0.3917396745932415,0.0,0.5714404801600533,0.4959939673861815,0.2467219570958625,0.0,0.226444413052691,0.0,0.0,249.23267157325074,91.91399871167911,1.5708258766224126,3.4408964901887362,4.359713484939266,1.9485791849735186,1.1605891820185876,17.94669282887503,0.2700170034855758
lantana camara,leaves,methanolic,sandwich method,0.0,wheat,Wafaq-2001,65.0,68.3205067099868,87.00504712586688,,0.943508010680908,0.9760366743071472,0.8659776629438241,0.8909596662030597,0.6853088480801336,0.9082760058369816,0.7987295218990303,0.3695244055068836,0.8558307820762594,0.5512670890296766,0.5958148741634461,0.7741741185192049,0.7854352678571428,0.3359937844328295,0.3055869074492099,0.5244055068836045,305.79980977015157,63.72026017042786,4.006892281276304,1.8197216586622633,3.275502074777779,1.735580850094101,0.8905092033792924,22.208648233593568,0.4722057668229287
lantana camara,leaf,ethyl_acetate,solvent extraction,10.1526,sorghum bicolor,,61.46754506364852,47.45995904113651,66.52785038887079,26.73,0.7735730974632844,0.6944502326873654,0.7196199366561095,0.8066759388038942,0.9613939899833056,0.7495309568480301,0.9558676028084252,0.3833959115561118,0.7381018647369886,0.4619873291097032,0.581487416344613,0.7260807116712228,0.68701171875,0.3893205254979516,0.3370485327313769,0.5882352941176471,299.4474485879021,62.59312384985928,3.9221788616015605,1.8093211592918879,3.2370226715154757,1.7598777400402712,0.902440907137231,21.750254132738437,0.4701631725030895
eucalyptus globulus,leaf,aqueous,aqueous extraction,0.98,triticum aestivum,,60.7740524041869,54.19617380810449,63.23507364979857,13.72,0.0,0.0,0.0,0.0,0.0,0.0,0.0,0.0,0.0,0.4319773257752584,0.8896220190404375,0.3444377519343928,0.0,0.9614352309648256,0.740265237020316,0.7407175636211932,223.9014400473308,52.94986895376167,2.417479245061648,1.885018585270012,2.4982683826723546,2.181726670762284,0.3216779308830855,16.108598785134177,0.5519710977687907
lantana camara,leaf,aqueous,aqueous extraction,9.8676,zea mays,,54.50796052932127,47.009152093127696,56.32300846194992,17.43,0.6712283044058746,0.7263318746961173,0.9681613602267044,0.850904033379694,0.7178631051752922,0.8693975401292474,0.8172851889000334,0.4076971214017522,0.6919009184525466,0.5607702567522508,0.7635969459892545,0.6855395450122782,0.8643973214285714,0.2855629326176013,0.3040349887133182,0.713183145598665,299.21252448691746,64.27901593069222,3.836170555235726,1.8921605376858937,3.297027521821172,1.8130744615330054,0.8885427343290859,21.716592350455795,0.46395058945607126
parthenium hysterophorus,leaf,methanol,solvent extraction,9.6433,oryza sativa,,60.07319203230535,50.25956255805657,60.48628710583653,75.18,0.0,0.0,0.0,0.0,0.0,0.4924953095684803,0.0,0.5011472674176054,0.0,1.0,0.727589782260345,0.1871843580595839,0.0,0.0,0.0,0.0,265.9575952923979,109.40389784392596,1.3184483735298806,4.071375397639801,5.254996952972325,2.0943305778166295,1.618928087299667,19.164901541095844,0.1354570191102777
lantana camara,leaf,aqueous,aqueous extraction,2.5596,oryza sativa,,63.47667938204374,56.87858411601787,63.37492864800114,19.64,0.6813251001335113,0.7001458637216087,0.8851475245874312,1.0,0.6729966611018364,0.8731498853450074,0.8955198930123704,0.4583854818523153,0.840523239632619,0.5209236412137379,0.6323875954378357,0.8982995876384192,0.6780133928571429,0.3196072891651363,0.286540632054176,0.6166040884438883,303.3442283049392,64.88222097683723,3.91936342270521,1.8951501956925874,3.3479352750774125,1.7801355779534853,0.9449318589291256,22.032957349556895,0.4580399049411271
lantana camara,leaf,aqueous,aqueous extraction,5.0454,oryza sativa,,53.610838580084405,48.80233502447127,63.29966280632938,15.26,0.6931742323097464,0.7316802111551018,0.668111351891982,0.8161335187760779,0.779424040066778,0.8995205336668752,0.9558676028084252,0.3541927409261577,0.9771778458112996,0.4053017672557519,0.7485154114431143,0.8532178103136728,0.9211077008928572,0.3993501907049018,0.3696388261851016,0.6370463078848561,297.3795950562453,64.17314967917528,3.8218121265597946,1.899502017894464,3.325101946979359,1.7346392646156383,0.9558081531415596,21.602091556947784,0.4560243243630949
parthenium hysterophorus,whole plant,aqueous,aqueous extraction,23.8596,triticum aestivum,,36.03992870948869,29.840617565935293,41.96224635381617,16.41,0.0,0.0,0.0,0.0,0.0,0.4025432562017928,0.0,0.6560283687943264,0.0,0.8750416805601867,0.7468187388066736,0.2288838437659269,0.0,0.0,0.0,0.0,271.02134420492087,110.67624117378783,1.3733833042226702,4.12342722639676,5.364537118361026,2.0708695847338547,1.6490389764587319,19.531419185878768,0.14716804712462428
parthenium hysterophorus,whole plant,aqueous,aqueous extraction,0.9807,triticum aestivum,,58.31473855616437,53.74839771718995,71.64465920528123,13.77,0.0,0.0,0.0,0.0,0.0,0.438503231186158,0.0,0.6673967459324156,0.0,0.6736412137379125,0.650768215665944,0.2720196450910439,0.0,0.0,0.0,0.0,274.5180918893146,109.53384998096149,1.5354693024988004,4.076679552787436,5.376793757410789,1.971734311618297,1.7178179533643112,19.813342631328837,0.15544028294904694
parthenium hysterophorus,whole plant,aqueous,aqueous extraction,5.0559,triticum aestivum,,56.1274284428734,51.59132981614882,62.42422234671132,18.51,0.0,0.0,0.0,0.0,0.0,0.3802376485303315,0.0,0.6077388402169379,0.0,0.8106035345115038,0.7209916108964087,0.2488995969049715,0.0,0.0,0.0,0.0,271.3983843822473,109.77332155786716,1.4065693062461784,4.08796195428952,5.322555314314612,2.0740867861798344,1.6238292676526072,19.559233220429057,0.1558349350342427
ageratina adenophora,leaf,aqueous,dry,0.0,rice,Arize 6444,19.0,72.42230193593666,91.07758338816568,,0.0,0.0,0.0,0.0,0.0,0.0,0.0,0.559136420525657,0.0,0.4758252750916972,0.0,0.2849464856600102,0.2261439732142857,0.0,0.0,0.0,233.00416135946102,71.43894419764686,2.7038230511735324,2.7315753324582848,3.4548839464674987,1.1614960408366741,1.3927308534922376,16.992112238542393,0.19801852649106688
lantana camara,leaf,aqueous,aqueous extraction,100.878,oryza sativa,,7.889191160996924,5.189382043310036,6.606272205367655,11.51,0.9164302403204272,0.7806487462665833,0.9336556092682116,0.952433936022253,0.7191151919866444,0.8000833854492392,0.8264794383149447,0.4308510638297873,0.835235179515725,0.4945815271757252,0.7437081723065322,0.6905898160589353,0.8620954241071428,0.3485661816640768,0.3452313769751693,0.6543596161869003,302.6175508246609,63.817401646350596,3.9215482619484265,1.8497882438446915,3.280243646898791,1.788161561075674,0.8749056039060267,21.967204752010716,0.47374632247611925
parthenium hysterophorus,leaf,methanol,solvent extraction,25.1014,oryza sativa,,40.07713664800024,34.51705652594527,42.43428998220553,39.37,0.0,0.0,0.0,0.0,0.0,0.4751928288513655,0.0,0.7477054651647893,0.0,0.991830610203401,0.6151380903006881,0.2714173191863967,0.0,0.0,0.0,0.0,264.7852429907367,106.24485995833845,1.5454877744421953,3.967910636008771,5.153249481720746,1.9148612620151564,1.701122196128837,19.125919540392374,0.13101016030852303
lantana camara,leaf,aqueous,aqueous extraction,99.8924,zea mays,,9.661031463600848,6.215307714980116,8.098137374205168,12.5,0.8865987983978638,0.6781968465652566,0.923487247874646,0.9343532684283726,0.8689482470784641,0.7699603919116115,0.9792711467736542,0.3494993742177722,1.0,0.5541847282427476,0.5524554623432935,0.948848630866886,0.9694475446428572,0.3439045062861986,0.3958803611738149,0.6925323320817689,295.47716425852354,60.08972759908035,3.9711634617540605,1.7374854545027234,3.104365786779022,1.7218285688355603,0.8780563361662056,21.474216249944472,0.46955713942673916
parthenium hysterophorus,whole plant,aqueous,aqueous extraction,101.614,triticum aestivum,,6.883074250082493,4.620918724989321,6.833269493485645,20.94,0.0,0.0,0.0,0.0,0.0,0.4512195121951219,0.0,0.6839799749687109,0.0,0.9866622207402468,0.7566217362616645,0.2072464439605245,0.0,0.0,0.0,0.0,268.8068687725348,110.62793297286679,1.3530407705925045,4.1236580856859755,5.34983230832622,2.0553507752108153,1.6686108652303127,19.375808381338263,0.13540841436435458
lantana camara,leaf,aqueous,aqueous extraction,2.5114,triticum aestivum,,84.67581849497466,72.93946437652471,79.79636685343287,13.56,0.8651952603471295,0.9188719872195596,0.7864644107351225,0.6712100139082058,0.8664440734557597,0.6828225974567439,0.9236041457706452,0.4984355444305382,0.6829947119398831,0.5497665888629543,0.5467998868884909,0.8986702497335867,0.9534737723214286,0.3160757169091679,0.2834367945823927,0.5383813099707969,297.488424944928,60.68810516297861,3.9781260749541625,1.746900537993984,3.1276882817994065,1.6909400346907035,0.8613713450827029,21.61312897429159,0.47376353614443234
lantana camara,leaf,ethyl_acetate,solvent extraction,10.0471,sorghum bicolor,,55.94216782800627,53.10783739158637,62.31683240059059,24.74,0.7876752336448599,0.8704591234284921,0.7656276046007668,0.7830319888734353,0.9317612687813022,0.7473420888055035,0.8090939485122032,0.369002920317063,0.7108266072919566,0.476158719573191,0.6798001696672636,0.6862808692026132,0.7408621651785714,0.4108631162593587,0.3779627539503385,0.723404255319149,300.14511241961225,62.116682152381145,3.929364413864117,1.7866038779750384,3.1908827183490023,1.799284837106057,0.83391243186231,21.785060898600392,0.48485459147476506
lantana camara,leaf,aqueous,aqueous extraction,9.9691,zea mays,,57.42333043587357,49.73944498197022,64.97306372373387,16.83,0.8873497997329773,0.9433909842328264,0.6749458243040508,0.7410292072322671,0.9054674457429048,0.9939545549301648,0.9640588431962556,0.3840216937838965,0.9251322015029224,0.4674891630543514,0.687906494485814,0.8047537413705231,0.9628208705357144,0.3226444413052691,0.3362020316027088,0.697747183979975,298.7958202520882,63.66225054668202,3.8777464974657083,1.8636505499615403,3.293820171421382,1.734923159756552,0.9365738638043468,21.703496410770832,0.46003041517444065
parthenium hysterophorus,whole plant,aqueous,aqueous extraction,2.4485,triticum aestivum,,62.51568704598952,58.508603853995325,66.09939357644289,10.45,0.0,0.0,0.0,0.0,0.0,0.427663122785074,0.0,0.5350438047559449,0.0,0.9330610203401132,0.774531058535206,0.1910299772969467,0.0,0.0,0.0,0.0,269.3367327961121,111.12611505808943,1.280513105435156,4.135225622254847,5.349513106123078,2.1381613978967957,1.6061462654791612,19.39394908478919,0.14470785487307836
chromolaena odorata,leaf,aqueous,aqueous extraction,0.0,zea mays,,70.33658535622412,59.763458576736255,73.77357457330356,16.72,0.0,0.0,0.0,0.0,0.0,0.6282051282051283,0.0,0.9411764705882352,0.0,0.4125541847282427,0.0,0.3095955149886485,0.0,0.3238451758722983,0.0,0.0,248.34212550378138,86.23064124319521,2.4004208692477227,3.2333262544708115,4.433445330378511,1.0339182560234992,1.957920410795637,18.13854534864749,0.17290286708696706
azadirachta indica,leaves,hexane,solvent extraction,10.0,cabbage,,0.0,0.0,0.0,0.0,0.0,0.0,0.0,0.0,0.0,0.0,0.0,0.4046725073007927,0.0,0.5922807602534178,0.4469789801112263,0.2605754529027475,0.0,0.212388755473937,0.0,0.0,246.9477213257539,90.1735296681378,1.6454496500147409,3.3815486890279582,4.270121970832079,1.8977161701609127,1.1754819907797405,17.798666661291463,0.2615769966158745
eucalyptus globulus,leaf,aqueous,aqueous extraction,4.8119,hordeum vulgare,,52.18994518527926,44.709704375280616,58.76789366754764,12.14,0.0,0.0,0.0,0.0,0.0,0.0,0.0,0.0,0.0,0.3560353451150383,0.99245923272693,0.4082379650650976,0.0,0.806469840372934,0.9554176072234764,0.8151856487275762,233.65081241840304,54.59328856771401,2.5330143652905086,1.9188114503264793,2.597276595615976,2.294346283047254,0.3111571422665904,16.804690494292835,0.5590021208594733
lantana camara,leaf,ethanol,solvent extraction,97.5624,zea mays,,8.217731136257665,5.886782342632671,7.826206309396953,31.74,0.7373164218958612,0.7328610127109815,0.8579763293882314,0.8339360222531293,0.8616444073455759,0.6779237023139462,0.691073219658977,0.4010221109720484,0.6946841079877539,0.4527342447482494,0.788104439626732,0.7631005884260761,0.7280970982142857,0.3904506286198616,0.4118227990970655,0.624947851481018,300.8680862571812,62.48374165747944,3.914726779749703,1.810881671572302,3.197645611050214,1.8055880938448652,0.8109687701938034,21.832035593805816,0.4883882573210275
lantana camara,leaf,aqueous,aqueous extraction,24.5931,zea mays,,43.6620348449005,35.810302350176364,42.12968478939021,10.8,0.8813417890520694,0.7339723553518094,0.9628271378563094,0.9385257301808066,0.784432387312187,0.9038982697519284,0.8811434302908726,0.4578639966624948,0.8455329807959922,0.4954151383794598,0.6465265340748421,0.9271648982995876,0.7518833705357143,0.3150868766774968,0.4174661399548532,0.5075093867334167,302.85962533031795,63.33239732403551,3.9710310445244197,1.8338723438346112,3.267391049805286,1.7347596259852067,0.9088839371151258,22.00127186083127,0.46790755642768833
lantana camara,leaf,aqueous,aqueous extraction,9.4867,oryza sativa,,52.7733977912859,46.5933591736936,58.586595517550045,13.14,0.7580524032042724,0.8315621309995137,0.7326221036839473,0.9549374130737134,0.9426126878130218,0.8892015843235357,0.7860247408893346,0.4817480183562787,0.9415530197606458,0.4987495831943981,0.7318314638514469,0.9185470045869436,0.6802455357142857,0.3028676366718463,0.3150395033860045,0.6543596161869003,304.6911709852278,65.26421805233065,3.9173110088390577,1.9082469090754277,3.3578645764907096,1.791061749908212,0.9217342492116762,22.12240388507046,0.4645395442136385
lantana camara,stem,aqueous,aqueous extraction,5.0362,zea mays,,79.13695426081671,64.24737900544504,75.67599262453395,20.34,0.7682743658210949,0.75189275543516,0.903817302883814,0.8867872044506259,0.8184474123539233,0.8808630393996248,0.8946840521564694,0.3890279516061744,0.8839409963818536,0.4374791597199066,0.7753793948534264,0.7239030718621138,0.98876953125,0.3101426755191411,0.3895316027088036,0.7407175636211932,299.1520631578776,63.489839678871455,3.8738308397322845,1.860117011647826,3.2754903162895337,1.781992684190887,0.8973244530805411,21.719875166093157,0.46748022037542175
parthenium hysterophorus,leaf,aqueous,aqueous extraction,0.0,zea mays,,62.40173990077988,52.882513482618826,72.02846399866768,17.62,0.0,0.0,0.0,0.0,0.0,0.4763393787784032,0.0,0.547976637463496,0.0,0.8140213404468156,0.6669808653030446,0.2326831302413937,0.0,0.0,0.0,0.0,269.7395410799869,108.87547700059906,1.4418941787509207,4.050103885648305,5.285528316805359,2.0281090380251365,1.6632388624502654,19.45617200210043,0.14633940800320663
lantana camara,root,aqueous,aqueous extraction,2.5543,triticum aestivum,,88.34445116626226,75.81160000375802,98.32272889309348,13.46,0.9878588117489988,0.8651107869695075,0.8806467744624105,0.9045897079276772,0.9029632721202004,0.7800708776318532,0.7449013707790038,0.3652482269503546,0.9229056498747564,0.5905301767255752,0.564897728343859,0.6815085947273317,0.6962193080357143,0.3808447520836276,0.3494638826185101,0.5185648727576138,304.1906339967435,62.722777547174374,4.011456840125857,1.7853789615251785,3.215921227364194,1.742046184343258,0.8615774466416579,22.090400758362925,0.47803347155521236
lantana camara,seed,aqueous,filter paper,10.0,chenopodium album,C. album,58.0,91.6,0.0,0.0,0.7326852469959947,0.8563589636729875,0.9709951658609768,0.847009735744089,0.8768781302170284,0.979362101313321,0.9953192912069542,0.3731748018356279,0.6843863067074868,0.4308936312104034,0.54453765670657,0.7197331232914795,0.7385602678571428,0.4203277299053538,0.3549661399548532,0.5552774301209846,302.7270526537872,62.657174626978446,3.9905533177691757,1.786309467068024,3.2478464451568048,1.7286846309340655,0.9090013942791747,21.992698029234987,0.4736596343434569
ageratina adenophora,leaf,aqueous,aqueous extraction,0.0,oryza sativa,,48.57226737932842,45.663745959985576,56.04181715951059,8.83,0.0,0.0,0.0,0.0,0.0,0.0,0.0,0.5612223612849396,0.0,0.4740746915638546,0.0,0.2707686605198536,0.2696010044642857,0.0,0.0,0.0,231.61418191275374,70.18376166914783,2.7281194743958994,2.683521732902775,3.3958834968890166,1.1297696300781095,1.3694150869584192,16.89300340244558,0.20332537263961897
lantana camara,leaf,aqueous,aqueous extraction,9.7058,zea mays,,58.28004243275618,53.873804719688096,69.08142344756132,24.98,0.7861315086782376,0.7831492672084462,0.9058176362727122,0.82336578581363,0.7883973288814692,0.7977902855951636,0.7355399531929121,0.4472256987901544,0.7286390203172836,0.5351783927975992,0.5974172872089735,0.8442292545058612,0.99658203125,0.3088713095069925,0.286540632054176,0.576136837713809,298.0497410006517,60.96809516442621,3.9748713482665528,1.7644254038897276,3.129490755676186,1.709294483890066,0.846373293366937,21.649765872358053,0.47512525143032
parthenium hysterophorus,whole plant,aqueous,aqueous extraction,0.0,triticum aestivum,,51.913551424939286,49.85056687801608,62.4571469146253,3.4,0.0,0.0,0.0,0.0,0.0,0.3856577027308735,0.0,0.5523571130579892,0.0,0.7580860286762253,0.6079743613912716,0.2018255108186999,0.0,0.0,0.0,0.0,269.6919288044939,109.55275070478895,1.4198125753735276,4.080975979031901,5.3148550125407965,2.0303716726159706,1.6681047296161176,19.448567539730806,0.14309559861018026
lantana camara,leaf,methanol,solvent extraction,0.0,lactuca sativa,,57.58819359417987,50.056305558159664,62.52546020067019,61.65,0.8750000000000001,0.8194068208654581,0.673612268711452,0.7507649513212795,0.7074290484140234,0.8055034396497811,0.7101303911735206,0.4022736754276179,0.8538825494016142,0.5863621207069023,0.5373739277971533,0.8199508872723903,0.8083844866071429,0.3567594292979235,0.2968397291196388,0.5801001251564456,297.5810224264077,62.18378161438068,3.923823658711315,1.813091070021428,3.1917916097732846,1.7092581796980417,0.8918469298773866,21.618166302731797,0.4647945549428941
eucalyptus globulus,leaf,aqueous,aqueous extraction,50.866,hordeum vulgare,,18.436529209647738,13.975783181866896,17.13881973292517,21.0,0.0,0.0,0.0,0.0,0.0,0.0,0.0,0.0,0.0,0.380376792264088,0.9146008106324818,0.4135198999212344,0.0,0.7328012431134341,0.8757054176072234,0.707133917396746,234.0155750423554,54.93454823536814,2.5365351887746037,1.9317731425808589,2.603943675616735,2.266503097675029,0.32180247716440624,16.835706045214195,0.5513743084502916
lantana camara,leaf,aqueous,aqueous extraction,0.0,oryza sativa,,75.56250216454147,60.22942840603243,83.12940136967065,14.05,0.9595710947930574,0.7220948808779607,0.9399899983330556,0.678442280945758,0.7990400667779634,0.7521367521367522,0.8395185556670011,0.4920734251147268,0.79543556916226,0.5753584528176059,0.7882929588085588,0.8615577074549414,0.7651367187499999,0.3869190563638932,0.376834085778781,0.5604922820191907,295.36123027483825,63.1087570288926,3.8091086022862033,1.8705384527094533,3.2387864823864767,1.7472350885207222,0.8856139461686405,21.444803089523067,0.46606531348315816
ageratina adenophora,leaf,aqueous,aqueous extraction,10.2375,oryza sativa,,45.070975284043456,37.48657268981071,49.22645517667721,12.36,0.0,0.0,0.0,0.0,0.0,0.0,0.0,0.5014601585314977,0.0,0.4713237745915304,0.0,0.2820738544224621,0.2744838169642857,0.0,0.0,0.0,228.76135739793745,67.03665344264138,2.784007835937227,2.5640263135906958,3.219811989011771,1.128708953609054,1.2918658881442826,16.68880100288756,0.2159866401216956
lantana camara,leaf,aqueous,aqueous extraction,49.6715,oryza sativa,,20.265062326128337,14.162321245216985,18.374165918355047,21.5,0.9110063417890522,0.9331110648051676,0.8883147191198533,0.9502086230876216,0.9993739565943238,0.9060871377944548,0.9227683049147442,0.4297037964121819,0.9563039242972446,0.4584028009336445,0.7605806390800265,0.8101746745123478,0.8251255580357143,0.3121203559824834,0.3101015801354401,0.7067167292448895,304.72882834288407,64.3258659792195,3.9475043954714497,1.8583881519365224,3.3180127634436687,1.7907117084632327,0.8992949350046806,22.123759814330967,0.4723055996671724
parthenium hysterophorus,leaf,aqueous,aqueous extraction,0.0,zea mays,,58.29262229756917,57.95775084874569,77.18439743681061,15.86,0.0,0.0,0.0,0.0,0.0,0.4796747967479675,0.0,0.5632040050062579,0.0,0.6969823274424809,0.8194928834008861,0.2140110271973312,0.0,0.0,0.0,0.0,278.63383574635907,114.12040320730748,1.3156359592177567,4.234070642076107,5.577111791316832,2.1377734024794917,1.6749009053815453,20.06585424113122,0.16073886717376454
lantana camara,leaf,aqueous,aqueous extraction,50.5827,oryza sativa,,21.61884674297787,15.462943759298833,18.65480833213956,23.72,0.7991071428571428,0.7488365631728833,0.8306384397399567,0.936578581363004,0.96661101836394,0.7986241400875548,0.8577398863256436,0.3514810179390906,0.7433899248538826,0.5683561187062354,0.6324818550287492,0.8073483760366956,0.9421735491071428,0.3876960022602062,0.412951467268623,0.6138923654568211,298.7034340643662,60.648416866559174,3.983595282660925,1.7373894169245054,3.114021793004828,1.742552876533178,0.8294981998682482,21.694177587182928,0.4809248692964167
lantana camara,leaf,aqueous,aqueous extraction,24.6172,phaseolus vulgaris,,50.38090166491275,40.00294156217788,47.835999617726856,11.74,0.987691922563418,0.9026186010974508,0.9961660276712786,0.991933240611961,0.9745409015025042,0.9066082968521992,0.8582413908391843,0.4165623696287026,0.9384915112719175,0.536428809603201,0.6012819304364219,0.9521382569614976,0.8082449776785714,0.3631162593586665,0.373165914221219,0.500834376303713,304.51076855770236,61.963598596655515,4.0581129442685135,1.760486274335529,3.190593643693463,1.7133415864118895,0.8669776410043231,22.122569089597658,0.4793898545925869
lantana camara,leaf,aqueous,aqueous extraction,49.9015,zea mays,,20.702671506659385,15.484814846131831,17.79393977903893,7.76,0.8056992656875834,0.7257067444606515,0.941656942823804,0.97663421418637,0.7349749582637729,0.825515947467167,0.8704446673353393,0.3747392574050897,0.6821597550793209,0.4448982994331443,0.6479404279385427,0.8708242598341288,0.9296875,0.3970193530159627,0.2966986455981941,0.6787651230705048,299.51560340077936,60.73462454670863,3.9930157019358616,1.7413242292284692,3.1300228000549897,1.7587375941814,0.8346971920852608,21.75295307069223,0.48375782346683505
lantana camara,leaf,ethyl_acetate,solvent extraction,0.0,sorghum bicolor,,63.8112468643963,59.896927170197394,79.9611297494486,25.22,0.9358728304405874,0.7762033757032716,0.9354892482080348,0.6965229485396384,0.6825959933222037,0.9722743381279968,0.9363089267803408,0.398936170212766,0.8296688004453103,0.5560186728909636,0.6050523140729569,0.6917944678682296,0.9260602678571428,0.3944059895465461,0.3840293453724605,0.6011681268251983,294.5422647760094,62.63689110168456,3.844870334881616,1.8417150872253574,3.2351435021698385,1.6993595832850867,0.9337802937291253,21.400087056581267,0.45673497765039395
lantana camara,leaves,aqueous,aqueous extraction,66.7,brassica chinensis,,18.92280381243325,12.96041791398907,17.666367079648975,,0.7371078104138853,0.9173438910884212,0.7064510751791967,0.6962447844228095,0.726627712854758,0.9179695643110278,0.837178201270478,0.458906967042136,0.8232674645143335,0.4737412470823607,0.585729097935715,0.9404624009637216,0.70068359375,0.3382539906766492,0.3184255079006772,0.6852315394242804,299.08483849188224,63.541343141149866,3.8953434823604307,1.8639949770977902,3.282734959264917,1.7413521808397996,0.9362838903192641,21.726397671387573,0.46098606111623275
lantana camara,leaf,aqueous,aqueous extraction,99.5237,triticum aestivum,,9.1612832806971,6.53554196245477,7.851448683018519,17.36,0.9848130841121496,0.9432520664027229,0.7591265210868479,0.6853963838664812,0.9818447412353924,0.8512612049197416,0.7393848211300568,0.4704839382561536,0.8344002226551629,0.4068856285428476,0.7080780469412762,0.8013251169902239,0.6867327008928572,0.4129820596129397,0.3558126410835214,0.721735502711723,299.64576526506823,62.65238526030806,3.9093089330334685,1.8224975293270005,3.225426345975117,1.767349398238068,0.8640667828700861,21.75311384484647,0.4812615866826793
lantana camara,leaf,aqueous,aqueous extraction,5.0835,zea mays,,66.63674659159553,61.85674301671021,67.76693779800398,11.8,0.7756592122830441,0.8267694658609432,0.9928321386897816,0.8261474269819193,0.7113939899833055,0.7160725453408381,0.7811768639251087,0.4985398414685024,0.6732535485666574,0.4906635545181727,0.7502120840795551,0.9771579483853032,0.9981166294642856,0.2885294533126147,0.3593397291196388,0.6120150187734669,299.34544603281574,61.314384134423655,3.96197090091365,1.7779354600296648,3.1450064991035216,1.7487007388494655,0.8200126696586978,21.7339593342656,0.4824308898286446
lantana camara,leaf,aqueous,aqueous extraction,0.0,oryza sativa,,76.21648953648236,66.40278076394003,87.28258463058721,18.65,0.9919893190921228,0.7492533166631937,0.7499583263877313,0.7140472878998609,0.9551335559265444,0.9037940379403794,0.8253092611166833,0.4826866916979558,0.7447815196214863,0.4342280760253417,0.6975209727589783,0.957651855627114,0.9002511160714286,0.3577482695295946,0.396726862302483,0.5976220275344181,295.564716129626,61.23646540935951,3.90701374200986,1.7959537921071027,3.1588658766097897,1.709229823945753,0.8728268827325489,21.470648888096413,0.4736227313821768
chromolaena odorata,leaf,aqueous,aqueous extraction,51.8374,zea mays,,22.795360039867457,18.590231869167624,21.2545645104206,23.77,0.0,0.0,0.0,0.0,0.0,0.606733375026058,0.0,0.7660617438464749,0.0,0.4933311103701234,0.0,0.3522216559329102,0.0,0.3327447379573386,0.0,0.0,241.42476576045757,80.91339997181505,2.440439440775267,3.0329104793322466,4.109151386012187,1.062948076034799,1.8077416810230273,17.635790272563895,0.19078475973464554
lantana camara,root,aqueous,aqueous extraction,10.2728,triticum aestivum,,76.23357398846494,60.60491159131604,72.67952033135884,1.0,0.7530040053404539,1.0,0.9063177196199368,0.6834492350486786,0.6884390651085142,0.9193245778611632,0.8348378468739551,0.4137463496036713,0.6768716949624269,0.5886962320773591,0.6121217833914601,0.9075198072557106,0.8634905133928571,0.3519564910298065,0.4184537246049661,0.622444722569879,298.2610701512162,61.74519349018169,3.9392030854526876,1.786890306106704,3.171611977806176,1.7226282195717981,0.8660654711326069,21.66260656530087,0.47249996186297816
lantana camara,leaf,aqueous,aqueous extraction,0.9955,triticum aestivum,,74.26228375614325,65.76287667433819,77.06617424113801,15.45,0.7893858477970628,0.716816003334028,0.9574929154859144,0.8687065368567455,0.7124373956594324,0.7893475088597041,0.8430290872617854,0.41093032957864,0.7770665182298914,0.4612370790263421,0.594023941936092,0.9628874577213548,0.8923688616071428,0.3792908602910015,0.3412810383747178,0.5665415102211098,297.9489076453266,60.59157890802244,3.9854445076544227,1.7490633053619526,3.125652381535534,1.7082805705951136,0.8602111993678321,21.64847697160514,0.4770396719614707
lantana camara,leaf,aqueous,aqueous extraction,50.2344,oryza sativa,,25.02192633637871,17.351585803297183,22.50078868784683,14.24,0.685580774365821,0.985483086754185,0.9938323053842308,0.9143254520166898,0.8230383973288815,0.7613091515530541,0.8681043129388164,0.4062369628702545,0.9763428889507376,0.4577359119706568,0.7071354510321425,0.9584858453412408,0.90185546875,0.2881762960870179,0.3610327313769751,0.507717980809345,306.3438137048379,63.43942006058698,4.021443840344853,1.8144775663680948,3.2691774585583993,1.7332876874588377,0.8796572603671637,22.248153077793212,0.4764219173818438
ageratina adenophora,leaf,aqueous,aqueous extraction,102.944,oryza sativa,,6.255724493764826,4.401714747404935,5.423208247147528,17.22,0.0,0.0,0.0,0.0,0.0,0.0,0.0,0.4451397580308719,0.0,0.4911637212404134,0.0,0.2301348283371171,0.2782505580357142,0.0,0.0,0.0,225.03394653480547,66.91160420585855,2.707652173039029,2.5605443786862097,3.1767874585861935,1.1473764824163517,1.2643435128287257,16.410282485585363,0.20678362098503306
parthenium hysterophorus,leaf,aqueous,aqueous extraction,2.4805,zea mays,,73.74395521706712,59.33513080564316,81.0601071285395,9.48,0.0,0.0,0.0,0.0,0.0,0.3799249530956848,0.0,0.5661243220692532,0.0,0.8217739246415472,0.7069469318503158,0.2713246536626048,0.0,0.0,0.0,0.0,269.7993208043825,108.13821867130738,1.4389400516022823,4.0265634117467055,5.230452087295819,2.071563420142554,1.590210471004829,19.446674898071247,0.16047083042913368
chromolaena odorata,leaf,aqueous,aqueous extraction,4.8658,oryza sativa,,70.7699750804591,61.78833570025066,79.37678157962803,16.39,0.0,0.0,0.0,0.0,0.0,0.5222013758599124,0.0,0.8850646641635379,0.0,0.406968989663221,0.0,0.2898577584209795,0.0,0.2917078683429863,0.0,0.0,247.40179728832118,85.95883854758836,2.3915833698091564,3.2285807136835865,4.403357952544774,1.0481096459381531,1.9320334925490252,18.065443367330158,0.17298555981232616
lantana camara,leaf,aqueous,aqueous extraction,0.9686,oryza sativa,,74.92844251162641,62.88057429435145,81.32981594777604,22.56,0.9294893190921228,0.7123706327707161,0.797966327721287,0.9655076495132128,0.6686143572621036,0.8379195330414843,0.938649281176864,0.392991239048811,0.8048984135819649,0.433727909303101,0.7233481006692432,0.7427141731918641,0.8380998883928572,0.4225173047040543,0.3606094808126411,0.5037546933667084,303.0676060442529,64.12269509196044,3.9213072441307,1.856144668826906,3.312327916832573,1.7472326740932314,0.9103485136871519,22.00908889913448,0.4695170076887195
acmella oleracea,aerial,ethanol,solvent extraction,2.4204,lactuca sativa,,62.60056289370737,58.82654622246915,77.50390450288626,73.09,0.0,0.0,0.0,0.0,0.0,0.6435272045028143,0.0,0.5853149770546517,0.0,0.5608536178726242,0.0,0.0,0.0,0.0,0.0,0.0,258.22815174188025,107.2886973357243,1.8455366842354834,4.013667886570342,5.386909285414523,1.3133793005779095,2.373241398844181,18.820012782524977,0.0
lantana camara,leaf,aqueous,aqueous extraction,1.0014,zea mays,,68.69749638169543,63.42257310196948,78.45213900964596,23.01,0.6721461949265687,0.7496006112384525,0.8189698283047175,0.7991655076495132,0.938230383973289,0.760371065249114,0.6793714476763624,0.4362745098039216,0.7926523796270526,0.5304268089363121,0.5565086247525686,0.7627762590928047,0.7164481026785715,0.3448227150727503,0.3558126410835214,0.6042970379641218,299.3362562700943,62.01825596934303,3.9527701805531663,1.7976594239193917,3.1820822401124236,1.7449840780063948,0.8645229576546456,21.739377623204867,0.47404607357867806
lantana camara,stem,aqueous,aqueous extraction,0.9974,zea mays,,72.64252468575218,74.33956195802111,86.11640448854989,12.33,0.8707443257676903,0.7559213725081614,0.7407901316886149,0.705702364394993,0.8879382303839733,0.9391286220554512,0.9105650284185892,0.4788277012932833,0.9707765098803228,0.4676558852950984,0.6891318691676878,0.7278876893851643,0.9146205357142856,0.3458821867495409,0.4181715575620767,0.5047976637463496,297.51096992232897,64.67159496936549,3.822044364817129,1.9180276807874101,3.3471560198129255,1.6895794074547985,0.9758256320640266,21.614991437320445,0.4500893380852354
lantana camara,leaves,methanol,solvent extraction,2.0,saccharum,,86.67943069442987,71.99548275055352,92.47964792299354,,0.7965203604806409,0.7873862610266028,0.7972995499249876,0.6976356050069541,0.6936560934891486,0.8483427141963727,0.969241056502842,0.4959324155193992,0.9034233231283052,0.4967489163054351,0.6483174663021962,0.9481536394384468,0.9854910714285714,0.3004661675377878,0.3591986455981941,0.6998331247392574,293.9490515829588,62.68606373065357,3.8387710664401506,1.8623951506641652,3.2451379034240753,1.715072154904766,0.9447163941483736,21.35863489170338,0.4532603957244285
chromolaena odorata,leaf,aqueous,aqueous extraction,9.7984,oryza sativa,,69.45098895443469,58.0595913175744,65.50279594174269,5.21,0.0,0.0,0.0,0.0,0.0,0.5182405670210549,0.0,0.7917188151856488,0.0,0.3701233744581527,0.0,0.3879442153546772,0.0,0.2787823138861421,0.0,0.0,246.18954180703207,81.11994976201669,2.5461842767217715,3.0432496199326757,4.159624427271285,1.038921381946365,1.8322756548233174,17.98891901827254,0.19935723749277556
parthenium hysterophorus,leaf,methanol,solvent extraction,5.125,oryza sativa,,65.71797937745775,58.14462864927601,72.31945688688222,59.09,0.0,0.0,0.0,0.0,0.0,0.3520950594121326,0.0,0.5516270337922403,0.0,0.8226075358452818,0.7150532566688661,0.1964509104387712,0.0,0.0,0.0,0.0,270.79745629745804,111.21285865785114,1.3114733845575717,4.14152611513032,5.368878158486059,2.1250774442935807,1.610725845698397,19.500730457767702,0.14984274855239926
eucalyptus globulus,leaf,aqueous,aqueous extraction,2.4629,triticum aestivum,,65.58772158184638,55.683606812432615,68.50176683230237,14.47,0.0,0.0,0.0,0.0,0.0,0.0,0.0,0.0,0.0,0.4267255751917305,0.7824488641719295,0.3941991382106287,0.0,0.9108631162593588,0.9836343115124154,0.7659574468085107,225.4024421365797,48.63055965590672,2.6748223330616163,1.6962794339243943,2.293989231223689,2.1296977947399878,0.2835889044158535,16.24211662438809,0.5643311928683896
lantana camara,root,aqueous,aqueous extraction,9.8913,triticum aestivum,,82.3358189421689,64.77450791161736,77.02784867987899,17.33,0.69609479305741,0.77057720358408,0.6709451575262545,0.8125173852573017,0.9040066777963272,0.8491765686887639,0.8747910397860247,0.3824572382144347,0.68939604787086,0.5476825608536179,0.5547176925252144,0.6757169994903397,0.8703962053571428,0.2926260771295381,0.4143623024830699,0.7342511472674177,297.86131537283165,62.07041857126151,3.9242933260696073,1.7991495716232295,3.1968180177530203,1.7739723407200692,0.8836233411637797,21.63216111352623,0.46741231052513
lantana camara,leaf,aqueous,aqueous extraction,50.5484,phaseolus vulgaris,,25.3553106664674,17.10361943510947,22.97003145192862,16.31,0.7038134178905207,0.7179968048899076,0.94599099849975,0.8292072322670375,0.6840567612687813,0.8408380237648531,0.9588766298896688,0.3520025031289112,0.7951572502087393,0.5013337779259753,0.642002073711,0.9191956632534866,0.8736746651785714,0.3068229975985309,0.3900959367945824,0.6366291197329996,297.56660076598143,62.07925040055253,3.9149591713563243,1.8096056038259685,3.2064903096366755,1.7486230123329687,0.8996426827194061,21.617312866448838,0.4654712464624654
lantana camara,leaf,aqueous,aqueous extraction,10.407,phaseolus vulgaris,,66.03724147359057,56.230219166684,68.6943289267863,9.84,0.978679906542056,0.8549697853719525,0.814135689281547,0.9029207232267036,0.9476210350584308,0.8512612049197416,0.8055834169174189,0.4259491030454735,0.8124130253270248,0.5655218406135378,0.7677443679894429,0.7676875318537738,0.7735770089285714,0.4191269953383246,0.3452313769751693,0.6105548602419691,302.00261921328433,63.51456980113687,3.9149024119820703,1.839349350795679,3.255724557275264,1.7756797508846036,0.8605089324822661,21.921859076655068,0.47678212938402154
parthenium hysterophorus,leaf,aqueous,aqueous extraction,99.1292,zea mays,,8.183622819417042,6.065909710464568,7.84043828765374,12.71,0.0,0.0,0.0,0.0,0.0,0.3373983739837398,0.0,0.5818731748018356,0.0,0.8997165721907302,0.670091431803186,0.199555205485799,0.0,0.0,0.0,0.0,267.02402784918513,109.45684038384746,1.3477702202982702,4.0833577872878815,5.265640338462084,2.0823303011517327,1.609598565609123,19.239361265823753,0.1414875122950674
lantana camara,leaf,aqueous,aqueous extraction,4.8867,zea mays,,57.07880886989034,54.02122010284679,66.35787437103804,18.45,0.850216955941255,0.8537889838160727,0.8353058843140524,0.8801112656467316,0.8040484140233723,0.9958307275380448,0.9979939819458374,0.4849812265331665,0.9345950459226272,0.4539846615538512,0.6124988217551136,0.7352082657647223,0.8466099330357143,0.4001977680463343,0.3442437923250564,0.5765540258656654,301.93417212643476,64.76459667865765,3.906394206906012,1.8873496037370199,3.359438134787374,1.713030328423971,0.9741961963984116,21.936959197314003,0.45599210396281276
eucalyptus globulus,leaf,aqueous,aqueous extraction,99.1711,triticum aestivum,,8.02705995521108,5.415509096266296,6.883506792340741,18.35,0.0,0.0,0.0,0.0,0.0,0.0,0.0,0.0,0.0,0.4125541847282427,0.7652936186256951,0.3533336422184127,0.0,0.8104252012996186,0.8563769751693002,0.6787651230705048,227.050445938182,51.02449580354379,2.593649974773486,1.789225542496194,2.4049384424953066,2.1621137938444166,0.30382361117394985,16.3510998758017,0.5555357196068275
lantana camara,leaf,ethanol,solvent extraction,1.0077,zea mays,,65.36019812410808,58.40721568555701,70.76297309926568,49.46,0.7538384512683579,0.8878238521914288,0.7062843807301218,0.980250347705146,0.96661101836394,0.9075463831561392,0.6883985289200937,0.4335627868168544,0.9404397439465628,0.4136378792930976,0.6630219624846828,0.8620673678357968,0.7578822544642857,0.4138296369543721,0.3617381489841986,0.5294117647058824,306.25756472615484,63.76847040809234,4.008571793502856,1.8316252793435748,3.2825867626585215,1.7291567884474852,0.8864012780156174,22.24159428097878,0.47802364636447126
parthenium hysterophorus,leaf,aqueous,aqueous extraction,0.9933,zea mays,,65.37435990690237,60.2963198149842,66.79356945024442,15.82,0.0,0.0,0.0,0.0,0.0,0.408692933083177,0.0,0.6287025448477264,0.0,0.7336612204068023,0.6288999905740409,0.2549691887133392,0.0,0.0,0.0,0.0,271.4754279574733,108.72815106569269,1.506714205400669,4.050082208266617,5.3053304112752055,1.986980922598457,1.68545106380761,19.589465701274577,0.15097128064038876
dalbergia sissoo,leaf,aqueous,leachate,0.0,unknown,,85.0,14.0,23.0,,0.0,0.0,0.0,0.0,0.0,0.0,0.0,0.4371088861076345,0.0,0.4216405468489496,0.3988123291544914,0.196636241486355,0.0,0.2417714366435937,0.0,0.0,250.13893280696473,91.92955941948955,1.6419474132814926,3.44542767538402,4.431201587847122,1.811515859314797,1.2569681291093222,18.03498880438559,0.27408176008706575
lantana camara,leaves,ethanol,soxhlet extraction,10.5,lantana camara,var. camara,66.08880349560337,61.5309094751003,74.60830333749969,15.2,0.9951184913217624,0.8231576022782524,0.9658276379396566,0.8264255910987482,0.6880217028380635,0.8077965395038567,0.691073219658977,0.4327284105131415,0.7442248817144448,0.527675891963988,0.5412385710246017,0.8367233470787194,0.8158482142857143,0.4230823562650092,0.3496049661399549,0.622444722569879,298.12829098356633,59.96969185812993,4.010013593056286,1.7173144261991742,3.0763018498834223,1.7164305621852995,0.8201595941334019,21.65500038947731,0.4857638089443119
lantana camara,Leaf,"aqueous, methanol, ethyl acetate, chloroform","Standard extraction method (Harborne, 1998; Nath et al., 2013)",8.0,sugarcane,,68.82180262233855,60.32012187405365,76.71400332966768,,0.6990153538050735,0.9559630478571924,0.902817136189365,0.944645340751043,0.9935308848080134,0.688138419845737,0.9926446004680708,0.3855861493533584,0.7311438908989701,0.457402467489163,0.7823546045810161,0.8456192373627394,0.9762834821428572,0.3626924706879503,0.3449492099322799,0.600125156445557,304.6917762515768,62.30612771989195,4.0066117417911595,1.7680163947309426,3.2080099803421374,1.7771620794869083,0.8258912273235245,22.117717972851583,0.4882513152045692
chromolaena odorata,leaf,aqueous,aqueous extraction,1.0076,zea mays,,78.12933233414222,68.80174192078543,80.97977457601229,8.78,0.0,0.0,0.0,0.0,0.0,0.5766103814884304,0.0,0.7996453900709221,0.0,0.419889963321107,0.0,0.3451327433628319,0.0,0.287611244526063,0.0,0.0,245.80970840627936,83.07119577760052,2.4623669479587926,3.1143193926676087,4.247557973783743,1.0544605700106562,1.8727310817606442,17.956905801456223,0.18404245253404752
lantana camara,stem,aqueous,aqueous extraction,9.9337,zea mays,,73.17982874039144,60.96541594487879,74.28316822187406,16.74,0.8483811748998664,0.7098006529138015,0.8964827471245208,0.9827538247566064,0.8103088480801336,0.7211799041067334,0.779839518555667,0.3890279516061744,0.8196493181185638,0.4382294098032677,0.5787538882081251,0.8781911689755827,0.7230747767857143,0.3776663370532561,0.3206828442437923,0.568418856904464,303.05001817788286,61.324979284616035,4.043935893288663,1.746293801837746,3.158361380848257,1.7518040689835437,0.8435437359346618,22.01203616436012,0.485105540309013
lantana camara,leaf,aqueous,aqueous extraction,0.0,zea mays,,58.47864598876157,53.84972302023652,72.46022545140222,13.42,0.9825600801068092,0.8008612905466416,0.741623603933989,0.9502086230876216,0.8011268781302171,0.9697727746508236,0.936977599465062,0.3781810596579057,0.7595324241580852,0.4510670223407802,0.5634838344801584,0.7340962794792197,0.7317243303571429,0.3480717615482412,0.3944695259593679,0.5730079265748853,304.71780960899014,63.39903940572566,4.002498403042296,1.8114200330648478,3.2800003972320977,1.7525140989889554,0.9128503136839972,22.13502553475614,0.47105188984894564
lantana camara,leaf,aqueous,aqueous extraction,0.0,triticum aestivum,,72.08878518388379,66.57268209522137,77.39742785092538,11.52,0.9977052736982644,0.7168854622490797,0.943657276212702,0.6848400556328234,0.827212020033389,0.7453616843860746,0.8520561685055166,0.4048811013767209,0.9337600890620652,0.4979159719906635,0.6600056555754548,0.945929666867442,0.6994280133928571,0.2859160898431982,0.4026523702031603,0.5148101793909053,297.70418985531217,62.27063822642139,3.9078331999295473,1.8224566722111888,3.210071660228682,1.7279564453126484,0.8967950545950121,21.62683794120253,0.4676530526927372
lantana camara,leaf,ethyl_acetate,solvent extraction,50.0321,sorghum bicolor,,23.254232997940125,16.339335644157604,21.57372299274389,30.73,0.8591455273698264,0.8949781204417586,0.6871145190865144,0.7187760778859527,0.7783806343906511,0.7669376693766938,0.6845536609829488,0.3379224030037547,0.8115780684664625,0.5768589529843281,0.5922330097087379,0.8674419682157255,0.7005440848214285,0.3591608984319819,0.3419864559819413,0.6887776387150606,298.1496030920316,61.463471973576674,3.9391614442412033,1.779154599052088,3.145961310579465,1.7645530975210137,0.8411531576339057,21.64928642432772,0.4777547241142037
ageratina adenophora,leaf,aqueous,aqueous extraction,9.9997,oryza sativa,,47.01063161051852,37.5725730255628,50.25934101554736,18.39,0.0,0.0,0.0,0.0,0.0,0.0,0.0,0.5646641635377555,0.0,0.6913971323774591,0.0,0.3331325580317843,0.2561383928571428,0.0,0.0,0.0,226.04841319895607,69.33023890822936,2.6203534353465745,2.6540002339974085,3.265992101061646,1.2358701205564062,1.2926613227086279,16.47607197298805,0.19155197378059474
tagetes erecta,root,aqueous,root extract preparation,10.0,rhus typhina,,74.08178490490843,60.69421623719904,84.06360460177012,,0.0,0.0,0.0,0.0,0.0,0.0,0.0,0.3595118898623279,0.0,0.4223074358119373,0.5572627014798756,0.2036324885326414,0.0,0.1942364740782596,0.0,0.0,260.70895984866047,98.95105799911516,1.405816476125419,3.689256636131988,4.7448702910298906,2.0937896793681547,1.1848957276320142,18.734383723563973,0.28314473326375067
chromolaena odorata,leaf,aqueous,aqueous extraction,51.2449,oryza sativa,,24.179704667188552,15.848146804492313,20.713283895222517,10.83,0.0,0.0,0.0,0.0,0.0,0.6794871794871795,0.0,0.727680433875678,0.0,0.3929643214404801,0.0,0.2907380808970023,0.0,0.3222912840796723,0.0,0.0,245.15419224160436,83.56524601315061,2.421533748429082,3.1225612031551617,4.288805343976694,1.0292864954229335,1.9122083393056712,17.914221245438057,0.1818343594972489
acmella oleracea,aerial,ethanol,solvent extraction,10.1306,lactuca sativa,,54.502184390561744,46.22865638207145,59.58633330113391,52.95,0.0,0.0,0.0,0.0,0.0,0.6427975818219721,0.0,0.5630997079682938,0.0,0.6532177392464155,0.0,0.0,0.0,0.0,0.0,0.0,253.81265487884204,105.53251479659843,1.811372882601773,3.951526382246064,5.248807369119817,1.3513595065631234,2.2972809868737527,18.4920098363042,0.0
lantana camara,leaf,methanol,solvent extraction,49.7151,lactuca sativa,,18.929767836510862,14.534521931509564,18.37359078674593,54.17,0.760555740987984,0.9031742724178649,0.9828304717452908,0.6981919332406119,0.7767111853088481,0.6935584740462789,0.9197592778335004,0.382665832290363,0.9649318118563874,0.5526008669556518,0.7121312093505514,0.915952369920771,0.6979631696428571,0.3919338889673683,0.2978273137697517,0.6483103879849813,298.31881479834385,63.23840912603807,3.863967404856699,1.8493331559324433,3.2554520804046296,1.7648364793212272,0.8980785969902251,21.662212744757355,0.46758807419639326
lantana camara,leaf,none,dry powder preparation,0.0,triticum turgidum,,96.6,72.92292104432262,87.78426847737671,,0.6945093457943926,0.8840730707786344,0.9573262210368396,0.8792767732962448,0.8109348914858098,0.7818428184281844,0.7011033099297893,0.4918648310387986,0.8032284998608406,0.5620206735578526,0.7849938731265905,0.8212018718435806,0.8445172991071428,0.3128266704336771,0.3086907449209932,0.5356695869837297,304.1246113988169,64.51961272046593,3.9212365299459884,1.8778900585833425,3.299812939512239,1.7658829581442652,0.8663919094174127,22.073784504693567,0.4726693687204076
acmella oleracea,aerial,ethanol,solvent extraction,4.9413,lactuca sativa,,63.90679419020786,53.16287542006378,65.15693851851918,49.33,0.0,0.0,0.0,0.0,0.0,0.7629768605378362,0.0,0.5727993324989571,0.0,0.5617705901967323,0.0,0.0,0.0,0.0,0.0,0.0,259.66341929074036,107.35746898170676,1.871783298584207,4.005812105609029,5.413710139891542,1.2960509828587434,2.407898034282513,18.933455225597825,0.0
lantana camara,stem,aqueous,aqueous extraction,2.4465,zea mays,,79.30331925793595,74.25380527526066,90.01320996253071,16.64,0.8229305740987984,0.6826422171285684,0.6946157692948824,0.7977746870653685,0.7537562604340569,0.8494892641234105,0.97592778335005,0.4797663746349603,0.9738380183690508,0.570273424474825,0.7824488641719295,0.9277208914423388,0.9244559151785714,0.327235485238028,0.3462189616252822,0.5519399249061326,296.2792066360098,65.12698130621277,3.7722501290798833,1.9515302556947178,3.3613192926058053,1.726014933834497,0.9763330432819058,21.52236073684451,0.44391343790705073
chromolaena odorata,leaf,aqueous,aqueous extraction,0.0,oryza sativa,,71.1901938844791,68.7783130145048,80.5164865979542,12.55,0.0,0.0,0.0,0.0,0.0,0.5792161767771524,0.0,0.7996453900709221,0.0,0.3550350116705568,0.0,0.2950006949914284,0.0,0.3045627913547111,0.0,0.0,247.11279716995892,84.4313719523121,2.437872047180626,3.1627696584996365,4.344586812870335,1.0216297767747617,1.9248753299213115,18.053563897218776,0.18331788923071485
lantana camara,leaves,hexane,saponification with aqueous potassium hydroxide,0.013,unknown,,75.31737530121246,73.27088025586794,92.42772574838236,,0.6791972630173565,0.8842814475237897,0.9411568594765796,0.7237830319888734,0.7168196994991654,0.8451115280383574,0.6912403878301571,0.3425114726741761,0.6682438074032842,0.4874124708236079,0.7323027618060137,0.9651114302923596,0.7178431919642857,0.406695860997316,0.3038939051918736,0.5246141009595329,300.49332698016815,62.19928880367091,3.933344076143993,1.8013707808486852,3.185662220679182,1.7448034288041658,0.8335704690100827,21.816026375965144,0.483236232040069
eucalyptus globulus,leaf,aqueous,aqueous extraction,92.7032,hordeum vulgare,,7.285127633006532,5.694261990876949,7.126792995722934,9.19,0.0,0.0,0.0,0.0,0.0,0.0,0.0,0.0,0.0,0.3594531510503501,0.831558111037798,0.3816429597368299,0.0,0.687950275462636,0.8148984198645598,0.8842302878598248,228.62359789280612,52.402126140481386,2.555906491957605,1.8585564319977066,2.4843598671391525,2.354165396480891,0.30078068405735914,16.44467936344631,0.5545263730094065
lantana camara,leaf,aqueous,aqueous extraction,9.8246,triticum aestivum,,63.42577945038009,50.18701762109016,63.73340905634059,25.65,0.8134596128170895,0.9188719872195596,0.9993332222037008,0.7210013908205841,0.7353923205342238,0.8626224723785699,0.7764961551320627,0.4501460158531498,0.987475647091567,0.5176725575191731,0.7031765482137807,0.8979752583051477,0.8811383928571428,0.3895324198333098,0.3834650112866817,0.707968293700459,296.648812190945,62.48341069722254,3.8775856539419733,1.8361021142519465,3.2142713592918555,1.7298177810510795,0.8897763165307246,21.544238272219303,0.4685255246953855
chromolaena odorata,leaf,aqueous,aqueous extraction,49.6202,zea mays,,23.503097214699213,17.15971225751287,22.087420027449053,22.14,0.0,0.0,0.0,0.0,0.0,0.7208672086720868,0.0,0.7268460575719651,0.0,0.3684561520506835,0.0,0.3730713987860816,0.0,0.2363328153694024,0.0,0.0,250.34810161497577,84.20260620970251,2.522141748572552,3.1427895969497737,4.336497548649124,1.0544709651002495,1.9424666758202551,18.29998609368332,0.1753043266369282
chromolaena odorata,leaf,aqueous,aqueous extraction,2.484,zea mays,,76.03761138009735,66.02157344260088,80.96041154525145,16.26,0.0,0.0,0.0,0.0,0.0,0.5548259328747135,0.0,0.8112223612849395,0.0,0.4779926642214071,0.0,0.3791873233563452,0.0,0.2651504449781042,0.0,0.0,245.09005902993204,82.53915799212457,2.469416776129446,3.098159234291336,4.196101665235314,1.0855344955967536,1.839003644248541,17.901085231576744,0.18147745050695846
lantana camara,leaf,aqueous,aqueous extraction,4.8537,triticum aestivum,,66.73604873476098,61.54870770809627,80.30728631894425,11.35,0.8530957943925234,0.7659929151906647,0.7767961326887816,0.9785813630041724,0.895450751252087,0.8660621221596831,0.9336342360414576,0.4594284522319566,0.9660450876704704,0.561353784594865,0.5930813460269583,0.9978686929527868,0.7559291294642857,0.3092950981777086,0.3604683972911964,0.531706299541093,302.6893033829224,63.56160838463759,3.9721189871148512,1.8430501617331085,3.2812210554696324,1.7282472763971248,0.9332306052692954,21.99415390216316,0.4606453253140138
capsicum annuum l.,seedling,aqueous,,0.0,chilli,Capsicum annuum L.,80.0,42.9,45.2,,0.0,0.0,0.0,0.0,0.0,0.0,0.0,0.4642261159783062,0.0,0.5646048682894298,0.4991987934772363,0.2249918917666682,0.0,0.2236191552479163,0.0,0.0,251.97434266748482,94.66940884479287,1.5415525500499674,3.546490519579331,4.52130081124953,1.9301548720652737,1.2427558810541097,18.147071427528658,0.25634831560410887
lantana camara,leaf,aqueous,aqueous extraction,0.0,zea mays,,60.22180607794666,53.1205863803236,65.82781531597264,13.62,0.9445093457943926,0.8487879419323471,0.9203200533422238,0.8253129346314325,0.8345158597662772,0.8035230352303523,0.697592778335005,0.3708802670004172,0.815196214862232,0.5487662554184728,0.5904420774813838,0.8985312514478989,0.8955775669642857,0.3789377030654047,0.3452313769751693,0.5191906549853984,299.274011612053,60.16484829246197,4.022327496431087,1.7198580982569367,3.08314998401812,1.696774390370989,0.8187707614713142,21.739606286498947,0.4846434217583252
lantana camara,root,aqueous,aqueous extraction,0.0,triticum aestivum,,86.804518751755,72.32947264142355,92.61349692898408,14.72,0.7861315086782376,0.7741890671667709,0.9663277212868812,0.8556328233657858,0.9747495826377296,0.8400041692724619,0.7021063189568706,0.3611806424697539,0.7122182020595603,0.5910303434478159,0.603072862663776,0.7321966362414865,0.8866489955357143,0.3508263879078966,0.2979683972911964,0.6105548602419691,298.6131578281439,60.7465650644005,3.980037625971733,1.7443084553081243,3.1072902286578747,1.742318138368653,0.8185390115620084,21.68431392682158,0.48161306263408743
parthenium hysterophorus,whole plant,aqueous,aqueous extraction,50.5487,triticum aestivum,,19.72459398548639,14.819191585535265,18.41434753304908,18.89,0.0,0.0,0.0,0.0,0.0,0.4423598082134667,0.0,0.6615561118064247,0.0,0.7612537512504167,0.8091243284004147,0.2416716860492054,0.0,0.0,0.0,0.0,276.43546760841286,112.67614798894198,1.3678905825444418,4.189256093054389,5.501370469289233,2.09350626177359,1.6742741053570214,19.916769376175903,0.15768272660314367
lantana camara,leaf,ethyl_acetate,solvent extraction,1.005,sorghum bicolor,,75.97487298839553,56.75567977845789,72.37789513932803,31.61,0.7153704939919894,0.7489754810029867,0.7331221870311718,0.7429763560500694,0.8868948247078464,0.7627683969147384,0.712136409227683,0.4173967459324155,0.7414416921792375,0.5872790930310103,0.5288905646149495,1.0,0.9607282366071428,0.4072609125582709,0.343961625282167,0.738840216937839,290.4309895845204,58.25910490319409,3.941697498846823,1.6998374234414428,2.9867936282120393,1.7032779504796154,0.8176790022834599,21.10266738003304,0.4780811938423055
parthenium hysterophorus,leaf,methanol,solvent extraction,2.5568,oryza sativa,,67.12640028260424,65.04996959587126,80.47265801641853,60.31,0.0,0.0,0.0,0.0,0.0,0.3764853033145716,0.0,0.6417396745932415,0.0,0.983411137045682,0.7010085776227731,0.2427836723347079,0.0,0.0,0.0,0.0,265.9051101728336,107.99751655191079,1.4056668907428944,4.030287955571097,5.197679141187353,2.047873683394533,1.6089661880251267,19.1691458312608,0.14258487458216615
dalbergia sissoo,seeds,aqueous,soaking leaves in distilled water at 28°C for 25 days,0.0,dalbergia sissoo,,2.5,60.41220619930203,23.0,,0.0,0.0,0.0,0.0,0.0,0.0,0.0,0.481956612432207,0.0,0.5222574191397132,0.415779055518899,0.2714636519482926,0.0,0.1779912417008052,0.0,0.0,252.14203900265437,92.23051868492993,1.7181569861645216,3.4615724638308967,4.422001079336729,1.8513761069541275,1.2751926432377632,18.18915097881839,0.2514152489700089
acmella oleracea,aerial,ethanol,solvent extraction,25.0902,lactuca sativa,,38.20673242037599,33.47146507676717,42.534920926684215,49.95,0.0,0.0,0.0,0.0,0.0,0.7148217636022514,0.0,0.440863579474343,0.0,0.6286262087362454,0.0,0.0,0.0,0.0,0.0,0.0,252.8192243144443,104.37188292088837,1.8267726177607173,3.8947702663970665,5.190155415814982,1.352307425291042,2.2953851494179163,18.428618289359775,0.0
eucalyptus globulus,leaf,aqueous,aqueous extraction,25.1548,hordeum vulgare,,35.82365834580591,26.17508217860693,34.5640164022253,19.7,0.0,0.0,0.0,0.0,0.0,0.0,0.0,0.0,0.0,0.4946648882960986,0.9174285983598832,0.4151415465875921,0.0,0.7774403164288741,1.0,0.7993324989570296,231.5116840236196,53.59746724514111,2.5731497030806345,1.8818991788545087,2.525598575893951,2.256622313288306,0.3206382765860474,16.66210740853359,0.5445282566576186
lantana camara,leaf,none,dry powder preparation,0.0,zea mays,,53.33,70.29363974717319,80.77596050966744,,0.9470961281708944,0.7059804125859553,0.6867811301883647,0.9463143254520168,0.7197412353923205,0.6805294976026683,0.9047141424272818,0.3841259908218606,0.96966323406624,0.4091363787929309,0.7748138373079462,0.8110086642264747,0.681640625,0.358030795310072,0.4174661399548532,0.7492699207342512,302.11076355005883,64.25486000129872,3.8851140929173233,1.8749647044799091,3.3158337322563103,1.8336774363106192,0.8972517905369136,21.930018991223506,0.47214490044469726
parthenium hysterophorus,leaf,methanol,solvent extraction,10.3458,oryza sativa,,63.126763340178485,51.55845357644832,67.9334494947068,55.14,0.0,0.0,0.0,0.0,0.0,0.4524702939337086,0.0,0.7295577805590322,0.0,0.8064354784928309,0.8196814025827127,0.2282815178612797,0.0,0.0,0.0,0.0,276.08717134749384,113.24781637600509,1.3579999882423381,4.213856334565899,5.532320321487062,2.0754351257360417,1.7033842741832972,19.89464588131225,0.149877528842426
oryza sativa,,aqueous,,100.0,oryza sativa,,76.67,6.554453352237706,7.659043323908599,,0.0,0.0,0.0,0.0,0.0,0.0,0.0,0.4720483938256153,0.0,0.5134211403801267,0.4809124328400415,0.2511699022378724,0.0,0.1717756745303009,0.0,0.0,256.39923307475794,95.88714714526361,1.596483329810746,3.5917435330508924,4.6005266101682984,1.9444538985378066,1.275839524273815,18.471238527796118,0.25218875770670757
lantana camara,leaf,aqueous,aqueous extraction,9.8818,oryza sativa,,67.22615132514315,51.90645262843888,75.65396512120648,16.84,0.946553738317757,0.6918802528304508,0.9134855809301552,0.9974965229485396,0.950542570951586,0.7393162393162394,0.900033433634236,0.4483729662077598,0.8480378513776788,0.5871957319106368,0.6295598077104345,0.7123198813881296,0.7087751116071428,0.2971464896171775,0.3316873589164785,0.6602002503128912,302.586605168203,63.324374647670425,3.955127576914594,1.826257394393891,3.255601751517781,1.8037160648739876,0.8821954191375738,21.970558219494677,0.4705948613084356
adonis vernalis,root tips,aqueous,water extraction,1.83,triticum aestivum,,0.0,0.0,0.0,0.0,0.0,0.0,0.0,0.0,0.0,0.0,0.0,0.4367959949937421,0.0,0.4404801600533511,0.5279479687058158,0.2653940601399249,0.0,0.2499646842774403,0.0,0.0,255.19569734223603,92.99712600402864,1.6181009632820855,3.4745224368897354,4.479159080992119,1.923865047064477,1.186523191218198,18.377668026739748,0.29372491164007003
lantana camara,leaf,ethyl_acetate,solvent extraction,4.9422,sorghum bicolor,,69.01988192705569,55.36026661566046,69.16808519107279,39.33,0.9360814419225634,0.8449677016045009,0.758959826637773,0.6776077885952712,0.9401085141903172,0.8667917448405255,0.8075894349715814,0.4319983312473926,0.6885610910102978,0.5646048682894298,0.5850692807993213,0.8915350044016125,0.8848353794642857,0.3093657296228281,0.4183126410835214,0.5273258239466,296.89781978188734,60.774708401161135,3.959699085895118,1.7590745604041391,3.123291143749862,1.6961740694580705,0.8563625254996006,21.569037175274758,0.4738986493380728
lantana camara,leaf,aqueous,aqueous extraction,0.9521,phaseolus vulgaris,,73.98411226037322,62.654346634537205,81.99674939998414,16.24,0.8553070761014686,0.8526776411752448,0.9949991665277548,0.7502086230876217,0.6932387312186978,0.7184698770064624,0.8453694416583083,0.3481435127242386,0.961313665460618,0.585028342780927,0.7447450278065793,0.9508409396284112,0.9578683035714284,0.330908320384235,0.3390237020316027,0.6656236962870254,296.0411657492261,61.69208494728039,3.886663591962784,1.8052209636086385,3.1656658671780216,1.7458779675552614,0.8581907555535352,21.498203388381867,0.4710018656206186
lantana camara,leaf,ethyl_acetate,solvent extraction,49.5884,sorghum bicolor,,24.76730566886706,16.168409481899882,18.747768921368596,47.89,0.97951435246996,0.8252413697298048,0.8796466077679614,0.8394993045897078,0.9520033388981636,0.9980195955805712,0.920929455031762,0.4759073842302879,0.9460061230169776,0.5462654218072691,0.7394664907154302,0.8907473474493816,0.8166155133928572,0.3862127419126995,0.3891083521444695,0.7177722152690864,297.8356328801224,63.458969763053226,3.8619574327779795,1.867573395080953,3.2717954997882828,1.7537894234692741,0.9191547089081146,21.631077490382687,0.4628024542006821
chromolaena odorata,leaf,aqueous,aqueous extraction,9.5767,zea mays,,58.03439633245912,55.39738073335906,69.2529744113304,14.41,0.0,0.0,0.0,0.0,0.0,0.5662914321450907,0.0,0.8334376303712975,0.0,0.3905468489496498,0.0,0.3240513367001807,0.0,0.2994066958609973,0.0,0.0,246.75559062115485,84.01143690917738,2.4479882870284593,3.150303473214967,4.310107407679259,1.0377589888538372,1.9015078475637757,18.025346196035585,0.18334752773477825
lantana camara,stem,aqueous,aqueous extraction,0.0,zea mays,,73.10288800946878,66.78274326054694,88.41523633235906,23.6,0.8214285714285714,0.8810168785163575,0.9729954992498748,0.7504867872044506,0.9636894824707848,0.7937252449447572,0.9777666332330324,0.461410095953275,0.8174227664903979,0.5501000333444481,0.7852766518993307,0.9027475327804292,0.87646484375,0.2832320949286622,0.3718961625282167,0.5467250730079266,300.41915694620013,63.548836611831966,3.8942305349292385,1.8534725797728293,3.271722411717137,1.7513227056097942,0.8919707448629474,21.81384933773174,0.4676965336778859
lantana camara,leaf,aqueous,aqueous extraction,0.0,zea mays,,65.77452041237726,52.044939365314384,71.29214640561104,6.59,0.8238901869158879,0.987636313120789,0.8169694949158193,0.7279554937413073,0.7401919866444074,0.9130706691682302,0.692744901370779,0.4197955778055904,0.8288338435847482,0.5845281760586861,0.6581204637571874,0.8739285548811565,0.9803292410714286,0.3520271224749258,0.367099322799097,0.6328744263662912,297.94296853445906,61.958660675381395,3.926589460586061,1.804358535766334,3.1739030981675977,1.7099607320632435,0.8601743201858625,21.637608973211563,0.4718935509108003
lantana camara,leaf,methanol,solvent extraction,48.7035,lactuca sativa,,17.77688415079731,12.499204819059448,17.087985567715613,63.99,0.994409212283044,0.699520733486143,0.9431571928654776,0.8659248956884561,0.7495826377295493,0.770377319157807,0.8522233366766967,0.4277221526908636,0.8257723350960201,0.5311770590196732,0.5832783485719671,0.8502988463142289,0.7233537946428571,0.3687667749682158,0.39813769751693,0.698581560283688,297.5649972242102,61.16500709184605,3.9502080964177484,1.7708959817944185,3.1493929324986327,1.7644806657227594,0.8635433151131459,21.613680620027694,0.4754301526607182
lantana camara,leaf,methanol,solvent extraction,0.0,lactuca sativa,,60.28466337093443,47.5076119467215,53.98943312380046,74.25,0.6756508678237649,0.9806904216156144,0.7029504917486248,0.7098748261474269,0.7166110183639399,0.7210756722951845,0.6999331327315279,0.4254276178556529,0.7779014750904536,0.509836612204068,0.5863889150721086,0.7395172126210444,0.7615792410714285,0.3392428309083204,0.2823081264108352,0.6330830204422195,302.02110826994914,63.333721434785716,3.942020836865388,1.8303417547469885,3.2501918338897706,1.7554826758192918,0.8740183925414495,21.9271713255188,0.47342818589307745
acmella oleracea,aerial,ethanol,solvent extraction,0.0,lactuca sativa,,59.22823661214815,54.2361149777885,64.35532732221326,49.55,0.0,0.0,0.0,0.0,0.0,0.6653116531165312,0.0,0.5254484772632458,0.0,0.7565021673891297,0.0,0.0,0.0,0.0,0.0,0.0,249.34458684815132,103.62476834862738,1.7807425764756761,3.8813443415452475,5.104353826958796,1.388495257293226,2.2230094854135483,18.161877540492668,0.0
ageratina adenophora,leaf,aqueous,aqueous extraction,0.9796,oryza sativa,,51.842068220822064,45.31045965860157,56.45724106857659,18.1,0.0,0.0,0.0,0.0,0.0,0.0,0.0,0.4185440133500209,0.0,0.6023674558186062,0.0,0.3233100125098457,0.2311662946428571,0.0,0.0,0.0,222.3364626925289,64.63172844712074,2.7147318730598466,2.475468257924633,3.0068218962362847,1.2356252643032035,1.1793918448493124,16.211994053937275,0.21180483941731887
lantana camara,leaf,aqueous,aqueous extraction,48.6773,zea mays,,20.687662341637523,16.368717388517062,19.151732608545917,13.11,0.9511849132176234,0.8714315482392164,0.8716452742123688,0.8069541029207231,0.8587228714524208,0.9216176777152388,0.9929789368104314,0.4848769294952024,0.9922070693014194,0.5102534178059354,0.5484965595249317,0.9772969466709912,0.6756417410714286,0.4131939539482978,0.2838600451467268,0.738840216937839,297.8926420375973,62.687086967743134,3.9151955189661845,1.8303993916894985,3.2484695320283135,1.7343928325829319,0.9440794117337512,21.64693678973802,0.4612667701077264
eucalyptus globulus,leaf,aqueous,aqueous extraction,0.0,hordeum vulgare,,59.56280506041501,47.458964521852565,56.16895066508931,15.35,0.0,0.0,0.0,0.0,0.0,0.0,0.0,0.0,0.0,0.4662387462487495,1.0,0.4303386924894593,0.0,0.7532137307529312,0.7426636568848759,0.7726324572382145,231.72043286173795,57.40799730392299,2.379165708104778,2.051020769248811,2.709509648383403,2.326750465360043,0.35203073703090065,16.656183034532205,0.5338672714568999
lantana camara,leaf,aqueous,aqueous extraction,2.4826,zea mays,,64.06144376523967,60.6397413377096,71.98650223869345,8.62,0.9980807743658212,0.842467180662638,0.8798133022170361,0.9546592489568844,0.9793405676126876,0.7418178027934126,0.7646272149782681,0.3755736337088027,0.7556359588087949,0.5166722240746916,0.7900838910359129,0.969374044386786,0.8371233258928571,0.3893205254979516,0.4231094808126411,0.7133917396745932,300.8142277659883,60.45776155950145,4.002703028682366,1.7268140236359033,3.092307568769975,1.7965712698893377,0.7727474387121198,21.83409277868531,0.49681665317679363
parthenium hysterophorus,whole plant,aqueous,aqueous extract,50.0,avena sativa,,23.3,14.934727351465884,17.546458024717907,,0.0,0.0,0.0,0.0,0.0,0.3988951427975818,0.0,0.6176470588235294,0.0,0.7871790596865621,0.6564237911207466,0.2076634388175879,0.0,0.0,0.0,0.0,271.044919818233,110.51025555317409,1.4064883150429797,4.117198002455596,5.371385473731312,2.0332265011126767,1.6842398809414036,19.54384449925716,0.14263744317866422
parthenium hysterophorus,leaf,methanol,solvent extraction,1.0002,oryza sativa,,67.65325330588246,57.92188019014765,84.08677581842117,76.42,0.0,0.0,0.0,0.0,0.0,0.4462163852407755,0.0,0.507717980809345,0.0,0.6940646882294098,0.7450278065793194,0.2171616550062549,0.0,0.0,0.0,0.0,275.9274670967191,112.25076670160585,1.3498318025057718,4.166678492020473,5.468471188067445,2.1221979141213674,1.647733704603182,19.87619805967866,0.1608702934363047
lantana camara,root,aqueous,aqueous extraction,24.2195,triticum aestivum,,52.65533691127298,43.06345194895376,53.33230981053564,18.95,0.7899699599465955,0.7839133152740154,0.8416402733788966,0.9624478442280944,0.7654424040066778,0.8360433604336045,0.7432296890672015,0.491343345848978,0.7598107431116059,0.4053851283761254,0.5918559713450844,0.9345318074410416,0.8720005580357142,0.4021754485096765,0.4019469525959368,0.6024196912807677,301.50330383436307,61.07827927682277,4.033748831759748,1.7511731065316796,3.148317270873642,1.7181654275168414,0.8483896412881831,21.902178356240817,0.48379700412460097
rhus typhina,roots,aqueous,root extracts,10.0,tagetes erecta,,60.61114105383771,45.82832380788523,58.957296263959215,,0.0,0.0,0.0,0.0,0.0,0.0,0.0,0.4584897788902795,0.0,0.4398966322107369,0.4952398906588745,0.2682203586155771,0.0,0.1926119508405142,0.0,0.0,258.0964804533956,94.91953629871692,1.6374424142538508,3.550134845403724,4.578715007593255,1.934506892127672,1.2459732698080377,18.59285619333313,0.2745160235492564
lantana camara,leaf,aqueous,aqueous extraction,25.4233,oryza sativa,,44.76557709258884,38.22692419908871,48.36840642796047,16.16,0.7772863818424566,0.91053691741335,0.7281213535589266,0.7229485396383867,0.682804674457429,1.0,0.8333333333333334,0.3439716312056738,0.8669635402170889,0.4239746582194065,0.5924215288905647,0.8605847194551268,0.8794642857142857,0.3324622121768611,0.3908013544018058,0.6706299541093034,298.68647059697895,62.639561997184074,3.9239204443219404,1.8252751356928978,3.2401037389586826,1.7180549547317852,0.9212890913428669,21.700393014122113,0.4648174883630418
eucalyptus globulus,leaf,aqueous,aqueous extraction,50.2894,hordeum vulgare,,18.163336494565133,13.809686288668372,14.489389314244653,16.91,0.0,0.0,0.0,0.0,0.0,0.0,0.0,0.0,0.0,0.4033844614871624,0.7379583372608163,0.3924848260204791,0.0,0.9865800254273204,0.738431151241535,0.798706716729245,217.75600028821123,47.1836496143749,2.578138804547139,1.6773257798107655,2.2230615739870787,2.113748943039102,0.2812889698064819,15.689366474303233,0.5656198850559808
lantana camara,root,aqueous,aqueous extraction,5.0936,triticum aestivum,,71.3606517142399,67.99726935850975,77.8421962109209,7.52,0.8773364485981308,0.8071820518163506,0.6967827971328555,0.8122392211404729,0.7854757929883138,0.88878465707734,0.6798729521899031,0.3797455152273676,0.6994155301976064,0.4383127709236412,0.6963898576680178,0.9406940647732012,0.8315429687499999,0.3578895324198333,0.2969808126410835,0.5817688777638715,300.18921169625276,61.842514789440514,3.9579725843971145,1.7932368229880709,3.175089911700514,1.739613221913739,0.8428792726071369,21.798614922908474,0.481046639684537
tomato,whole plant,aqueous,in vitro,0.0,tomato,,75.21942764958223,213.0,366.0,,0.0,0.0,0.0,0.0,0.0,0.0,0.0,0.3506466416353776,0.0,0.5758586195398466,0.4476387972476199,0.2604827873789557,0.0,0.2103404435654753,0.0,0.0,246.10086746109354,89.20927861199752,1.637351557238093,3.342412565155546,4.2077779767632135,1.925997212830333,1.1249182322388833,17.730736835956055,0.27101312883632245
chromolaena odorata,leaf,aqueous,aqueous extraction,25.4738,oryza sativa,,44.55161649301836,35.390395188709014,44.42278327732451,16.44,0.0,0.0,0.0,0.0,0.0,0.5038565770273087,0.0,0.7468710888610763,0.0,0.3492830943647882,0.0,0.3035259231802808,0.0,0.277228422093516,0.0,0.0,246.10350574115685,83.11891115473465,2.4663842532198186,3.1170853836027295,4.264139381044745,1.0330410056950452,1.8807463865022027,17.978932574075408,0.18893425605179204
chromolaena odorata,leaf,aqueous,aqueous extraction,2.4279,oryza sativa,,78.86631745265697,70.43435577960501,84.63464336557908,19.16,0.0,0.0,0.0,0.0,0.0,0.5509693558474046,0.0,0.6929495202336254,0.0,0.3426142047349116,0.0,0.3234953435574295,0.0,0.2417714366435937,0.0,0.0,247.67566697689966,83.13819388799905,2.50206305048268,3.1120308910130956,4.2681968510695665,1.046864380799643,1.8934710921732323,18.098613656082357,0.18466632252430257
lantana camara,leaf,aqueous,aqueous extraction,50.157,zea mays,,23.003487249416764,16.15270574285048,19.510523206325672,12.57,0.8358644859813084,0.84413419462388,0.7716286047674612,0.9260083449235048,0.923205342237062,0.6969981238273922,0.6770310932798395,0.3674384647476012,0.9206790982465906,0.5983661220406802,0.7729286454896785,0.7315479775749433,0.79638671875,0.3369119932193812,0.3284424379232505,0.58552357113058,303.91947690370154,63.96635215365447,3.929702950403152,1.8497907983689519,3.2640457943557943,1.7936312771559058,0.8420457958494942,22.05556721943949,0.47740973085374394
moringa oleifera,leaf,methanol,crude extract,5.0,solanum lycopersicum,,100.0,63.66098805400196,77.62372535575237,,0.0,0.0,0.0,0.0,0.0,0.0,0.0,0.3697329995828118,0.0,0.5475158386128709,0.4636629277028937,0.254366862808692,0.0,0.1806046051702217,0.0,0.0,250.7566886120018,92.25891987396882,1.5996059233915008,3.45462195087003,4.372517894549337,1.9680688624442293,1.1676839818254816,18.05902636680971,0.2637472280227487
chromolaena odorata,leaf,aqueous,aqueous extraction,25.6071,zea mays,,38.74262093599913,36.32107875476854,47.99576105556217,9.36,0.0,0.0,0.0,0.0,0.0,0.5185532624557014,0.0,0.698581560283688,0.0,0.3643714571523841,0.0,0.3383681601260251,0.0,0.2475632151433818,0.0,0.0,246.10910368107017,81.99821660407586,2.510254268768007,3.072861268622332,4.1959706875632685,1.05389231922351,1.8527757491930816,17.982325510685254,0.1898524139620977
parthenium hysterophorus,whole plant,aqueous,aqueous extraction,10.1371,triticum aestivum,,51.895731383101925,43.212381444491605,56.65139969034398,20.64,0.0,0.0,0.0,0.0,0.0,0.3882634980195956,0.0,0.568418856904464,0.0,0.9079693231077024,0.7676501083985295,0.2720196450910439,0.0,0.0,0.0,0.0,268.9687217033804,108.4209447631477,1.3919178238357817,4.037072745826637,5.224498107639536,2.1055662136616036,1.5651389157354079,19.377309817164914,0.15972113043147507
lantana camara,detached leaves,acetone,vacuum evaporation,0.1,lantana camara,,80.68562527188891,73.33467182190593,88.95833192786579,,0.878880173564753,0.9757588386469404,0.9778296382730456,0.7983310152990264,0.777754590984975,0.7015843235355431,0.9582079572049482,0.4321026282853567,0.7876426384636794,0.4819106368789596,0.64171929493826,0.799796135847658,0.8654436383928571,0.3006074304280265,0.3093961625282167,0.5809345014601586,303.6568776030064,62.59862677389942,3.9994001765314118,1.7851638623882007,3.22880929231531,1.752316207217271,0.866376424776252,22.050205396892366,0.4785758227747495
lantana camara,leaves and flowers,ethyl_acetate,solvent extraction,9.4,unknown,,70.36505153275296,62.35674304214616,82.682416295449,,0.7326852469959947,0.6861151628811558,0.9833305550925154,0.8019471488178025,0.9463689482470784,0.8692933083176986,0.9826145101972584,0.3912181894034209,0.8538825494016142,0.459403134378126,0.5726270147987558,0.958393179817449,0.9676339285714284,0.3269529594575505,0.3199774266365688,0.6011681268251983,295.1545224723834,60.57430081279542,3.9468716280516913,1.7628519285484519,3.1395735781490144,1.693848151710435,0.9012926551964506,21.45324163479629,0.4665725645538474
lantana camara,leaf,aqueous,aqueous extraction,0.0,triticum aestivum,,70.30751653900641,60.88939136799924,76.72207493198836,20.01,0.9105056742323098,0.7628672640133362,0.9079846641106852,0.6898470097357441,0.9557595993322204,0.956639566395664,0.7922099632230023,0.4284522319566124,0.6910659615919844,0.4342280760253417,0.5461400697520973,0.7928462215632673,0.9464285714285714,0.3020906907755333,0.3795146726862302,0.607843137254902,295.611485241476,60.10059359658838,3.9703301186767046,1.7404485467739594,3.1032507807015355,1.6920610969977044,0.8632119825020217,21.479418103161365,0.4758014974794117
chromolaena odorata,leaf,aqueous,aqueous extraction,98.648,oryza sativa,,9.469932997088868,7.054281764994749,7.950435511184001,16.95,0.0,0.0,0.0,0.0,0.0,0.5662914321450907,0.0,0.8718189403420944,0.0,0.3622040680226742,0.0,0.2650233980447574,0.0,0.3311202147195931,0.0,0.0,247.18664546290165,85.80124776485587,2.387767881265024,3.2176121855434605,4.417808759418257,1.0129707479171657,1.9514362786758641,18.054256900925736,0.17902406943545335
eucalyptus globulus,leaf,aqueous,aqueous extraction,9.9175,triticum aestivum,,49.26540471002319,46.77531790685725,58.52508052983221,7.35,0.0,0.0,0.0,0.0,0.0,0.0,0.0,0.0,0.0,0.4614871623874624,0.7695353002167971,0.3707084279293888,0.0,0.7871168244102275,0.9575338600451468,0.924697538589904,224.55881098683514,49.2497044809156,2.6461403915384234,1.7337861369817975,2.3183232982208284,2.2632462704660687,0.2882228190741078,16.169984548749937,0.554160866382643
parthenium hysterophorus,whole plant,aqueous,aqueous extraction,50.7673,triticum aestivum,,18.680248123231102,13.720862265988211,18.57486353316519,15.29,0.0,0.0,0.0,0.0,0.0,0.3402126328955597,0.0,0.6721944096787652,0.0,0.7636712237412471,0.7359788858516354,0.2590001389982857,0.0,0.0,0.0,0.0,273.7456263664337,110.6952513501617,1.414039218565983,4.124313706088249,5.386204561972068,2.072373310638522,1.6372347305052188,19.726384905830145,0.1600762311348606
lantana camara,leaf,aqueous,aqueous extraction,0.0,phaseolus vulgaris,,68.0223490236539,67.69090456069567,79.79103759776726,20.74,0.7675233644859814,0.7441828158644163,0.8734789131521922,0.9301808066759388,0.6869782971619366,0.8358348968105066,0.7024406552992309,0.4436795994993742,0.7127748399666017,0.5024174724908302,0.5421811669337355,0.9698373720057452,0.9635881696428572,0.3973018787964402,0.3177200902934537,0.6297455152273677,297.35194651671264,59.617825705208475,4.020666656610713,1.7157611580637613,3.062878691189743,1.7012873932059625,0.8283938057725213,21.604697296612585,0.4816414888602328
lantana camara,young leaves,air,fumigation,0.0,lantana camara,var. camara,13.0,77.62090382489784,101.07153669154256,,0.917222963951936,0.938528860179204,0.816136022670445,0.9415855354659248,0.7481218697829717,0.7095059412132584,0.852557673019057,0.4513975803087193,0.6913442805455051,0.4964154718239413,0.7342822132151946,0.7864986331835242,0.8297991071428572,0.3033620567876818,0.3256207674943566,0.5690446391322488,307.3588297289256,63.72190749554676,4.007532192935116,1.8148629776151444,3.2708580345656153,1.7936780971101502,0.8410366154083193,22.30757494075762,0.4837509998095897
lantana camara,stem,aqueous,aqueous extraction,24.5772,zea mays,,50.85865946696997,39.9845880188283,50.83093481739069,10.83,0.973297730307076,0.770855039244287,0.9941656942823806,0.9894297635605006,0.7153589315525877,0.7850740045861998,0.7101303911735206,0.3648310387984981,0.7787364319510158,0.4142214071357119,0.5428409840701292,0.9046008432562668,0.95703125,0.3085181522813957,0.366676072234763,0.500834376303713,303.4454871169886,59.48355612212475,4.136329938338029,1.6697689822095056,3.060421889583557,1.7017081518375463,0.801092058920432,22.046208476524995,0.4937656868380263
parthenium hysterophorus,leaf,aqueous,aqueous extraction,50.8358,zea mays,,21.67118039926677,17.48656055657982,19.941764366728293,16.94,0.0,0.0,0.0,0.0,0.0,0.489159891598916,0.0,0.7099499374217774,0.0,0.9875791930643548,0.6288999905740409,0.2062734559607098,0.0,0.0,0.0,0.0,265.6846011440723,108.55053710723348,1.4533404042747935,4.05131831884245,5.2611747160660185,1.9511614756244255,1.725362661220589,19.179871676571736,0.12221223170795911
acmella oleracea,aerial,ethanol,solvent extraction,1.0289,lactuca sativa,,63.79465373109989,56.33612262622895,67.1566879850734,42.71,0.0,0.0,0.0,0.0,0.0,0.8418803418803419,0.0,0.4536921151439299,0.0,0.5648549516505501,0.0,0.0,0.0,0.0,0.0,0.0,257.933034996822,105.93172233427491,1.8806367725464779,3.9402487643493704,5.33301738405822,1.303615690145575,2.39276861970885,18.814938933330343,0.0
lantana camara,leaves,aqueous,soaking in darkness for 24 hours,100.0,lactuca sativa,,10.828649062266168,7.274763842194513,9.574370532861096,,0.7317256341789052,0.7404320344516219,0.885480913485581,0.7641168289290681,0.913188647746244,0.8850323118615802,0.8186225342694751,0.3993533583646225,0.960200389646535,0.5952817605868622,0.7582241493071921,0.7256637168141594,0.9452427455357144,0.3388190422376042,0.3014954853273138,0.7484355444305383,294.37654421260936,63.66827017019491,3.7828822837560616,1.8970625807828816,3.2702354249464762,1.765022443288057,0.9158928934983204,21.374496889979927,0.455924644979371
lantana camara,leaf,aqueous,aqueous extraction,0.0,oryza sativa,,61.462193767123,52.404116251938014,66.14320832729742,15.27,0.8506759012016021,0.7385566437452247,0.721120186697783,0.8556328233657858,0.7906928213689484,0.7069001459245362,0.7011033099297893,0.3725490196078432,0.9473977177845812,0.4293097699233077,0.5877085493448959,0.9797989158133716,0.8479352678571429,0.3732871874558554,0.3414221218961625,0.61639549436796,298.13328259866876,60.41051509157048,3.995370269612562,1.7457752610283301,3.110253830073708,1.7157996878611546,0.8471875939822993,21.660054368868025,0.4805058416809772
lantana camara,leaf,aqueous,aqueous extraction,2.5564,zea mays,,71.0248638032067,58.88516659108857,78.32895419665198,10.21,0.8354055407209613,0.8352434534972564,0.8609768294715786,0.7994436717663421,0.93050918196995,0.9154680008338544,0.9429956536275492,0.4588026700041719,0.7639855274144169,0.4237245748582861,0.5907248562541239,0.980262243432331,0.9135044642857144,0.3448227150727503,0.3565180586907449,0.7200667501042971,297.1087917734327,60.682953507853384,3.9710523212337225,1.756511152627628,3.1422026096666578,1.725112154357321,0.8788387444500998,21.587523088264284,0.4748831494064899
lantana camara,leaf,methanol,solvent extraction,9.8591,lactuca sativa,,48.55158104360034,42.70973571619514,55.03596616118992,50.28,0.7745327102803738,0.7613391678821977,0.8581430238373062,0.7287899860917941,0.8244991652754592,0.9329789451740672,0.9929789368104314,0.3505423445974134,0.8658502644030059,0.4515671890630209,0.6711282873032332,0.7794097206134458,0.7222377232142857,0.2842209351603333,0.411117381489842,0.5627868168544014,300.378187657122,64.65964612288785,3.863430787407383,1.8953031729430077,3.3497725423453346,1.7538146516362287,0.9615046546413321,21.81915982204001,0.45590760575561895
acmella oleracea,,aqueous,in vitro bioassay,0.2,calopogonium mucunoides,,57.63532526328679,55.148005177269,67.41408502366748,,0.0,0.0,0.0,0.0,0.0,0.8239524702939338,0.0,0.5296203587818107,0.0,0.7631710570190062,0.0,0.0,0.0,0.0,0.0,0.0,251.99593919109242,104.16042828587729,1.8169046016825896,3.8896651126423802,5.168584908246935,1.3605401021977228,2.278919795604555,18.36588439725832,0.0
eucalyptus globulus,leaf,aqueous,aqueous extraction,0.9785,hordeum vulgare,,54.28540125531035,51.10867677755251,64.3824389490057,11.89,0.0,0.0,0.0,0.0,0.0,0.0,0.0,0.0,0.0,0.4186395465155051,0.799132811763597,0.4307556873465228,0.0,0.8990676649244244,0.9016647855530474,0.8277012932832708,224.025171649093,48.688959237481,2.6428999120967176,1.7136578620777079,2.2981686742350727,2.1693310111345623,0.28472836986785904,16.138802648712534,0.5626702655124076
lantana camara,leaf,aqueous,aqueous extraction,50.7773,triticum aestivum,,24.282507445304034,17.10893209002921,21.65026096711181,8.13,0.9254005340453938,0.9344307841911508,0.7037839639939991,0.8706536856745479,0.9881051752921536,0.83552220137586,0.7472417251755266,0.3513767209011265,0.7809629835791818,0.5633544514838279,0.6289942501649542,0.6840105638697124,0.7174944196428571,0.3097895182935443,0.4153498871331828,0.5940759282436379,305.45766309016216,63.11528870361904,4.006907348664495,1.7957535428108082,3.2330878897052813,1.7827685632621695,0.8449952540454903,22.17390401260961,0.481448181468446
lantana camara,leaves,aqueous,ethanol,5.0,lantana camara,,6.67,66.22644322543876,84.61795897627056,,0.937917222963952,0.696464541223866,0.7984664110685115,0.91682892906815,0.7917362270450752,0.6685428392745466,0.8595787362086259,0.4996871088861077,0.6807681603117173,0.441730576858953,0.664812894712037,0.9260065792521892,0.9280831473214284,0.3359937844328295,0.3122178329571106,0.7096370463078849,298.1348593892206,60.52645651469719,3.976710365044245,1.7488143541569503,3.1175401984837556,1.7686157101255997,0.8266371598809787,21.650425352735887,0.4836592708458129
lantana camara,leaf,aqueous,aqueous extraction,2.491,phaseolus vulgaris,,78.07332766094831,69.55422384723437,88.53158117818754,9.96,0.8942339786381842,0.9190109050496632,0.776129354892482,0.9418636995827538,0.898789649415693,0.7551594746716699,0.7315279170845871,0.3405298289528577,0.7895908711383246,0.5760253417805935,0.6167405033462154,0.8546541259324469,0.7797154017857143,0.3280830625794603,0.3662528216704289,0.5025031289111389,305.88552839266043,61.88891180470918,4.06716053461326,1.7465599939162326,3.1662081166005906,1.7512694328064415,0.8168499023306182,22.21050476537196,0.4871976538486025
lantana camara,leaf,aqueous,aqueous extraction,49.1871,zea mays,,23.232659703906844,16.93227090635727,21.67985271615721,20.33,0.7036882510013351,0.7468917135514344,0.7581263543923987,0.678442280945758,0.7610601001669449,0.7263914946841777,0.8736208625877633,0.3361493533583646,0.9777344837183412,0.4530676892297432,0.5383165237062871,0.9983783533336422,0.7839704241071429,0.3055516315863822,0.357364559819413,0.6305798915310806,295.1180017419782,61.22214372887639,3.918841568024172,1.7925157921157142,3.1692989087259904,1.7119723164701335,0.915680401569839,21.448900198567507,0.4631295655583745
parthenium hysterophorus,leaf,methanol,solvent extraction,0.0,oryza sativa,,71.60509800619673,59.90758891053624,71.64323405746221,44.28,0.0,0.0,0.0,0.0,0.0,0.4065040650406504,0.0,0.70191906549854,0.0,0.8682060686895631,0.6696201338486191,0.2507529073808089,0.0,0.0,0.0,0.0,269.2248743090538,108.80575159474623,1.46809203568329,4.0586612024698,5.286166821593242,1.9931184829806665,1.6786647680971836,19.423107682020913,0.1426852301551076
ageratum conyzoides,leaves,aqueous,aqueous extraction,100.0,cabbage,,8.579629573972705,5.910859052317395,7.084861583344854,,0.0,0.0,0.0,0.0,0.0,0.0,0.0,0.3516896120150188,0.0,0.5875291763921306,0.4124799698369309,0.2314321456702034,0.0,0.2135188585958468,0.0,0.0,243.62232194700965,88.96574867093945,1.6221631555315006,3.337275596717345,4.1879361960144665,1.8969195114888122,1.1438389524527768,17.556602775511514,0.2618765403047054
eucalyptus globulus,leaf,aqueous,aqueous extraction,10.0459,triticum aestivum,,54.851359279139146,46.48583522442959,58.8419492950728,7.98,0.0,0.0,0.0,0.0,0.0,0.0,0.0,0.0,0.0,0.491997332444148,0.9495711188613442,0.3682064587870083,0.0,0.8779488628337336,0.9700902934537248,0.7736754276178557,230.0088875994862,54.091870854191924,2.5059552179322306,1.9027776769562585,2.5502422676006944,2.2254378530527497,0.3253011099897698,16.54980803619766,0.5464522806037696
melilotus indica,shoot,aqueous,aqueous,2.5,unknown,,93.17478123183972,81.94106185196966,102.6641611771512,,0.0,0.0,0.0,0.0,0.0,0.0,0.0,0.4279307467667918,0.0,0.5045848616205402,0.4363276463380148,0.2480192744289487,0.0,0.1750953524509111,0.0,0.0,253.00767687238897,93.38081167353745,1.64000879758185,3.4997330356369054,4.464329806550536,1.9143476333918943,1.241493882806038,18.23394230475322,0.25686496661268315
lantana camara,leaf,ethyl_acetate,solvent extraction,0.0,sorghum bicolor,,63.02979703864855,61.31461358858675,81.38999716376757,25.59,0.7751585447263017,0.7958602486629159,0.9401566927821304,0.7532684283727399,0.91652754590985,0.9463206170523244,0.7713139418254764,0.4608886107634543,0.7150013915947676,0.4615705235078359,0.645489678574795,0.7287216790992912,0.9955357142857144,0.3972312473513208,0.3503103837471783,0.7161034626616605,295.02888267878797,61.0699930711794,3.9044765920535314,1.7835177377144948,3.144961761857493,1.722584632491666,0.8608707005894592,21.427241509236953,0.4750974727272495
parthenium hysterophorus,whole plant,aqueous,aqueous extraction,9.793,triticum aestivum,,53.10137345108013,45.40035651177785,53.8677984111601,7.18,0.0,0.0,0.0,0.0,0.0,0.4232853867000208,0.0,0.6578014184397164,0.0,0.9473157719239746,0.8350457159015929,0.1882036788212945,0.0,0.0,0.0,0.0,271.9405456340601,112.95048015190702,1.2652325496147816,4.205712305609419,5.461512468115842,2.131339009673342,1.6468529012181272,19.579996458084338,0.1425198543235209
ageratina adenophora,leaf,aqueous,aqueous extraction,24.5226,oryza sativa,,33.99267113441959,26.854823245864715,32.600909261016255,11.19,0.0,0.0,0.0,0.0,0.0,0.0,0.0,0.5330621610346267,0.0,0.6509669889963321,0.0,0.2904137515637307,0.3332170758928571,0.0,0.0,0.0,223.51894418861826,66.73945323807142,2.676242677225683,2.554801140522538,3.1445825902125693,1.1757796914578555,1.2447880133008664,16.296645679929938,0.20321264193782496
lantana camara,leaf,aqueous,aqueous extraction,9.9416,oryza sativa,,52.725649688780656,45.15969303992102,57.60599139746502,22.36,0.9821428571428572,0.9837466138778912,0.8038006334389065,0.890403337969402,0.8203255425709516,0.8847196164269335,0.7102975593447007,0.3830830204422195,0.9730030615084888,0.417889296432144,0.6352153831652371,0.7225594217671316,0.8206612723214286,0.3393840937985591,0.4081546275395034,0.6927409261576972,304.82862331703404,62.910246844134015,4.013478088572441,1.7977007853335878,3.2381982595245207,1.7609071019557685,0.8638214614120009,22.133192401518627,0.482000123741974
lantana camara,leaf,ethanol,solvent extraction,49.6054,zea mays,,21.919661893476704,15.99498610337773,20.498719902624323,59.07,0.7673981975967957,0.680002778356602,0.9096516086014336,0.6820584144645341,0.6694490818030051,0.7336877214925995,0.7664660648612504,0.4959324155193992,0.904536598942388,0.5222574191397132,0.6090112168913188,0.901959875828198,0.7380719866071428,0.2957338607147902,0.3899548532731376,0.7229870671672926,293.596008016216,62.30386247121316,3.8400762890129974,1.854275383678529,3.2082614730178083,1.7525456311254881,0.9113904884993794,21.32667249577157,0.45965272914555527
lantana camara,leaf,ethanol,solvent extraction,0.0,zea mays,,59.26742713578636,53.29767306574936,67.46170877412486,66.28,0.9658711615487316,0.8088490657775925,0.776129354892482,0.835326842837274,0.8071786310517529,0.8165520116739629,0.757271815446339,0.3992490613266583,0.8099081547453382,0.5761087029009669,0.5992082194363276,0.9530185794375204,0.7024274553571429,0.3215143381833592,0.2880925507900677,0.6042970379641218,300.2474230481431,61.99603065107624,3.9687318669488767,1.7933563460163335,3.1808389361132208,1.7522883104644054,0.8641917678714008,21.807324109159403,0.4736154898847463
lantana camara,leaf,methanol,solvent extraction,0.9908,lactuca sativa,,56.73533856840629,53.41861434757087,57.64913916868135,39.98,0.7173731642189586,0.9992359519344308,0.7931321886981164,0.8842837273991654,0.9910267111853088,0.9920783823222848,0.7368772985623537,0.4377346683354193,0.8082382410242137,0.4769089696565521,0.7735884626260723,0.9945327340962796,0.87646484375,0.3687667749682158,0.2945823927765237,0.7476011681268253,301.79094993036097,62.86095746509292,3.9464080947717015,1.8248596271201383,3.2274822163605332,1.7705747759042638,0.8556104092709047,21.909639194890445,0.47913611188939353
lantana camara,leaf,aqueous,aqueous extraction,0.9997,zea mays,,64.84952222130981,62.82790574403752,78.15270553178686,15.33,0.7696094793057411,0.8731680211155102,0.9201533588931488,0.7104311543810847,0.9284223706176962,0.9731081926203878,0.953192912069542,0.4752816020025032,0.7439465627609241,0.4102200733577859,0.7568102554434913,0.6789139600611593,0.7238420758928572,0.3728633987851391,0.3119356659142211,0.6964956195244055,300.47094077358923,65.12297608742125,3.8281045626179746,1.9136243087359177,3.3685912129359523,1.7854274536772416,0.9385066123229514,21.812989766493907,0.46377792610060753
lantana camara,leaf,ethanol,solvent extraction,9.7551,zea mays,,53.340334542734624,53.53589259822029,67.14468766117922,43.2,0.8205524032042725,0.6977148016947975,0.8541423570595099,0.7098748261474269,0.9186143572621036,0.9705023973316655,0.933968572383818,0.3435544430538173,0.8112997495129418,0.5398466155385128,0.7882929588085588,0.9246629291572072,0.7965262276785714,0.3655177284927249,0.3558126410835214,0.7423863162286192,293.1911340195977,62.758676468947584,3.785294230879705,1.8681601832779913,3.2334697611915466,1.776561439223186,0.9077914603462629,21.291496137046167,0.4610073788737846
lantana camara,leaves,aqueous,dilution in water,50.0,b. pilosa,,27.965016611936463,22.27259131550733,24.63682460607463,,0.8630674232309746,0.7319580468153087,0.8933155525920987,0.7390820584144645,0.7009599332220368,0.9640400250156348,0.825810765630224,0.4132248644138507,0.9805176732535488,0.4120540180060019,0.5845979828447545,0.6675624333966548,0.74072265625,0.4088854357960164,0.3064334085778781,0.6624947851481019,297.0924950350226,63.98781114257185,3.842390993236177,1.8890753567337835,3.3153699240012102,1.7234852841194983,0.968122645494352,21.584494550561182,0.4556244814403322
lantana camara,leaves,acetone,cell free culture filtrate,0.1,lantana camara,,80.25908988310425,71.7025528632352,92.52174777078449,,0.994200600801068,0.8330207682156004,0.8313052175362561,0.991655076495132,0.7948664440734559,0.8009172399416302,0.7769976596456034,0.4920734251147268,0.860562204286112,0.5614371457152384,0.5728155339805825,0.9188250011583192,0.9441266741071428,0.3568300607430428,0.2883747178329571,0.7501042970379642,299.30197935899355,60.80016921115168,4.009375684316986,1.749442564589792,3.123197692714866,1.744531755698706,0.8434576600234776,21.740313213966488,0.4783775034712293
lantana camara,leaf,aqueous,aqueous extraction,50.2322,zea mays,,22.35020352555281,16.50036761941084,21.29133189888308,16.12,0.7545894526034712,0.7179968048899076,0.7489581596932823,0.948539638386648,0.7779632721202004,0.9048363560558682,0.8182881979271146,0.3915310805173133,0.8241024213748956,0.4340613537845948,0.7380525968517296,0.92554325163323,0.880859375,0.4071196496680322,0.3558126410835214,0.6604088443888194,299.40871321619596,62.7585239927148,3.9098508025522554,1.8340862529900714,3.2345038422387664,1.7558952325484185,0.8848158575854809,21.744173375200763,0.4719657638683302
lantana camara,leaf,ethanol,solvent extraction,9.9178,zea mays,,60.25831929634224,50.33601164514045,66.32954309195618,46.83,0.754964953271028,0.8758074598874765,0.7961326887814636,0.7827538247566064,0.8459933222036728,0.7661038148843027,0.6889000334336343,0.3952857738840217,0.7528527692735876,0.4773257752584194,0.5797907437081723,0.9595051661029514,0.71533203125,0.3277299053538635,0.3579288939051918,0.5928243637880685,301.4189762556372,61.06379725910387,4.022936820049155,1.7488206753563902,3.134625265737195,1.7422281721757649,0.8310386438785664,21.891111524844764,0.4849481704612306
lantana camara,leaf,methanol,solvent extraction,4.8587,lactuca sativa,,46.773269663727405,46.72094154975824,56.86901142301334,60.51,0.8901451935914553,0.8241300270889769,0.7739623270545091,0.6962447844228095,0.7493739565943239,0.7889305816135085,0.9018722835172184,0.4329370045890697,0.7372669078764263,0.5128376125375125,0.7605806390800265,0.8920909975443637,0.6897321428571428,0.3658708857183217,0.3651241534988713,0.6718815185648729,297.94038675224283,63.53863742753475,3.8362298734593754,1.8690566480492024,3.270016005485859,1.7894265517534045,0.8917448216010737,21.629402716115422,0.46852093268501305
canola,whole plant,aqueous,in vitro,100.0,canola,,56.0,5.897169831700339,6.439443069636924,,0.0,0.0,0.0,0.0,0.0,0.0,0.0,0.4879015435961619,0.0,0.5892797599199733,0.4510321425205015,0.2389843858592411,0.0,0.1699392569571973,0.0,0.0,252.56929175370578,95.09945756471656,1.594438095127145,3.5689471295792767,4.538350577089107,1.9149775411990544,1.2926377527114095,18.20339018659105,0.2353725966315053
lantana camara,leaf,aqueous,aqueous extraction,9.7511,phaseolus vulgaris,,64.09630892908666,57.73169250756212,73.63104311873163,15.26,0.7106558744993325,0.9390150725845662,0.9058176362727122,0.9207232267037552,0.7986227045075125,0.7367104440275172,0.8353393513874958,0.4318940342094285,0.6688004453103257,0.5713571190396799,0.6888490903949477,0.8549784552657185,0.9040178571428572,0.3884023167113999,0.3874153498871331,0.6700041718815186,301.8658268020771,61.58762435942717,3.9929847424730647,1.758205001293593,3.154928635315841,1.7745506031175458,0.8129993580281877,21.91336868460603,0.48617683149574553
lantana camara,leaf,aqueous,aqueous extraction,0.0,zea mays,,64.29367556467679,58.98290077229832,78.15115551546523,6.36,0.6970544058744994,0.8915746336042231,0.7799633272212037,0.6912378303198886,0.8263772954924875,0.8734625807796541,0.9784353059177532,0.3768251981643721,0.8995268577790149,0.5976992330776926,0.5676312564803468,0.7390075522401891,0.9574497767857144,0.3359231529877101,0.3163092550790067,0.7138089278264498,295.0435749257607,62.78968176385743,3.853379309971106,1.8427522078665097,3.2426755467819657,1.724728187088425,0.9384283378091189,21.435385309149652,0.4535937368848535
acmella oleracea,aerial,ethanol,solvent extraction,10.0124,lactuca sativa,,55.684772065730925,46.79744168221261,55.54152727339324,29.56,0.0,0.0,0.0,0.0,0.0,0.6391494684177611,0.0,0.4300166875260743,0.0,0.7338279426475492,0.0,0.0,0.0,0.0,0.0,0.0,246.8796747377795,102.37312116726766,1.7698519436314213,3.8314962564997677,5.0174858909407645,1.4070051827795016,2.185989634440997,17.982459977043256,0.0
lantana camara,leaf,methanol,solvent extraction,25.2606,lactuca sativa,,34.24305887334286,27.52209036145914,36.04131277964354,31.08,0.7007676902536716,0.8689310272973536,0.6889481580263378,0.7482614742698191,0.6880217028380635,0.8851365436731292,0.9060514877967236,0.4532749269920734,0.960200389646535,0.5229243081027009,0.6012819304364219,0.8843070935458462,0.7125418526785714,0.4139708998446108,0.3978555304740406,0.6272423863162288,298.5511175680996,64.47947942980407,3.849884236283467,1.9010045196153063,3.3336914550011496,1.7236970951547843,0.9709286315702883,21.690423166518343,0.4524437282817716
ageratina adenophora,leaf,aqueous,aqueous extraction,2.517,oryza sativa,,53.868157329238215,47.980636508282416,60.5820417464132,4.46,0.0,0.0,0.0,0.0,0.0,0.0,0.0,0.4604714226115978,0.0,0.572107369123041,0.0,0.2806375388036881,0.2544642857142857,0.0,0.0,0.0,224.38406931313438,66.96172294851657,2.679788564521661,2.5634553229556234,3.15091097921335,1.2026197684117892,1.246122211823692,16.359608394794652,0.20323541872153567
chromolaena odorata,leaf,aqueous,aqueous extraction,1.0067,oryza sativa,,78.80616165163455,61.91763273598307,88.55276766360149,10.09,0.0,0.0,0.0,0.0,0.0,0.7388993120700439,0.0,0.7153733833959116,0.0,0.357619206402134,0.0,0.2850391511838021,0.0,0.2849978810566464,0.0,0.0,248.80868704222794,85.60028587056493,2.4287235282213615,3.192925563630431,4.414013795643728,1.0304884517357218,1.9817708350592225,18.184755871927052,0.17049296081388549
ageratina adenophora,leaf,aqueous,aqueous extraction,48.7582,oryza sativa,,17.39752298093198,13.023611863226826,18.170175504589015,8.11,0.0,0.0,0.0,0.0,0.0,0.0,0.0,0.5182519816437214,0.0,0.6300433477825942,0.0,0.324560997081036,0.3132672991071428,0.0,0.0,0.0,224.03299062824073,65.54403589618124,2.7298547396935904,2.509003233202641,3.0893124281671533,1.1773539323553086,1.2232072077105551,16.33824139472222,0.21201917007924154
lantana camara,leaf,aqueous,aqueous extraction,0.9933,zea mays,,64.48125545778393,58.49117384890336,73.55793203601232,18.97,0.7764519359145527,0.8806695839410988,0.8043007167861311,0.921279554937413,0.7447829716193656,0.6778194705023974,0.8592443998662653,0.3595118898623279,0.982187586974673,0.4336445481827276,0.6932792911678763,0.6989297132002039,0.6698521205357143,0.3435513490606018,0.3855812641083521,0.6931581143095537,306.1622115512779,64.72803787417357,3.9484691153139098,1.8606866541083074,3.3363304815135404,1.8210579357361296,0.8937198239351156,22.223046738675574,0.4751612221595566
eucalyptus globulus,leaf,aqueous,aqueous extraction,10.0151,hordeum vulgare,,48.87629765774477,43.094766705079394,55.75725836643621,23.24,0.0,0.0,0.0,0.0,0.0,0.0,0.0,0.0,0.0,0.4714904968322774,0.9670091431803186,0.3630635222165593,0.0,1.0,0.9037810383747178,0.850020859407593,225.65652454542737,52.80009323353663,2.4661573149181084,1.8699791599473379,2.492936768690162,2.2128778098043185,0.31578141840710683,16.235130527220132,0.5529854432865009
lantana camara,leaf,aqueous,aqueous extraction,5.0878,zea mays,,62.69002480803865,54.81918742022408,66.80850289310159,21.11,0.7850467289719626,0.8795582413002709,0.8248041340223372,0.9969401947148816,0.6990818030050084,0.7299353762768398,0.9344700768973588,0.4940550688360451,0.9089897021987198,0.5837779259753251,0.7876331416721651,0.9718296807672708,0.7522321428571429,0.3865658991382963,0.3559537246049661,0.670421360033375,303.47135508738256,64.7328446231702,3.90124483064674,1.886346795009856,3.326580903365322,1.7995414503987988,0.8990303839266652,22.030464513767473,0.4675328059761404
lantana camara,leaf,aqueous,aqueous extraction,1.0419,oryza sativa,,66.06296543182034,55.4600337011379,65.41802744778565,9.44,0.8488818424566088,0.8332986038758075,0.8813135522587098,0.9847009735744088,0.7629382303839733,0.8430268918073796,0.7942159812771649,0.4956195244055069,0.7258558307820763,0.4640713571190397,0.6054293524366104,0.8372330074595747,0.8394949776785714,0.3442576635117954,0.3174379232505643,0.5857321652065082,304.5206747925442,62.55829377776722,4.02926008678123,1.7888717756273533,3.220955812190764,1.7456826526289249,0.8640344504818573,22.11579635012795,0.47934777278799967
lantana camara,leaf,aqueous,aqueous extraction,0.0,zea mays,,65.78728333840435,54.60484577402737,74.70162430490325,19.7,0.7496244993324432,0.9101201639230396,0.9183197199533256,0.7001390820584144,0.8240818030050083,0.8812799666458203,0.8995319291206955,0.4978097622027534,0.8054550514890064,0.4808269423141046,0.771514751625978,0.7302043274799611,0.7350725446428571,0.3404435654753496,0.4037810383747178,0.6205673758865249,301.37856600373726,65.44555595600765,3.8337638972355363,1.9243341823197233,3.3741193843712876,1.7739996076880091,0.9321842108695171,21.87778776428555,0.4622911546177515
eucalyptus globulus,leaf,aqueous,aqueous extraction,25.1655,triticum aestivum,,37.1172132803865,29.3518987943016,39.23399150099146,22.4,0.0,0.0,0.0,0.0,0.0,0.0,0.0,0.0,0.0,0.4199733244414805,0.8412668489018759,0.3191400639392114,0.0,0.97881056646419,0.8077031602708803,1.0,219.04318698421972,49.44665124596372,2.4934631433977743,1.7658712829785554,2.3361248496082245,2.260262356618698,0.28881859365849766,15.760030985771706,0.5609514687258075
lantana camara,leaf,ethyl_acetate,solvent extraction,2.474,sorghum bicolor,,74.26640353453249,64.04416615252894,72.07952399559669,39.12,0.8180490654205608,0.9453358338542752,0.8896482747124521,0.854798331015299,0.9632721202003338,0.7890348134250574,0.7219993313273152,0.3872549019607844,0.9899805176732536,0.5245081693897966,0.6010934112545951,0.7764444238521059,0.8755580357142857,0.4083203842350614,0.3802200902934537,0.651439299123905,300.6544170385619,61.45060282035277,3.9961816712517124,1.7600123276873576,3.1552250181230077,1.726381386090042,0.8456808011711437,21.835120676344616,0.4814497704768377
eucalyptus globulus,leaf,aqueous,aqueous extraction,51.7944,triticum aestivum,,20.611422184252344,14.082249993520213,18.01208289529202,18.83,0.0,0.0,0.0,0.0,0.0,0.0,0.0,0.0,0.0,0.4047182394131377,0.8518239230841739,0.3894731964972432,0.0,0.9487215708433396,0.9849040632054176,0.9115561118064248,224.45237500205394,48.996847630773836,2.6279633193656626,1.7209457121816039,2.3195727255608616,2.202962006769009,0.27977889483862944,16.162890473793254,0.5670791112846487
parthenium hysterophorus,leaf,aqueous,aqueous extraction,23.7176,zea mays,,43.75404911850772,34.29551783738089,40.78381424883336,8.42,0.0,0.0,0.0,0.0,0.0,0.3465707734000417,0.0,0.6769920734251147,0.0,0.9311437145715238,0.751437458761429,0.2555715146179864,0.0,0.0,0.0,0.0,268.99736641671325,109.27759320192936,1.3892525108153526,4.076454749028294,5.275084586867041,2.075544242332723,1.6049042043356698,19.383135108573036,0.15097967558376096
parthenium hysterophorus,leaf,aqueous,aqueous extraction,9.9352,zea mays,,52.25384046751772,49.2175960618911,58.79768429391414,13.29,0.0,0.0,0.0,0.0,0.0,0.38972274338128,0.0,0.6289111389236547,0.0,0.6863954651550517,0.8415496276746159,0.2466756243339665,0.0,0.0,0.0,0.0,279.3508814067617,113.82530911121137,1.33166117057969,4.228734048054025,5.56064522459587,2.149570951674014,1.6410415078584575,20.111159946026216,0.17012224726786768
lantana camara,leaf,aqueous,aqueous extraction,49.1003,phaseolus vulgaris,,26.239965561077245,17.74785022734695,25.52357850341408,21.24,0.9632426568758344,0.7418906716677085,0.7767961326887816,0.8247566063977746,0.8280467445742905,0.743277048155097,0.8665997993981945,0.3595118898623279,0.7692735875313108,0.577942647549183,0.6714110660759732,0.6727053699671038,0.8281947544642857,0.3057635259217403,0.3943284424379232,0.6770963704630789,298.7359053459376,62.48345698436067,3.9030100270341577,1.8121171868205992,3.207383924620715,1.7928899194398826,0.8604200224280865,21.687772299227674,0.4721633085528798
lantana camara,leaf,aqueous,aqueous extraction,49.1755,zea mays,,23.523718868772967,17.39652516057602,21.535886869325783,11.67,0.9979556074766356,0.6914634993401403,0.7109518253042174,0.9438108484005562,0.8614357262103507,0.7778820095893267,0.7251755265797392,0.3691072173550271,0.6980239354300027,0.4241413804601533,0.5467056272975775,0.8602140573599593,0.7168666294642857,0.4199039412346377,0.4122460496613995,0.7265331664580726,299.1416024649027,59.273562873288334,4.045560218287166,1.6844094827525522,3.048754953614844,1.7718635191759173,0.7977467723052385,21.726026788057595,0.4948580067562234
lantana camara,leaves,ethanol,disc diffusion method,2.0,unknown,,85.6480799683226,74.81144289919504,89.38082729808042,,0.9894859813084113,0.7550184066124886,0.8101350225037507,0.811961057023644,0.7522954924874792,0.9717531790702524,0.7154797726512873,0.4468085106382979,0.9398831060395212,0.4472324108036012,0.6007163728909417,0.8945003011629524,0.73388671875,0.3073174177143664,0.3195541760722348,0.7037964121818941,298.65871237136696,62.86350682771938,3.918699276170619,1.8464158963051915,3.242613751443038,1.743609940046914,0.9169538895471663,21.69631087048641,0.46476361975788333
chromolaena odorata,leaf,aqueous,aqueous extraction,49.4423,oryza sativa,,25.25678737344414,19.007813741046764,23.34438353777873,20.25,0.0,0.0,0.0,0.0,0.0,0.5463831561392537,0.0,0.8472048393825615,0.0,0.4160553517839279,0.0,0.2804058749942084,0.0,0.2432546969911004,0.0,0.0,249.32126806589218,87.58432637436256,2.3761301130919894,3.2870655268739983,4.481584581164398,1.0740583570636315,1.9700902657147492,18.20485711919581,0.15884651381241688
eucalyptus globulus,leaf,aqueous,aqueous extraction,5.0223,triticum aestivum,,58.52728329478559,47.49756853140106,59.24110870736766,20.52,0.0,0.0,0.0,0.0,0.0,0.0,0.0,0.0,0.0,0.4860786928976325,0.8546517108115751,0.4044386785896307,0.0,0.985732448085888,0.7095090293453724,0.9050896954526492,218.71586743207536,50.25479829106347,2.4589484966598545,1.8055436872498178,2.3621683124776442,2.2087391956549554,0.3085330399210444,15.741868392779871,0.5498594524683156
plantago lagopus,,ethanolic,,0.1,lycopersicon esculentum,,61.87514662791824,54.047815143611366,69.39801729327421,,0.0,0.0,0.0,0.0,0.0,0.0,0.0,0.463078848560701,0.0,0.4542347449149716,0.4072956923366952,0.2313394801464115,0.0,0.2150021189433535,0.0,0.0,251.66080763390585,92.18397755452953,1.6845539916622227,3.456828014689352,4.439774010896915,1.8250481226996023,1.2709369876500856,18.150118768202265,0.2651965171811823
lantana camara,leaf,aqueous,aqueous extraction,0.0,phaseolus vulgaris,,72.465066938231,62.51311952536613,80.16088674708375,17.26,0.8985313751668892,0.882822810307703,0.689781630271712,0.9460361613351876,0.8424457429048414,0.991974150510736,0.678201270478101,0.4573425114726742,0.9774561647648204,0.4150550183394464,0.5568856631162221,0.9823008849557524,0.8167550223214285,0.3204548665065687,0.3807844243792325,0.5352523988318731,304.67224282720326,62.81290434598266,4.045428858305531,1.8075320827445278,3.240870640132167,1.6930761802289895,0.9045718009898314,22.138741781015554,0.47221836108234577
parthenium hysterophorus,leaf,aqueous,aqueous extraction,49.8331,zea mays,,22.69819311045938,16.53337209304223,21.294619740792413,12.39,0.0,0.0,0.0,0.0,0.0,0.3549093183239524,0.0,0.7410304547350857,0.0,0.8418639546515505,0.8831181072674145,0.2176713153871102,0.0,0.0,0.0,0.0,276.5341129870227,114.4410801832976,1.2732699721494167,4.261541250751003,5.564155837431455,2.1489587791752554,1.6497112752636027,19.903408962612936,0.1553401235762829
eucalyptus globulus,leaf,aqueous,aqueous extraction,50.1212,triticum aestivum,,20.244243445333577,15.3857586462278,18.41665275814577,11.35,0.0,0.0,0.0,0.0,0.0,0.0,0.0,0.0,0.0,0.4517339113037679,0.9487227825431236,0.4234351109669647,0.0,0.8507557564627772,0.6841139954853274,0.8354192740926158,225.86188553661327,54.60705635063589,2.388863478195268,1.9610539060447363,2.5765637432888244,2.2897584867928145,0.33390470042312037,16.240557279622557,0.5417964710323546
lantana camara,root,aqueous,aqueous extraction,0.0,triticum aestivum,,76.37515018412327,72.02282062450416,101.68953176968124,16.12,0.9211865821094792,0.898728901854553,0.7131188531421904,0.937134909596662,0.893781302170284,0.7853867000208464,0.6730190571715144,0.3805798915310805,0.7784581129974952,0.4549849949983328,0.7421057592610049,0.9011258861140714,0.9343610491071428,0.3658708857183217,0.3876975169300226,0.5373383395911556,304.13818673675246,61.56810693756198,4.034853037225172,1.7537578378274785,3.1527550449928796,1.7415346502691187,0.8004882003333804,22.080074019070558,0.49235433910699994
lantana camara,leaf,methanol,solvent extraction,2.4199,lactuca sativa,,55.579490565385775,52.45210170530456,65.8363458766851,58.32,0.6790720961281709,0.9031742724178649,1.0,0.67009735744089,0.721619365609349,0.8450072962268084,0.8938482113005685,0.4098873591989988,0.7197328138046201,0.4489829943314438,0.7533226505796965,0.686419867488301,0.9786551339285714,0.3627631021330696,0.3031884875846501,0.6768877763871507,297.5710092890495,63.21459904815209,3.846515795419504,1.85104114188178,3.258950317016933,1.7543886075900263,0.8873641064722719,21.60270488987731,0.46973211586901553
lantana camara,root,aqueous,aqueous extraction,0.9966,triticum aestivum,,81.36431688153908,76.83735987601074,90.02053507533371,18.33,0.6799899866488651,0.9348475376814612,0.700616769461577,0.7705146036161334,0.856636060100167,0.960391911611424,0.8266466064861251,0.4958281184814351,0.8527692735875313,0.4543181060353451,0.6568950890753135,0.7672242042348145,0.7080775669642857,0.3610679474502049,0.3953160270880361,0.5871923237380059,303.45057263812,65.59286410342906,3.8881355800896578,1.918990419084122,3.387001529032568,1.7426190736350515,0.9554690755365276,22.036792133017926,0.45964562852510105
lantana camara,leaf,aqueous,aqueous extraction,9.8692,triticum aestivum,,56.84135187519885,54.522556113025125,65.06201694863559,12.35,0.9230223631508678,0.6991039799958324,0.9669944990831806,0.9098748261474268,0.6907345575959933,0.745987075255368,0.8450351053159477,0.345014601585315,0.9791260784859448,0.4248916305435145,0.5800735224809124,0.9923087615252748,0.8092215401785715,0.3584545839807883,0.2972629796839729,0.6226533166458073,298.9559219462344,60.74653418789605,4.000578565706755,1.750384932315673,3.1391957283219227,1.728162306326754,0.8713729551756776,21.723265742280176,0.47689218126088123
lantana camara,leaf,ethanol,solvent extraction,5.016,zea mays,,60.78501918604901,54.616821309126536,71.70438129624652,47.19,0.7807076101468625,0.8853233312495659,0.6981163527254542,0.9847009735744088,0.917779632721202,0.966750052115906,0.7534269475091941,0.4513975803087193,0.6905093236849429,0.407885961987329,0.7003487604863795,0.7721818097576797,0.78857421875,0.3464472383104958,0.3089729119638826,0.6047142261159784,307.29483050843805,64.29563212208424,3.996253388619884,1.8448077691335605,3.3092842122390405,1.7777220278877257,0.8767073066337568,22.308277836752232,0.47912675416654293
parthenium hysterophorus,leaf,methanol,solvent extraction,98.5078,oryza sativa,,8.277950396456049,6.304372505641668,7.83437777620401,33.56,0.0,0.0,0.0,0.0,0.0,0.4511152803835731,0.0,0.7034835210680017,0.0,0.7309936645548516,0.6465265340748421,0.2344901079553352,0.0,0.0,0.0,0.0,273.45320877970346,110.56833052148237,1.490261611946611,4.118405774017701,5.420451177030656,1.9652875279784716,1.7499098766504768,19.736243555066572,0.14247634135082685
lantana camara,leaf,aqueous,aqueous extraction,10.0609,oryza sativa,,65.3322538621181,57.30542179374406,75.85068279933819,4.68,0.9192673564753004,0.7850941168298952,0.8829804967494582,0.8392211404728789,0.7545909849749584,0.94767563060246,1.0,0.3607634543178974,0.934873364876148,0.5776925641880627,0.5407672730700349,0.7725524718528471,0.6939174107142857,0.4160192117530724,0.3773984198645598,0.6120150187734669,298.8266556804848,63.334267212230756,3.901846941787715,1.841038849126541,3.275606339967152,1.7311364409260568,0.9503775542270456,21.71346747925415,0.4573712824411801
acmella oleracea,aerial,ethanol,solvent extraction,102.6071,lactuca sativa,,8.040716224993009,5.759631158673475,6.610146409786213,33.48,0.0,0.0,0.0,0.0,0.0,0.5877631853241609,0.0,0.4869628702544847,0.0,0.5820273424474824,0.0,0.0,0.0,0.0,0.0,0.0,253.6749855909125,105.35304275118601,1.8140688737748967,3.9426200228071,5.240008103446119,1.3513059596804904,2.297388080639019,18.48347830504367,0.0
phaseolus vulgaris l.,leaf,aqueous,aqueous,26.67,phaseolus vulgaris l.,Sosiad,86.11,30.68460848645781,38.64745760924151,,0.0,0.0,0.0,0.0,0.0,0.0,0.0,0.4803921568627451,0.0,0.5575191730576858,0.4393439532472428,0.2198952879581152,0.0,0.217403588077412,0.0,0.0,249.94390432629984,93.41021775762577,1.601569342235463,3.505036402711663,4.4658199936995135,1.8660749745580922,1.2734241991398287,18.01715953245851,0.24869019563670966
parthenium hysterophorus,leaf,aqueous,aqueous extraction,9.9837,zea mays,,52.17168099721643,45.23355240079005,62.99359670999185,12.39,0.0,0.0,0.0,0.0,0.0,0.4470502397331665,0.0,0.7412390488110139,0.0,0.8772090696898965,0.886794231313036,0.2611314460454988,0.0,0.0,0.0,0.0,275.2189722235319,112.45356276008229,1.3534102679549036,4.18456719405717,5.476076498072526,2.1008792255381916,1.658315587240181,19.82561954916664,0.15606880307492155
lantana camara,leaf,aqueous,aqueous extraction,102.5985,zea mays,,7.5800884400042206,5.559389909568648,6.389232905683025,13.97,0.7258845126835781,0.7400152809613114,0.8214702450408402,0.9821974965229484,0.9129799666110184,0.8246820929747759,0.8391842193246405,0.3858990404672507,0.991650431394378,0.5467655885295098,0.6252238665284192,0.7184358059583933,0.9173409598214284,0.2931204972453737,0.4019469525959368,0.6833541927409261,300.9269353389564,63.22992010273336,3.940186757344927,1.8352715452272106,3.2551811781454942,1.763690197713215,0.9023751458438682,21.856030649243067,0.46457154061327033
lantana camara,leaf,aqueous,aqueous extraction,0.0,oryza sativa,,58.50024684979239,50.123949112788594,66.02860635043825,14.51,0.9873581441922564,0.8620545947072307,0.9273212202033672,0.7936022253129347,0.6719532554257096,0.9436105899520536,0.8798060849214309,0.4372131831455987,0.881436125800167,0.5382627542514171,0.5321896502969177,0.8760598619283697,0.97509765625,0.3038564769035174,0.4094243792325056,0.7292448894451398,296.3379873929156,61.01706488027171,3.9575157918853803,1.7718468903006221,3.1500106634626635,1.7124360598956416,0.8934466795639568,21.53339506329943,0.4667283002531461
acmella oleracea,aerial,ethanol,solvent extraction,0.0,lactuca sativa,,60.72972358065223,58.35501649356429,66.44799810963595,56.32,0.0,0.0,0.0,0.0,0.0,0.7948717948717949,0.0,0.532436378806842,0.0,0.5550183394464822,0.0,0.0,0.0,0.0,0.0,0.0,259.4859922339107,107.01287473505317,1.8786745060794585,3.9880031649757997,5.398287899769215,1.2948576326032921,2.410284734793416,18.923999736752755,0.0
lantana camara,leaf,aqueous,aqueous extraction,49.6318,triticum aestivum,,24.832762948422857,19.50976921571937,21.339407711859486,13.77,0.8165053404539386,0.9549211641314164,0.9079846641106852,0.8411682892906814,0.7906928213689484,0.7410881801125704,0.9140755600133734,0.4718397997496871,0.8661285833565266,0.5184228076025342,0.6172118013007823,0.8431172682203586,0.9619140625,0.3784432829495691,0.3656884875846501,0.523153942428035,301.78257552323475,62.26087579762297,3.990587441055963,1.7849092676951903,3.2098046587208793,1.7010795038881001,0.8786238829065751,21.9214292020066,0.47418311858036527
