compound_lantadene_a,compound_lantadene_b,compound_lantadene_c,compound_lantadene_d,compound_icterogenin,compound_luteolin,compound_hispidulin,compound_quercetin,compound_kaempferol,compound_caffeic_acid,compound_chlorogenic_acid,compound_caryophyllene,compound_alpha_humulene,compound_alpha_pinene,compound_camphene,compound_linalool,agg_mw,agg_tpsa,agg_logp,agg_hbd,agg_hba,agg_rotatable_bonds,agg_aromatic_rings,agg_heavy_atom_count,agg_fraction_csp3,concentration,log_concentration,concentration_squared,concentration_cubed,conc_bin_low,conc_bin_medium,conc_bin_high,terpenoid_total,concentration_x_terpenoid_total,flavonoid_total,concentration_x_flavonoid_total,phenolic_total,concentration_x_phenolic_total,concentration_x_compound_luteolin,concentration_x_compound_caryophyllene,concentration_x_compound_chlorogenic_acid,concentration_x_compound_caffeic_acid,concentration_x_agg_logp,concentration_x_agg_tpsa,log_concentration_x_agg_logp,compound_luteolin_x_compound_caryophyllene,compound_luteolin_x_compound_chlorogenic_acid,compound_luteolin_x_compound_caffeic_acid,compound_caryophyllene_x_compound_chlorogenic_acid,compound_caryophyllene_x_compound_caffeic_acid,compound_chlorogenic_acid_x_compound_caffeic_acid,terpenoid_total_x_flavonoid_total,terpenoid_total_x_phenolic_total,flavonoid_total_x_phenolic_total,max_tanimoto_to_known_bioactive,bio_score_antioxidant,bio_score_ros_scavenger,bio_score_allelopathic,bio_score_auxin_modulation,bio_score_membrane_disruption,bio_score_antimicrobial,bio_score_enzyme_inhibition,species_donor_acmella_oleracea,species_donor_ageratina_adenophora,species_donor_chromolaena_odorata,species_donor_eucalyptus_globulus,species_donor_lantana_camara,species_donor_other,species_donor_parthenium_hysterophorus,incubation_temp_c,incubation_days
0.8921478638184245,0.8117663402097659,0.7429571595265878,0.9084840055632822,0.7241235392320535,0.7933083176985616,0.9264460046807088,0.4239674593241552,0.7289173392708044,0.46432144048016,0.7002545008954661,0.7832553398508086,0.6999860491071429,0.3144511936714225,0.4156320541760722,0.6101376720901126,305.05634318567536,64.3667672501791,3.9458948691597664,1.8555847899042903,3.318803823836063,1.803109930604724,0.8941822268612041,22.146335860707467,0.4727774325248078,0.0,0.0,0.0,0.0,1.0,0.0,0.0,6.902941217245673,0.0,2.87263912097423,0.0,1.164575941375626,0.0,0.0,0.0,0.0,0.0,0.0,0.0,0.0,0.6213629759854601,0.5555177200662281,0.36835006081868854,0.5484780770809368,0.36368224766330476,0.32514317855849834,19.82965899044539,8.03899926633449,3.345406408541015,1.0,4.037215062349857,4.037215062349857,5.558506043397163,1.522225656969366,3.797293265076255,3.7499083135762676,3.5338016809686614,0.0,0.0,0.0,0.0,1.0,0.0,0.0,25.0,7
0.8991989319092123,0.8826838924775995,0.7117852975495915,0.8147426981919331,0.9657762938230384,0.7731915780696269,0.7843530591775326,0.4313725490196078,0.8672418591706096,0.4630710236745581,0.6150438307097748,0.7860353055645648,0.8573521205357143,0.3504025992371804,0.3762697516930022,0.670421360033375,300.3750924471048,61.756763200573765,3.977269108704013,1.7775444612431022,3.1796379778571806,1.7446852301156248,0.8575554804483332,21.813814747995565,0.4793217534261915,49.0299,3.9126208266973963,2403.93109401,117864.50114620088,0.0,0.0,1.0,7.3146682510152115,358.6374528804507,2.856159045437377,140.03719238189004,1.0781148543843329,52.8598634989784,37.909505753596,38.53923242830005,30.155537515317185,22.704325983661214,195.0051066728469,3027.9279240478113,15.561545948095512,0.6077558783279072,0.4755467100484792,0.3580426155532491,0.48344616540755825,0.3639901735921271,0.284808976291497,20.891855889510694,7.886052496312967,3.079267493370213,1.0,3.9342738998217097,3.9342738998217097,5.702704567572888,1.6404334372402365,4.095691610520466,3.82483419624137,3.68458318353126,0.0,0.0,0.0,0.0,1.0,0.0,0.0,25.0,7
0.0,0.0,0.0,0.0,0.0,0.0,0.0,0.0,0.0,0.3502834278092697,0.9381657083608256,0.3229393504146782,0.0,0.8609266845599661,0.8861455981941309,0.6919065498539843,232.1077477651232,54.96152187438832,2.4746713758317678,1.9294111537768204,2.611442386308659,2.227132469312345,0.3181067381382224,16.693265475390806,0.559670063645296,0.0,0.0,0.0,0.0,1.0,0.0,0.0,2.7619181830227593,0.0,0.0,0.0,1.2884491361700952,0.0,0.0,0.0,0.0,0.0,0.0,0.0,0.0,0.0,0.0,0.0,0.30297062443937145,0.11312030263775237,0.3286239001777416,0.0,3.558591097088153,0.0,1.0,1.2884491361700952,1.2884491361700952,2.1493758207300613,0.0,1.0148459002686625,2.7619181830227593,0.9381657083608256,0.0,0.0,0.0,1.0,0.0,0.0,0.0,25.0,7
0.0,0.0,0.0,0.0,0.0,0.0,0.0,0.5294117647058824,0.0,0.5251750583527842,0.0,0.2710929898531252,0.2760881696428571,0.0,0.0,0.0,228.34581052454783,68.91206663603744,2.70121212088492,2.6362020246235622,3.2972362948448053,1.1555074713833773,1.3194235216886827,16.651638630232068,0.2023239165646765,0.0,0.0,0.0,0.0,1.0,0.0,0.0,0.5471811594959823,0.0,0.5294117647058824,0.0,0.5251750583527842,0.0,0.0,0.0,0.0,0.0,0.0,0.0,0.0,0.0,0.0,0.0,0.0,0.14237127676514577,0.0,0.2896841432625789,0.2873658973678467,0.27803385442206224,1.0,1.0545868230586666,1.0545868230586666,0.5251750583527842,0.0,0.5471811594959823,0.5471811594959823,0.5294117647058824,0.0,1.0,0.0,0.0,0.0,0.0,0.0,25.0,7
0.8760847797062751,0.8460095853302771,0.8688114685780963,0.7012517385257301,0.7589732888146912,0.8615801542630811,0.8642594450016716,0.443471005423446,0.9084330642916782,0.5285095031677225,0.7364501838062023,0.8471482185053051,0.8308454241071428,0.3632575222489052,0.3391647855530474,0.5129328327075512,298.7045448204384,64.24547598988816,3.8434577026196495,1.8938407542885507,3.309381323157712,1.7168027955970642,0.9300983862744928,21.694190547844816,0.4593083221344097,24.3563,3.233027219871095,593.22934969,14448.87200985455,0.0,0.0,1.0,6.944479644077021,169.14182955503315,3.0777436689798767,74.96244812477457,1.2649596869739248,30.809737623843006,20.98490471127788,20.633396154380762,17.937201611839004,12.872536012004,93.61240884231498,1564.7820868525132,12.426003370992552,0.7298860927834951,0.6345108629708223,0.4553532992687507,0.6238824612293288,0.44772588407166003,0.3892209207511939,21.37332825891768,8.784486796768462,3.893221668098764,1.0,4.342703355953802,4.342703355953802,5.679348070177899,1.7700132185547592,3.9130208403565514,3.757608228123623,3.6765594120136953,0.0,0.0,0.0,0.0,1.0,0.0,0.0,25.0,7
0.0,0.0,0.0,0.0,0.0,0.0,0.0,0.3631622861910722,0.0,0.441563854618206,0.4566877179753039,0.1977945605337534,0.0,0.242407119649668,0.0,0.0,250.5373934900477,92.4299885513444,1.5467073005259562,3.455909497763689,4.419523175931673,1.9221941460678895,1.1681477899362926,18.03654483559626,0.2866578669202134,50.0,3.9318256327243257,2500.0,125000.0,0.0,0.0,1.0,0.44020168018342143,22.01008400917107,0.3631622861910722,18.15811430955361,0.8982515725935099,44.912578629675494,0.0,9.88972802668767,22.834385898765195,22.078192730910303,77.33536502629781,4621.49942756722,6.081383410529801,0.0,0.0,0.0,0.09033034647808795,0.08733892857179824,0.20165678910596735,0.15986464856056254,0.39541185148306357,0.3262110946777849,1.0,1.2614138587845822,1.2614138587845822,1.1406586922431778,0.0,0.1977945605337534,0.44020168018342143,0.8198500041663761,0.0,0.0,0.0,0.0,0.0,1.0,0.0,25.0,7
0.6687666889185581,0.6876432590122943,0.7032838806467746,0.6993045897079275,0.7852671118530885,0.9210965186574944,0.9770979605483116,0.4867542761785565,0.8847759532424158,0.5858619539846615,0.6378546517108116,0.7966455080387342,0.8554687499999999,0.2958044921599095,0.4136568848758465,0.5392156862745099,295.3887186820049,65.24680340268483,3.769587105507141,1.95501424567956,3.374228708063575,1.707879002362117,1.0086293899157888,21.463848642076776,0.4362867833709088,99.4313,4.609473911660811,9886.583419689998,983035.8419782221,0.0,0.0,1.0,6.445056851487643,640.8403813173232,3.2697247086267778,325.1129784208817,1.223716605695473,121.67573293588826,91.58582427558892,79.21149850345179,63.42271723065321,58.253015705235065,374.81494636381217,6487.574483173376,17.375813420568157,0.7337874040586091,0.5875256991003172,0.5396354062291489,0.5081440430670293,0.4667242939726762,0.37369477260950174,21.07356163581345,7.886923093816811,4.00121642199938,1.0,4.493441314322251,4.493441314322251,5.063786627994025,1.8058724718999102,3.5477398922440964,3.8778892818973114,3.499739247318509,0.0,0.0,0.0,0.0,1.0,0.0,0.0,25.0,7
0.0,0.0,0.0,0.0,0.0,0.3947258703356264,0.0,0.57008760951189,0.0,0.7613371123707902,0.7311716467150532,0.2215632673863689,0.0,0.0,0.0,0.0,273.4566425966437,111.39509184179424,1.3596742417257226,4.143657024579011,5.409844118100993,2.103015431434151,1.637602349290102,19.70014012770425,0.1558684884686018,0.0,0.0,0.0,0.0,1.0,0.0,0.0,0.2215632673863689,0.0,0.9648134798475163,0.0,1.4925087590858435,0.0,0.0,0.0,0.0,0.0,0.0,0.0,0.0,0.08745675355348957,0.28861236461433254,0.3005194542993727,0.162000779066459,0.16868433819937537,0.5566681101574341,0.2137672270134283,0.3306851172658344,1.439992569556511,1.0,2.4573222389333598,2.4573222389333598,1.4925087590858435,0.3947258703356264,0.2215632673863689,0.2215632673863689,1.6959851265625696,0.0,0.0,0.0,0.0,0.0,0.0,1.0,25.0,7
0.8938584779706275,0.6802111551017572,0.955825970995166,0.7894297635605007,0.6692404006677797,0.6926203877423389,0.8706118355065195,0.4984355444305382,0.8922905649874756,0.5423474491497166,0.7877274012630785,0.9056664967798732,0.8708147321428571,0.3800678061873146,0.3088318284424379,0.5246141009595329,296.6809788902348,63.52644416616114,3.826268629311614,1.882798697320156,3.2670857322487903,1.7319222477075704,0.9049380564131142,21.54506765301938,0.4620011101911984,48.4104,3.9001609283521113,2343.56682816,113453.00757795689,0.0,0.0,1.0,6.978560732807846,337.834916499521,2.9539583326668724,143.00230446773637,1.330074850412795,64.38945553842358,33.53003001876173,43.843677375712375,38.13419858610614,26.25525695231744,185.23119485242697,3075.3405726615274,14.923063409420545,0.6272830801649215,0.5455960580980984,0.3756409005211451,0.7134183159194458,0.4911859143089242,0.42722194670036584,20.61437762669957,9.282008122786001,3.9289856874475197,1.0,4.284033183079667,4.284033183079667,5.6987084248959405,1.5849109527298144,3.875164962954648,3.860606800018535,3.5418822120743627,0.0,0.0,0.0,0.0,1.0,0.0,0.0,25.0,7
0.6785297062750334,0.7054942001805932,0.6796132688781464,0.7774687065368567,0.8332637729549249,0.8348968105065666,0.8933467067870278,0.4665206508135169,0.8650153075424437,0.5549349783261087,0.6315392591196154,0.8409396284112496,0.7835518973214286,0.3986438762537082,0.2968397291196388,0.5400500625782229,296.84484483000307,64.25368018869223,3.823774691181265,1.9046598566768544,3.3158105204584825,1.7142535470572728,0.9615203208934836,21.56626130356043,0.450318815691958,50.3446,3.9385597701826742,2534.57874916,127602.35329496053,0.0,0.0,1.0,6.534394848509804,328.97149489028664,3.059779475649555,154.04337378978659,1.186474237445724,59.73257089451,42.032545966228895,42.336769216513,31.79459138467339,27.937979509836612,192.50640731764432,3234.8258276276347,15.060165168929208,0.7020978135891296,0.527270113148647,0.46331344344299885,0.5310863898911652,0.4666668144659627,0.3504632250716305,19.99380724326048,7.752891145054936,3.6303495201233833,1.0,4.246253713095279,4.246253713095279,5.259487768524988,1.6999121180490104,3.5485654947665277,3.753371900471276,3.4447501996696577,0.0,0.0,0.0,0.0,1.0,0.0,0.0,25.0,7
0.9311999332443256,0.68826838924776,0.751458576429405,0.7443671766342141,0.9968697829716194,0.7718365645194915,0.7159812771648278,0.3782853566958698,0.9551906484831616,0.5206735578526176,0.6275803563012536,0.7454941389056202,0.8013392857142857,0.3874134764797288,0.3627257336343115,0.6193158114309554,295.215081485164,61.588642176296666,3.8865459079770432,1.804697267704757,3.164389058764497,1.7268378452108784,0.8739893978282017,21.442507893752705,0.4706531347213201,102.7072,4.641571543876367,10548.76893184,1083434.5204362771,0.0,0.0,1.0,7.028452304692226,721.8726565484853,2.821293846863351,289.76719138856356,1.1482539141538712,117.93394441178448,79.27317239941631,76.56761562340732,64.45702117070412,53.476923241080364,399.1762478797798,6325.596989729337,18.03968089043538,0.5753996350423305,0.48438946616747797,0.40187489012910504,0.4678574773148854,0.3881590856622628,0.3267644969537872,19.829329240200714,8.070447869306646,3.239561702639075,1.0,3.969547761017222,3.969547761017222,5.647831249160924,1.727027213002653,3.7856175585429472,3.6322697233297294,3.7057719937325597,0.0,0.0,0.0,0.0,1.0,0.0,0.0,25.0,7
0.9996662216288384,0.6930610543863305,0.7949658276379398,0.7279554937413073,0.7852671118530885,0.8125912028351053,0.7771648278167836,0.4208385481852316,0.8118563874199832,0.5198399466488829,0.7649165802620417,0.9105314367789464,0.9873744419642856,0.3893911569430711,0.3507336343115124,0.6186900292031707,292.91876172776324,61.232853744743615,3.845571820276036,1.811509252584976,3.144178886394472,1.7192167629873492,0.8580944454762911,21.273369765839306,0.4709559704129601,50.0906,3.9336005272549563,2509.0682083600004,125680.73199767743,0.0,0.0,1.0,7.257636408448491,363.53936228103,2.822450966257104,141.3782623703981,1.2847565269109245,64.35422528688436,40.70318090473213,45.60906598711949,38.315130455273824,26.039094831610534,192.62699982071882,3067.1903837864547,15.126943339834618,0.7398898354313808,0.6215644840236478,0.4224173675291527,0.6964805928420351,0.4733306135172982,0.3976341942742657,20.48432289376818,9.324295745700558,3.6261623007848596,1.0,4.107207493168029,4.107207493168029,5.6750633931015,1.6244475902550886,4.209323183961572,4.03388552701777,3.783279664764306,0.0,0.0,0.0,0.0,1.0,0.0,0.0,25.0,7
0.0,0.0,0.0,0.0,0.0,0.6487387950802586,0.0,0.6905506883604506,0.0,0.4983327775925308,0.0,0.2732242969003383,0.0,0.3330272637378161,0.0,0.0,240.53338572240452,82.47374955227721,2.35734125632446,3.086373317646298,4.182411477689072,1.0676407727718364,1.8479682493697545,17.568834360237098,0.1783289273680006,99.8134,4.61327128330993,9962.71481956,994412.4393706701,0.0,0.0,1.0,0.6062515606381544,60.512029522600365,1.3392894834407092,133.6790369264609,0.4983327775925308,49.740288862954316,64.75282484886388,27.271446036232227,0.0,49.740288862954316,235.29424575401583,8231.985353561266,10.875054722763384,0.1772512011577763,0.0,0.3232878056843769,0.0,0.13615662278011187,0.0,0.8119463394821976,0.30211502413261815,0.6674118482834744,1.0,1.83762226103324,1.83762226103324,0.8313600413303469,0.6487387950802586,0.2732242969003383,0.6062515606381544,1.3392894834407092,0.0,0.0,1.0,0.0,0.0,0.0,0.0,25.0,7
0.0,0.0,0.0,0.0,0.0,0.419533041484261,0.0,0.6666666666666667,0.0,0.7518339446482161,0.646243755302102,0.2337951165268962,0.0,0.0,0.0,0.0,272.2020329658309,110.05126012826656,1.4713091214742549,4.100122334503308,5.374881155510149,1.9898798454329751,1.713227583962344,19.63939968418459,0.1448160774661281,49.9488,3.9308212068889157,2494.8826214399996,124616.39308178225,0.0,0.0,1.0,0.2337951165268962,11.677785516378632,1.0861997081509278,54.25437198248906,1.398077699950318,69.83230341927843,20.955171982489055,11.677785516378632,32.27910008483363,37.55320333444482,73.49012504669327,5496.928381894761,5.783453096580101,0.09808477632069598,0.2711206082021014,0.31541918148937564,0.15108863407563392,0.1757751046979057,0.48586799175305584,0.2539481873386268,0.3268637387735396,1.5185915896583557,1.0,2.4842774081012458,2.4842774081012458,1.398077699950318,0.419533041484261,0.2337951165268962,0.2337951165268962,1.7324434634530297,0.0,0.0,0.0,0.0,0.0,0.0,1.0,25.0,7
0.0,0.0,0.0,0.0,0.0,0.0,0.0,0.4606800166875261,0.0,0.5060853617872624,0.5435008012065228,0.2509382384283927,0.0,0.1843480717615482,0.0,0.0,258.7046261744334,97.3553181985647,1.5296713772334103,3.640436849127238,4.672720298812527,2.003437174688858,1.2498384010278114,18.62024951177595,0.261913486289183,2.0,1.0986122886681098,4.0,8.0,1.0,0.0,0.0,0.4352863101899409,0.8705726203798818,0.4606800166875261,0.9213600333750522,1.0495861629937853,2.0991723259875705,0.0,0.5018764768567854,1.0870016024130456,1.0121707235745248,3.0593427544668206,194.7106363971294,1.6805157726524964,0.0,0.0,0.0,0.13638513363918486,0.12699616918129142,0.27505779961027005,0.20052770464215364,0.4568704881159827,0.4835233710829735,1.0,1.5102661796813113,1.5102661796813113,1.2339342347553335,0.0,0.2509382384283927,0.4352863101899409,1.0041808178940488,0.0,0.0,0.0,0.0,0.0,1.0,0.0,25.0,7
0.0,0.0,0.0,0.0,0.0,0.6377944548676256,0.0,0.5588235294117647,0.0,0.6848949649883294,0.0,0.0,0.0,0.0,0.0,0.0,252.37633630496663,104.99135238338076,1.7993517725818122,3.932994649000087,5.204968870325654,1.364012889337216,2.271974221325568,18.384904423639576,0.0,50.9737,3.9507378214062587,2598.31809169,132445.88691037855,0.0,0.0,1.0,0.0,0.0,1.1966179842793903,60.996046145262355,0.6848949649883294,34.91163047682561,32.51074320408589,0.0,0.0,34.91163047682561,91.71961745005352,5351.797698984736,7.108767101953359,0.0,0.0,0.43682221083631306,0.0,0.0,0.0,0.0,0.0,0.8195576324474383,1.0,1.8815129492677196,1.8815129492677196,0.6848949649883294,0.6377944548676256,0.0,0.0,1.1966179842793903,1.0,0.0,0.0,0.0,0.0,0.0,0.0,25.0,7
0.7731558744993324,0.725845662290755,0.885480913485581,0.7593880389429764,0.6894824707846411,0.9508025849489264,0.8179538615847542,0.3718189403420943,0.9215140551071528,0.5110036678892964,0.5334150249787916,0.9171106889681696,0.7813197544642857,0.3292131657013702,0.3088318284424379,0.532540675844806,297.2286774564159,62.67265605873029,3.911036745984561,1.83941158159262,3.238411190436741,1.6876027947725898,0.9465078399617832,21.60368587895985,0.455532661698453,9.9145,2.3900921804322803,98.29731025000001,974.5686824736251,0.0,1.0,0.0,6.702369073424355,66.45063817846577,3.062089441982928,30.35908577253974,1.044418692868088,10.35488913044066,9.426732228476132,9.092693925774919,5.288543265152229,5.0663458652884295,38.77597381806393,621.3680484942814,9.34773834396101,0.8719912137552266,0.5071723846004312,0.48586360834752573,0.4892006210642729,0.46864692592321433,0.27257703427142316,20.523253576005615,7.000079546785363,3.1981034524409826,1.0,4.1065081348510155,4.1065081348510155,5.206984818572743,1.8723166400560793,3.7299726560673485,3.6869699750058236,3.318674895553786,0.0,0.0,0.0,0.0,1.0,0.0,0.0,25.0,7
0.9547313084112148,0.8829617281378065,0.8068011335222537,0.7304589707927677,0.7808848080133556,0.9188034188034188,0.9503510531594784,0.4787234042553192,0.6802115224046758,0.5114204734911637,0.5849750212084079,0.8365380160311356,0.9118303571428572,0.405353863540048,0.368510158013544,0.6581143095536087,296.369731109754,61.37885669224268,3.925331480056459,1.781033832534075,3.1708016234101923,1.7118565985052498,0.8883131695996045,21.530744649221965,0.4704451169960033,24.8084,3.2507000203327996,615.4567105599999,15268.496258256702,0.0,0.0,1.0,7.3361846531585915,181.99900334941958,3.028089398622892,75.12205303679615,1.0963954946995718,27.199817990704855,22.794042735042733,20.753169716906825,14.512294316146667,12.687523674558186,97.38119348983265,1522.7112283638332,12.760075122032509,0.7686139890884366,0.5374770494008876,0.4698948794897444,0.48935384366945306,0.4278226682520021,0.2991682023269075,22.21462297456949,8.04335980200722,3.3199835741976744,1.0,4.124484893322464,4.124484893322464,5.6575873071170175,1.5990149412080945,4.2441757192766225,4.1306977574406725,3.718117960691716,0.0,0.0,0.0,0.0,1.0,0.0,0.0,25.0,7
0.8925650867823766,0.8418420504271723,0.8844807467911319,0.9744089012517384,0.7013772954924875,0.9464248488638732,0.6957539284520227,0.4809136420525657,0.9343167269691066,0.574108036012004,0.7122254689414648,0.7294630032896261,0.8360770089285715,0.2871874558553468,0.3843115124153499,0.5569461827284106,305.22767792774835,65.4492703253791,3.9273513347626863,1.9081762411485244,3.355510826402941,1.7569067417233464,0.9148174670371396,22.1608138227203,0.4624937228093116,4.9329,1.7805131322549734,24.33350241,120.034734038289,0.0,1.0,0.0,7.08865924396221,34.967647184541185,3.057409146337568,15.08189357796859,1.2863335049534688,6.345354546584966,4.668619136960601,3.5983680489273966,3.5133370157413517,2.8320175308436144,19.373231399250855,322.8547055880626,6.992700626524061,0.6903819126401715,0.674067881799927,0.543350111214196,0.5195421295934032,0.41879057216202525,0.4088943651717129,21.67293160776041,9.118379890706716,3.9328478232851967,1.0,4.343742651291037,4.343742651291037,5.868195041553721,1.88074157583298,3.856893332156157,3.4897390916693274,3.733506342132768,0.0,0.0,0.0,0.0,1.0,0.0,0.0,25.0,7
1.0,0.6880600125026047,0.9424904150691782,0.8809457579972183,0.913188647746244,0.9483010214717532,0.6877298562353727,0.4633917396745932,0.7937656554411355,0.4608202734244748,0.5734753511169761,0.9677987304823242,0.7025669642857142,0.2886000847577342,0.3895316027088036,0.6812682519816438,299.0876121634808,60.81585618642728,4.004355629803798,1.7610896895321413,3.1293355941272285,1.749875980813004,0.8534454804949114,21.727349536616003,0.4794052313214136,10.3902,2.4327533365674396,107.95625604,1121.687091506808,0.0,0.0,1.0,7.454450467531466,77.45323124774544,2.893188272822855,30.060804792284028,1.034295624541451,10.746538398110584,9.85303727329581,10.055622369457446,5.958523593175605,4.788014804934978,41.60605586478742,631.8889089482168,9.7416095192078,0.917764524695454,0.5438272612531008,0.43699633600332205,0.5550087167739146,0.44598127560072426,0.26426906810392164,21.567128673000884,7.710105501928768,2.9924119715553164,1.0,3.9274838973643056,3.9274838973643056,5.747580542614431,1.7420666769128887,4.039693959252287,3.717495490451593,3.8983567600095665,0.0,0.0,0.0,0.0,1.0,0.0,0.0,25.0,7
0.0,0.0,0.0,0.0,0.0,0.0,0.0,0.4998957029620359,0.0,0.6675558519506501,0.0,0.2934253810869666,0.2509765625,0.0,0.0,0.0,223.8540471560475,68.68312194461976,2.597033237398022,2.6299832752090166,3.2140235606658827,1.2433498484629435,1.266021282040916,16.313813276649,0.1898554450636047,4.9636,1.785674325572107,24.637324959999997,122.28982617145597,0.0,1.0,0.0,0.5444019435869666,2.702193487188267,0.4998957029620359,2.481282311222361,0.6675558519506501,3.313480226742247,0.0,1.4564462215632672,0.0,3.313480226742247,12.89063417714882,340.9155440843146,4.637455574679058,0.0,0.0,0.0,0.0,0.19587783025545416,0.0,0.2721441922833053,0.36341870325478726,0.333708301877291,1.0,1.167451554912686,1.167451554912686,0.6675558519506501,0.0,0.5444019435869666,0.5444019435869666,0.4998957029620359,0.0,1.0,0.0,0.0,0.0,0.0,0.0,25.0,7
0.0,0.0,0.0,0.0,0.0,0.4633104023347926,0.0,0.6630162703379224,0.0,0.8543681227075692,0.8002639268545575,0.2238335727192698,0.0,0.0,0.0,0.0,273.576570980308,112.10779860550342,1.3519346088099988,4.171007397524706,5.453352671614072,2.083322767013736,1.6751946801890825,19.713319619038582,0.1480742817224808,0.0,0.0,0.0,0.0,1.0,0.0,0.0,0.2238335727192698,0.0,1.126326672672715,0.0,1.6546320495621267,0.0,0.0,0.0,0.0,0.0,0.0,0.0,0.0,0.10370442263259894,0.37077060192500605,0.39583763867366534,0.179125933866208,0.1912362693230907,0.6837199888573158,0.25210972319334135,0.3703622031892987,1.8636562108809451,1.0,2.7809587222348418,2.7809587222348418,1.6546320495621267,0.4633104023347926,0.2238335727192698,0.2238335727192698,1.9265905995272725,0.0,0.0,0.0,0.0,0.0,0.0,1.0,25.0,7
0.7326435246995994,0.6757657845384455,0.8513085514252376,0.9012517385257302,0.8841819699499166,0.686366479049406,0.6955867602808424,0.4550479766374636,0.9565822432507654,0.428809603201067,0.6039211989819965,0.8363990177454479,0.9833984375,0.3189009747139426,0.3067155756207674,0.6236962870254485,298.2089219712659,61.116735951757605,3.975757544333291,1.7761303846287075,3.14685328795397,1.7159694636286418,0.860419147390526,21.66338326330299,0.4752721540414973,51.9372,3.9691063053360027,2697.4727438399996,140099.18139136682,0.0,0.0,1.0,7.114261861744535,369.4948411657983,2.7935834592184774,145.0909028381219,1.0327308021830635,53.6371462191422,35.647953095684805,43.44022306444887,31.365976095767746,22.271170123374453,206.489714731547,3174.2321384736247,15.780204337700448,0.5740762488903247,0.4145112669685686,0.29432053753168924,0.505119097624195,0.35865593091718767,0.2589672097001825,19.874284261518383,7.3471173594198085,2.8850196868040356,1.0,3.826314261401541,3.826314261401541,5.396783346035935,1.6429487223001713,3.851903051508941,3.764697052886449,3.362161149318382,0.0,0.0,0.0,0.0,1.0,0.0,0.0,25.0,7
0.0,0.0,0.0,0.0,0.0,0.0,0.0,0.6047142261159784,0.0,0.6194564854951651,0.0,0.3031089283232173,0.2374441964285714,0.0,0.0,0.0,230.10126376715831,72.30830933733473,2.5999659031224365,2.766404854102832,3.451740671136148,1.216471428103966,1.3790254960564876,16.77105109094704,0.1835889940363131,49.1408,3.9148350479279523,2414.8182246399997,118666.0994133893,0.0,0.0,1.0,0.5405531247517887,26.5632129928027,0.6047142261159784,29.71614084272007,0.6194564854951651,30.440587262420806,0.0,14.895015224945556,0.0,30.440587262420806,127.76440445215903,3553.2881674840987,10.178437640961365,0.0,0.0,0.0,0.0,0.1877627914613061,0.0,0.3268801645088518,0.3348491388821726,0.3745941492387325,1.0,1.2241707116111433,1.2241707116111433,0.6194564854951651,0.0,0.5405531247517887,0.5405531247517887,0.6047142261159784,0.0,1.0,0.0,0.0,0.0,0.0,0.0,25.0,7
0.7038134178905207,0.7418906716677085,0.9311551925320888,0.9504867872044506,1.0,0.8262455701480091,0.8340020060180541,0.4017521902377973,0.8577790147509045,0.5105868622874291,0.748703930624941,0.9703006996247048,0.9346400669642856,0.3476479728775251,0.2844243792325056,0.5208594075928243,300.83752051616926,62.42385264257484,3.952854542096981,1.8110741044747212,3.209127539209661,1.7315726621632863,0.8663418784968446,21.84944676174759,0.4738961055990759,0.0,0.0,0.0,0.0,1.0,0.0,0.0,7.385218595586614,0.0,2.919778781154765,0.0,1.25929079291237,0.0,0.0,0.0,0.0,0.0,0.0,0.0,0.0,0.8017066547764263,0.6186133060312599,0.4218701331407599,0.7264679476971467,0.49542278969667525,0.38227839072005365,21.56320454958339,9.300137781067447,3.676850536449097,1.0,4.179069574067135,4.179069574067135,5.9342848350846635,1.6840245848989137,3.871504263740044,3.891874532309899,3.6805151089012678,0.0,0.0,0.0,0.0,1.0,0.0,0.0,25.0,7
0.9544392523364488,0.8162811696881295,0.7599599933322221,0.9532684283727398,0.7979966611018364,0.8084219303731499,0.9796054831160148,0.4176053400083437,0.9922070693014194,0.4519006335445148,0.6610425110755019,0.6844275587267757,0.9861886160714284,0.3201017092809719,0.2950056433408578,0.6268251981643722,302.6846891356184,64.0994440419071,3.935976727580774,1.8557911573372443,3.317157120629559,1.746026178359639,0.930569722825256,21.984764040031354,0.4630831338718147,9.8147,2.3809063197692417,96.32833609000001,945.4337202225231,0.0,1.0,0.0,7.194494230415782,70.61180252326177,3.1978398227989278,31.385838508824637,1.1129431446200169,10.92320308150208,7.934418720033355,6.717451160635686,6.487933933452729,4.43526914804935,38.63043078818702,629.1168134381057,9.371191865161723,0.5533062482264824,0.5344012628623716,0.3653263825069061,0.4524357120700234,0.3092932474039556,0.2987255295548763,23.006840154920713,8.007063032749508,3.559013908376956,1.0,4.310782967418945,4.310782967418945,5.714990358732366,1.8006289996745695,4.068161794987155,3.8921542087004206,3.639505694895281,0.0,0.0,0.0,0.0,1.0,0.0,0.0,25.0,7
0.785130173564753,0.904007779398486,0.6729454909151525,0.8141863699582753,0.882721202003339,0.831874087971649,0.7691407556001337,0.4134334584897789,0.7881992763707208,0.4450650216738913,0.5400131963427279,0.7348376036695548,0.890625,0.3849413759005509,0.4166196388261851,0.650604922820192,300.43958199449537,61.34457701620694,4.002923158437,1.7554978320394072,3.162123195965594,1.7214301354776067,0.8598246072749289,21.82253400993353,0.4799303449183695,24.7653,3.2490286254150975,613.32008409,15189.055878514077,0.0,0.0,1.0,7.1366195570564885,176.74052431637105,2.802647578432283,69.40840807414901,0.9850782180166192,24.39575759264698,20.601611350844276,18.198473706157625,13.37358881138656,11.02216878126042,99.13359289563985,1519.2168531794698,13.005611927098828,0.6112923613598829,0.4492229852002618,0.3702380589930505,0.396822003150427,0.3270505140039807,0.24034098493446351,20.00142951977684,7.03012847592776,2.760827082290666,1.0,3.787725796448902,3.787725796448902,5.429010609757176,1.6200733643423697,3.965205479452986,3.8467692968166167,3.453172118372248,0.0,0.0,0.0,0.0,1.0,0.0,0.0,25.0,7
0.8682827102803738,0.9214419670764744,0.7617936322720454,0.9304589707927676,0.8789649415692821,0.7820512820512822,0.8095954530257439,0.3504380475594493,0.9293069858057332,0.5886962320773591,0.5336978037515318,0.793216883658435,0.8472377232142857,0.3663653058341574,0.3548250564334086,0.5060492282019191,303.8963168917569,62.13283463652173,4.040983394497826,1.7629499344427997,3.1921729160768644,1.71246061931235,0.8675996275275117,22.076123524940957,0.4757158443524616,2.488,1.2493285060467332,6.190144,15.401078272,1.0,0.0,0.0,7.228636419333149,17.984847411300876,2.8713917684422086,7.144022719884215,1.1223940358288909,2.7925163611422805,1.94574358974359,1.9735236065421864,1.327840135733811,1.4646762254084695,10.053966685510591,154.58649257566606,5.048515747207626,0.6203362808098019,0.417379051651839,0.4603906430348578,0.42333810870714106,0.4669637906298656,0.31418588613648857,20.756247111534766,8.113378404235036,3.2228329954277064,1.0,3.9937858042710994,3.9937858042710994,5.8497015636539915,1.7113582678570154,3.9362285124314877,3.6772896503679497,3.4134347852119187,0.0,0.0,0.0,0.0,1.0,0.0,0.0,25.0,7
0.0,0.0,0.0,0.0,0.0,0.6404002501563477,0.0,0.7367542761785566,0.0,0.4228909636545515,0.0,0.2774869109947644,0.0,0.3196779206102557,0.0,0.0,244.10458656556995,83.77726436572625,2.3908443126361654,3.134495628019802,4.283459916992917,1.0430554808289183,1.89985605419469,17.83279516362588,0.1786195950404317,4.9496,1.7833239904069533,24.49854016,121.25797437593602,0.0,1.0,0.0,0.5971648316050201,2.9557270505122077,1.3771545263349043,6.816364043547242,0.4228909636545515,2.093141113704568,3.1697250781738586,1.373449214659686,0.0,2.093141113704568,11.833723009823965,414.6639477045987,4.263650020052096,0.1777026872161593,0.0,0.2708194789132337,0.0,0.11734670719210068,0.0,0.8223882508128744,0.2525356110980549,0.5823862047429951,1.0,1.8000454899894558,1.8000454899894558,0.7425688842648072,0.6404002501563477,0.2774869109947644,0.5971648316050201,1.3771545263349043,0.0,0.0,1.0,0.0,0.0,0.0,0.0,25.0,7
0.7233811748998665,0.9918733069389456,0.7517919653275545,0.909596662030598,0.9334307178631052,0.9037940379403794,0.921765295887663,0.4899874843554443,0.9707765098803228,0.5148382794264755,0.6807427655763975,0.8111013297502665,0.9441266741071428,0.3954654612233366,0.3172968397291196,0.7413433458489779,301.4041572755617,63.996969777538624,3.913789727812796,1.8621506443669555,3.302510523588394,1.7492183895338995,0.9211118889865928,21.88875335524133,0.464481581277637,105.0987,4.6643697929529795,11045.736741689998,1160892.5720938547,0.0,0.0,1.0,7.519407477718913,790.2799506785366,3.2863233280638093,345.38830955917985,1.195581045002873,125.65401357444344,94.98757845528455,85.24569532502433,71.54517969648411,54.10883387795932,411.3342124664787,6725.998327558598,18.25536258237967,0.7330685459938046,0.6152512528989933,0.46530776744913166,0.5521513623768899,0.41758601304915355,0.350472434161373,24.71120420724511,8.990061050013596,3.9290658787838484,1.0,4.4819043730666825,4.4819043730666825,5.90112033328628,1.8745705478207022,4.211825831545199,4.131098946546506,3.731336180635193,0.0,0.0,0.0,0.0,1.0,0.0,0.0,25.0,7
0.8821762349799732,0.9558935889421408,0.9998333055509252,0.8723226703755216,0.9649415692821368,0.7680842193037315,0.7922099632230023,0.3731748018356279,0.9229056498747564,0.5861953984661553,0.6592515788481478,0.9179910114441922,0.7746930803571428,0.321090549512643,0.3441027088036117,0.533375052148519,303.8875537811706,62.159938902776005,4.021389345575443,1.772133142106656,3.1861564250046914,1.744620331527487,0.8411353997500006,22.067577550286813,0.4816073426442577,0.0,0.0,0.0,0.0,1.0,0.0,0.0,7.566419771396806,0.0,2.856374634237118,0.0,1.245446977314303,0.0,0.0,0.0,0.0,0.0,0.0,0.0,0.0,0.7050944093529552,0.5063607342643319,0.4502474349903167,0.6051870236629918,0.5381221067418772,0.386450241952332,21.61252950700805,9.423574633377331,3.5574631542878667,1.0,4.101821611551421,4.101821611551421,6.2417048959576436,1.690989869178488,4.064128967871968,3.6834623654891105,3.6476284042496174,0.0,0.0,0.0,0.0,1.0,0.0,0.0,25.0,7
0.69505173564753,0.8323956379801347,0.9628271378563094,0.8778859527121001,0.8418196994991652,0.8576193454242235,0.8099297893681042,0.4273049645390072,0.7823545783467855,0.4579026342114038,0.5915731925723442,0.9681230598155957,0.9634486607142856,0.4180675236615341,0.4136568848758465,0.5577805590321235,298.93179728093776,60.21805095242173,4.02018566471918,1.7258285213270077,3.1040839094364223,1.6864164380046949,0.8449398148206364,21.71997886380602,0.4821996465124505,24.1216,3.2237280338391203,581.85158656,14035.191230365697,0.0,0.0,1.0,7.5310568517946255,181.66114095624926,2.8772086776781203,69.40287683948056,1.049475826783748,25.31503610334686,20.68715080258495,23.35267719964787,14.269691921953058,11.045344181393798,96.97331053009017,1452.555737853936,12.959985228593379,0.8302810648491474,0.5073446141844119,0.39270615742041176,0.5727156492980184,0.4433060993303657,0.2708829232077265,21.668422126070762,7.903662116092575,3.01956095583562,1.0,3.926684504461868,3.926684504461868,5.677523514140522,1.639973923771009,4.01679965318967,4.13100647746749,3.4133689376822702,0.0,0.0,0.0,0.0,1.0,0.0,0.0,25.0,7
0.8525534045393859,0.8741404459262346,0.87031171861977,0.8756606397774687,0.7128547579298832,0.7393162393162394,0.8990304246071548,0.4856070087609512,0.7664903979961035,0.5139213071023674,0.6043924969365633,0.8960756150674142,0.9564034598214286,0.2934736544709705,0.3256207674943566,0.6921151439299125,300.1603210152598,61.57848608899376,3.9884028076996425,1.773121674729072,3.172971382902505,1.7500420338848983,0.8619188275842057,21.80089102902474,0.4750347953833059,101.3578,4.628474518290002,10273.40362084,1041289.5895203765,0.0,0.0,1.0,7.349209607576825,744.8997175628504,2.8904440706804486,292.9690520272148,1.1183138040389307,113.34982688701713,74.93546752136753,90.82425297687995,61.25989382599679,52.08993306102033,404.2557341022588,6241.459877311012,18.460220764114094,0.6624832538746268,0.44683718790609167,0.37995036807140836,0.5415813784345612,0.4605123513580033,0.31061018202850216,21.242479334408223,8.218722552928696,3.2324235040444242,1.0,4.008757874719379,4.008757874719379,5.597308425302643,1.5058066373123429,4.271288069284376,4.062719065391238,3.3947239074830224,0.0,0.0,0.0,0.0,1.0,0.0,0.0,25.0,7
0.0,0.0,0.0,0.0,0.0,0.6332082551594748,0.0,0.9712140175219024,0.0,0.4311437145715238,0.0,0.2641430755687347,0.0,0.2836558835993784,0.0,0.0,250.8295293058793,89.60129396480085,2.332799862120277,3.3608624534409905,4.602980625636629,1.0570913649565752,2.0300695571027414,18.314208890954344,0.1515609906617712,10.0546,2.402846630932049,101.09498116000002,1016.4695975713362,0.0,0.0,1.0,0.547798959168113,5.5078994148517095,1.604422272681377,16.131824182902175,0.4311437145715238,4.334977592530843,6.366655722326455,2.6558529676134,0.0,4.334977592530843,23.45536949367454,900.9051702984866,5.605360289334456,0.16725757599333577,0.0,0.2730037592268092,0.0,0.11388362677905098,0.0,0.8789008510409968,0.23618007809415476,0.6917365783851351,1.0,2.035565987252901,2.035565987252901,0.7147995981709021,0.6332082551594748,0.2641430755687347,0.547798959168113,1.604422272681377,0.0,0.0,1.0,0.0,0.0,0.0,0.0,25.0,7
0.7916388518024032,0.6820170868931028,0.9291548591431904,0.8122392211404729,0.8140651085141903,0.8214509068167606,0.9450016716817116,0.4478514810179391,0.8828277205677707,0.5301767255751917,0.5992082194363276,0.740582866144651,0.9416852678571428,0.3865658991382963,0.3457957110609481,0.5561118064246976,295.9719131621975,62.509997513768425,3.880410029660751,1.832101166067156,3.2306921946577427,1.6983394288714873,0.9282410188030944,21.50572675974363,0.4586915354711334,50.3834,3.939315163100769,2538.48699556,127897.60569209771,0.0,0.0,1.0,6.999856678119095,352.6765789563456,3.0971317800841818,156.04402932869337,1.1293849450115192,56.90225343849338,41.38748961851158,37.31308277811241,30.19014740314827,26.712106035345112,195.5082506884095,3149.4662087352003,15.286158068890902,0.6083524669674791,0.49222013522802777,0.43551415199688204,0.4437633405675885,0.39263979898966156,0.31768625171849313,21.67947857383714,7.90553274950605,3.497854005143802,1.0,4.226516725095701,4.226516725095701,5.545065971643176,1.7042786273845314,3.7120358791219976,3.9157432223074475,3.4742145675876213,0.0,0.0,0.0,0.0,1.0,0.0,0.0,25.0,7
0.0,0.0,0.0,0.0,0.0,0.0,0.0,0.4890488110137672,0.0,0.5561853951317105,0.4611179187482326,0.2420423481443729,0.0,0.1724819889814945,0.0,0.0,254.1728439408,95.50827910145516,1.5969934900013951,3.581962655588643,4.57126805710625,1.919922336149124,1.2933938210212308,18.31689359659097,0.24139371991387,0.0,0.0,0.0,0.0,1.0,0.0,0.0,0.4145243371258674,0.0,0.4890488110137672,0.0,1.017303313879943,0.0,0.0,0.0,0.0,0.0,0.0,0.0,0.0,0.0,0.0,0.0,0.11161006382526836,0.13462041904128508,0.25646705184129776,0.20272263420767545,0.4216969818420316,0.4975109760933513,1.0,1.5063521248937104,1.5063521248937104,1.1897853028614376,0.0,0.2420423481443729,0.4145243371258674,0.9501667297619998,0.0,0.0,0.0,0.0,0.0,1.0,0.0,25.0,7
0.0,0.0,0.0,0.0,0.0,0.0,0.0,0.4765331664580726,0.0,0.5932810936978993,0.5586765953435762,0.2027058332947227,0.0,0.2198756886565899,0.0,0.0,254.7107878240231,97.8867961374734,1.433378918913458,3.663726725618951,4.673159423540846,1.9992017900505017,1.258637782263021,18.326110546315824,0.249469863376878,0.01,0.009950330853168083,0.0001,1.0000000000000002e-06,1.0,0.0,0.0,0.4225815219513126,0.004225815219513126,0.4765331664580726,0.004765331664580726,1.1519576890414753,0.011519576890414754,0.0,0.002027058332947227,0.005586765953435761,0.005932810936978993,0.01433378918913458,0.978867961374734,0.014262594481145294,0.0,0.0,0.0,0.1132470048013782,0.12026153847603713,0.3314522615088556,0.2013741107421305,0.48679603345866357,0.548946045184658,1.0,1.628490855499548,1.628490855499548,1.3718333776980653,0.0,0.2027058332947227,0.4225815219513126,1.0352097618016487,0.0,0.0,0.0,0.0,0.0,1.0,0.0,25.0,7
0.9594042056074766,0.674793359727721,0.8403067177862978,0.8222531293463142,0.8981636060100168,0.8063372941421723,0.7082915412905383,0.4664163537755528,0.947676036738102,0.4570690230076691,0.608068620982185,0.8554881156465737,0.9984654017857144,0.3682723548523803,0.3343679458239277,0.607008760951189,295.05188493931087,60.57243215454361,3.940734224624258,1.7716814119372468,3.1198788692946926,1.6857282669668543,0.8677739100188275,21.4383463668242,0.4728003754388152,25.0,3.258096538021482,625.0,15625.0,0.0,0.0,1.0,7.358523597537611,183.96308993844028,2.9287212259463655,73.21803064865914,1.065137643989854,26.628441099746354,20.158432353554307,21.387202891164343,15.201715524554624,11.426725575191728,98.51835561560645,1514.3108038635903,12.839292534511063,0.6898119723412439,0.49030840649553714,0.3685517992482102,0.52019547874786,0.3910171172132513,0.2779293305139479,21.551064251735614,7.837840487924956,3.119491226507589,1.0,3.99385886993622,3.99385886993622,5.628331017320061,1.7540133308802743,4.095159843718674,3.871894120350324,3.7383900805174033,0.0,0.0,0.0,0.0,1.0,0.0,0.0,25.0,7
0.0,0.0,0.0,0.0,0.0,0.7453616843860746,0.0,1.0,0.0,0.4039679893297765,0.0,0.3014409488949636,0.0,0.2351320808023732,0.0,0.0,255.61397493728435,91.44210418493525,2.374469261993699,3.422815984306101,4.722462231482595,1.0628600240480977,2.0998724322071465,18.6696502550548,0.140708943985958,9.9975,2.3976679742407376,99.95000625000002,999.2501874843751,0.0,1.0,0.0,0.5365730296973368,5.364388864399125,1.7453616843860746,17.449253439649784,0.4039679893297765,4.038669973324441,7.4517534396497815,3.0136558865773986,0.0,4.038669973324441,23.73875644678201,914.1924365888901,5.693188905301332,0.22468253341128672,0.0,0.30110226096489806,0.0,0.12177249402675835,0.0,0.9365140069086829,0.2167583279354196,0.7050702502946745,1.0,2.149329673715851,2.149329673715851,0.6391000701321496,0.7453616843860746,0.3014409488949636,0.5365730296973368,1.7453616843860746,0.0,0.0,1.0,0.0,0.0,0.0,0.0,25.0,7
0.0,0.0,0.0,0.0,0.0,0.6675005211590578,0.0,0.7924488944513977,0.0,0.4689896632210737,0.0,0.3304452578418199,0.0,0.3256109620002825,0.0,0.0,244.09782723966296,83.07328683104305,2.419431082315203,3.1099536431193453,4.239510371024855,1.0554657493165882,1.8757627576887248,17.83226465019513,0.1806852377891443,0.0,0.0,0.0,0.0,1.0,0.0,0.0,0.6560562198421024,0.0,1.4599494156104553,0.0,0.4689896632210737,0.0,0.0,0.0,0.0,0.0,0.0,0.0,0.0,0.220572381823954,0.0,0.3130508446182777,0.0,0.15497541018823596,0.0,0.9578088947660818,0.3076835855978383,0.6847011847469509,1.0,1.928939078831529,1.928939078831529,0.7946006252213562,0.6675005211590578,0.3304452578418199,0.6560562198421024,1.4599494156104553,0.0,0.0,1.0,0.0,0.0,0.0,0.0,25.0,7
0.9369158878504672,0.979162325484476,0.8689781630271712,0.9045897079276772,0.9060934891485808,0.6801125703564729,0.8340020060180541,0.354401335002086,0.7475647091566936,0.5495998666222074,0.5623527193891978,0.9516285965806424,0.8611188616071429,0.3127560389885577,0.330558690744921,0.7259073842302879,301.9852891595158,59.34644930527638,4.097106672903541,1.663392910653552,3.0439792762020224,1.772763104367682,0.7787584819287179,21.92947469757214,0.495790867183957,26.4569,3.3126175024885884,699.9675576100001,18518.97167493201,0.0,0.0,1.0,7.777709145589924,205.77407309395807,2.6160806205333067,69.21338336938764,1.1119525860114052,29.41881837284515,17.993670262664168,25.1771426168744,14.878109661608068,14.540708711237079,108.3967415343417,1570.1230746247668,13.572147274223058,0.6472145708451836,0.38246315343073967,0.37378977795600415,0.5351509291356501,0.5230149497545994,0.30906897957093876,20.347114167922463,8.648443797683273,2.9089576112163322,1.0,3.728033206544712,3.728033206544712,6.020448198438335,1.4276772795131665,4.454733055753016,4.015971578169606,3.4398760017468044,0.0,0.0,0.0,0.0,1.0,0.0,0.0,25.0,7
0.7188334445927903,0.9257484198096824,0.7161193532255377,0.972461752433936,0.8407762938230384,0.7617260787992496,0.8085924439986626,0.3878806841885691,0.9345950459226272,0.5916972324108035,0.7588839664435857,0.6709447250150582,1.0,0.313956773555587,0.306010158013544,0.7046307884856071,303.48935228376934,64.57419580459069,3.909935919937863,1.8726749167455488,3.308627230728457,1.7946045818660017,0.8787426160120744,22.026903324048646,0.4682445076319834,10.1404,2.410578140497239,102.82771215999999,1042.7141323872638,0.0,0.0,1.0,7.169481708954781,72.70141232148507,2.8927942529091086,29.334090842199526,1.3505811988543892,13.695433588863049,7.72420712945591,6.803647889542696,7.695386973324536,6.000046615538512,39.648314202537904,654.8081751368713,9.425206059347175,0.5110760944767611,0.5780617080226939,0.4507112126806496,0.5091691941838282,0.39699613689203755,0.44902954266560274,20.739835484001365,9.682967201644765,3.906953530133071,1.0,4.243375451763498,4.243375451763498,5.838477236294961,1.6963211247218768,4.020157377903138,3.804134889068459,3.4681004678472327,0.0,0.0,0.0,0.0,1.0,0.0,0.0,25.0,7
0.0,0.0,0.0,0.0,0.0,0.0,0.0,0.0,0.0,0.3857119039679893,0.9660665472711848,0.3547699578371867,0.0,0.8951829354428592,0.8621613995485327,0.708802670004172,230.91218107423757,55.0200571653108,2.4518529016104,1.9396139814124496,2.6092757268318425,2.219813665179529,0.323958093533609,16.60786604002613,0.555490517523181,2.5494,1.2667785751183274,6.4994403599999995,16.569673253783996,0.0,1.0,0.0,2.8209169628327504,7.191645705045813,0.0,0.0,1.3517784512391742,3.4462239835891504,0.0,0.9044505305101237,2.4628900556131583,0.983333927975992,6.250753787365553,140.26813373724335,3.1059547251017587,0.0,0.0,0.0,0.3427313882433147,0.13683899590802456,0.37262336730775025,0.0,3.8132547630923703,0.0,1.0,1.3517784512391742,1.3517784512391742,2.2469613866820333,0.0,1.0635726278413586,2.8209169628327504,0.9660665472711848,0.0,0.0,0.0,1.0,0.0,0.0,0.0,25.0,7
0.7259679572763684,0.921789261651733,0.7869644940823471,0.928789986091794,0.7366444073455759,0.7276422764227642,0.8457037780006686,0.4517104714226116,0.8600055663790703,0.4187229076358786,0.750683382034122,0.766853542139647,0.8554687499999999,0.3297075858172058,0.3470654627539503,0.5686274509803922,307.07381658595773,64.96398267237792,3.9597520345699913,1.8711125146860688,3.346803161874387,1.7754833654310245,0.8913339705909651,22.290546023394263,0.4745183805786993,2.5319,1.2618359697701238,6.410517609999999,16.230789536758998,0.0,1.0,0.0,6.967878898139014,17.641972582198168,2.8850620922251147,7.304688711304768,1.1694062896700006,2.9608197848154743,1.8423174796747968,1.941596483343372,1.9006552549721933,1.060164529843281,10.02569617632776,164.48230772819366,4.996557548590846,0.5579950570853529,0.5462289649760481,0.3046804897025296,0.5756642105382362,0.3210991448955857,0.3143283284392626,20.10276327223617,8.148281409142635,3.3738097567365406,1.0,4.0544683818951155,4.0544683818951155,5.5992699819350245,1.5876478428018346,3.8387069620481404,3.713426569691864,3.392648494501442,0.0,0.0,0.0,0.0,1.0,0.0,0.0,25.0,7
0.0,0.0,0.0,0.0,0.0,0.5229309985407548,0.0,0.7826449728827701,0.0,0.4164721573857953,0.0,0.3155261085113283,0.0,0.2438903799971747,0.0,0.0,247.10496298250663,84.72909857847922,2.432648756046885,3.1796966192983365,4.324203495726172,1.075645169369979,1.8993062784162944,18.046668517640057,0.1726331705309401,0.0,0.0,0.0,0.0,1.0,0.0,0.0,0.559416488508503,0.0,1.3055759714235249,0.0,0.4164721573857953,0.0,0.0,0.0,0.0,0.0,0.0,0.0,0.0,0.16499838298950745,0.0,0.2177862011261763,0.0,0.13140783912325743,0.0,0.730360725414826,0.23298139184632222,0.5437360414498108,1.0,1.7220481288093201,1.7220481288093201,0.66036253738297,0.5229309985407548,0.3155261085113283,0.559416488508503,1.3055759714235249,0.0,0.0,1.0,0.0,0.0,0.0,0.0,25.0,7
0.0,0.0,0.0,0.0,0.0,0.0,0.0,0.0,0.0,0.4234744914971657,0.991987934772363,0.3424454431728675,0.0,0.8032914253425625,0.7700338600451467,0.91093032957864,228.6032683104368,56.12466802605067,2.365634393979717,2.008008030344482,2.6572073692458957,2.377196750520484,0.3336652232927345,16.424483884192504,0.5433186392104272,0.0,0.0,0.0,0.0,1.0,0.0,0.0,2.826701058139217,0.0,0.0,0.0,1.4154624262695288,0.0,0.0,0.0,0.0,0.0,0.0,0.0,0.0,0.0,0.0,0.0,0.3397017479452594,0.14501690991315164,0.42008158624905,0.0,4.0010891380923805,0.0,1.0,1.4154624262695288,1.4154624262695288,2.2187538516120915,0.0,1.2533757727515074,2.826701058139217,0.991987934772363,0.0,0.0,0.0,1.0,0.0,0.0,0.0,25.0,7
0.8754172229639519,0.8382996457595333,0.903817302883814,0.8358831710709318,0.9697412353923206,0.7818428184281844,0.8421932464058843,0.3825615352523989,0.934873364876148,0.4998332777592531,0.7721745687623716,1.0,0.7079380580357142,0.4028817629608702,0.360186230248307,0.7167292448894452,299.0934681715421,62.16716625590901,3.913730432016176,1.8084927649391649,3.19555956262948,1.7848838191856071,0.853865233259184,21.715655471846983,0.4795126573664265,99.495,4.610107975017716,9899.255025,984926.3787123752,0.0,0.0,1.0,7.610893874204889,757.2458860140155,2.9414709649626154,292.66165365895546,1.2720078465216247,126.55842068966905,77.7894512195122,99.495,76.82750871901216,49.73091197065689,389.3966093334494,6185.3222066316675,18.042719876707302,0.7818428184281844,0.6037191411597405,0.39079105862749197,0.7721745687623716,0.4998332777592531,0.38595854570683397,22.38722334838551,9.681116727031986,3.741574147747982,1.0,4.21347881148424,4.21347881148424,6.098048187553047,1.7167161833043325,4.138384171648645,4.029928542540222,3.7817373807992274,0.0,0.0,0.0,0.0,1.0,0.0,0.0,25.0,7
0.0,0.0,0.0,0.0,0.0,0.0,0.0,0.4274092615769712,0.0,0.5517672557519173,0.5328494674333113,0.2210536070055136,0.0,0.1924706879502754,0.0,0.0,255.42374629055809,97.0303679605924,1.4721852025687,3.629842831610781,4.627229125933793,2.0167716681946715,1.2291782421089437,18.37779187003625,0.2557983898539775,50.0,3.9318256327243257,2500.0,125000.0,0.0,0.0,1.0,0.413524294955789,20.67621474778945,0.4274092615769712,21.37046307884856,1.0846167231852286,54.23083615926143,0.0,11.052680350275681,26.642473371665567,27.588362787595866,73.609260128435,4851.51839802962,5.788375515577068,0.0,0.0,0.0,0.11778829676710041,0.12197014211149504,0.2940088883745488,0.1767441135511914,0.44851536575242984,0.4635752327506327,1.0,1.5120259847621997,1.5120259847621997,1.277087411135504,0.0,0.2210536070055136,0.413524294955789,0.9602587290102824,0.0,0.0,0.0,0.0,0.0,1.0,0.0,25.0,7
0.0,0.0,0.0,0.0,0.0,0.0,0.0,0.0,0.0,0.3945481827275758,0.9221415779055518,0.3358198582217486,0.0,0.8410086170363046,0.7652370203160271,0.7480183562786817,228.70496857745457,55.12980567152731,2.4085487561065357,1.9584662476561048,2.609743416896552,2.2663998200387123,0.3286159608643885,16.443754049384506,0.5497170952495144,9.9668,2.394872527084019,99.33710223999998,990.0730306056317,0.0,1.0,0.0,2.690083851852762,26.811527734646106,0.0,0.0,1.3166897606331276,13.123183506278256,0.0,3.3470493629245235,9.190800678669053,3.932382827609202,24.00552374236262,549.4677471669784,5.76816724614193,0.0,0.0,0.0,0.30967345395262197,0.13249711478522305,0.36382928378017476,0.0,3.5420058629790554,0.0,1.0,1.3166897606331276,1.3166897606331276,2.157698377669432,0.0,1.0838382145004304,2.690083851852762,0.9221415779055518,0.0,0.0,0.0,1.0,0.0,0.0,0.0,25.0,7
0.8308578104138853,0.714037646731958,0.7176196032672112,0.8970792767732962,0.6836393989983305,0.9481967896602044,0.8179538615847542,0.4928035043804756,0.8853325911494573,0.4233077692564188,0.7614289753982467,0.9186396701107354,0.7651367187499999,0.3298488487074446,0.355530474040632,0.7123487692949521,300.1961351327059,64.9955544490976,3.8437565335432393,1.9289357361977533,3.355159587287321,1.7820410558566522,0.9434709264319016,21.79911661475903,0.4586512981778264,0.0,0.0,0.0,0.0,1.0,0.0,0.0,6.924738217088446,0.0,3.1442867467748914,0.0,1.1847367446546655,0.0,0.0,0.0,0.0,0.0,0.0,0.0,0.0,0.8710511860535085,0.7219845100268762,0.4013790678471588,0.6994788627726006,0.38886730950502785,0.3223188010230324,21.773362600876794,8.203991812899119,3.7251520446348936,1.0,4.329023491429557,4.329023491429557,5.357819329546793,1.8335293808096615,3.941020615301531,3.899458342488518,3.7169264788511422,0.0,0.0,0.0,0.0,1.0,0.0,0.0,25.0,7
0.9473047396528704,0.7141765645620616,0.8423070511751959,0.7243393602225313,0.9409432387312188,0.8049822805920367,0.9441658308258106,0.3766166040884439,0.9919287503478988,0.5571023674558185,0.7832029408992365,0.7530463790946579,0.8379603794642857,0.3039977397937562,0.362020316027088,0.5886524822695036,296.93353183189765,64.29108662699491,3.800971211522314,1.904269780924948,3.312309348849423,1.7582707534197577,0.9320684647214176,21.562298732279707,0.4559774476424439,0.0,0.0,0.0,0.0,1.0,0.0,0.0,7.01474825099317,0.0,3.11769346585419,0.0,1.3403053083550551,0.0,0.0,0.0,0.0,0.0,0.0,0.0,0.0,0.6061889916351931,0.6304644895314575,0.44845753427780766,0.5897881387404573,0.41952392059766574,0.43632421257332415,21.869834786733513,9.401904317580485,4.178661102108241,1.0,4.457998774209245,4.457998774209245,5.813374002492688,1.7969110309399356,3.841140545043379,3.789843127475102,3.853049803963806,0.0,0.0,0.0,0.0,1.0,0.0,0.0,25.0,7
0.9568174232309746,0.9155379592970756,0.9619936656109352,0.7396383866481223,0.8451585976627712,0.6774025432562018,0.8012370444667335,0.491447642886942,0.6849429446145282,0.5501000333444481,0.5958148741634461,0.8551637863133023,0.8355887276785714,0.290295239440599,0.4042042889390519,0.5878181059657906,300.31092481069265,60.609063493034085,4.018699431438778,1.729860012565965,3.1089726504614354,1.740030682332693,0.8139796451316663,21.80744130240093,0.4860911718845012,10.0825,2.4053672876370715,101.65680624999999,1024.9547490156249,0.0,0.0,1.0,7.3922161807871944,74.53201964278688,2.6550301752244057,26.769341741700067,1.1459149075078943,11.553687054948343,6.829911142380654,8.62218887550387,6.007303468752945,5.546383586195398,40.51853701748148,611.0908826685161,9.666448151228535,0.579290123749234,0.40360651106819223,0.37263916163285055,0.5095193037313963,0.4704256273659121,0.3277577821444299,19.62655702177211,8.470850721085117,3.042438657672943,1.0,3.8009450827322997,3.8009450827322997,5.855356179398372,1.36234548787073,4.150926002485714,3.7743071928040486,3.566641081200336,0.0,0.0,0.0,0.0,1.0,0.0,0.0,25.0,7
0.0,0.0,0.0,0.0,0.0,0.436731290389827,0.0,0.5949103045473508,0.0,0.721407135711904,0.8048826468093129,0.1890376685354214,0.0,0.0,0.0,0.0,277.947844679131,114.81105012854356,1.2815948546075435,4.264698209604079,5.601825939110082,2.1416419419481523,1.6822958285869063,20.01237807102017,0.1544063572821635,0.0,0.0,0.0,0.0,1.0,0.0,0.0,0.1890376685354214,0.0,1.0316415949371778,0.0,1.526289782521217,0.0,0.0,0.0,0.0,0.0,0.0,0.0,0.0,0.08255866491175898,0.3515174369534106,0.31506106927588884,0.15215313899745153,0.13637312299979465,0.5806480848189224,0.19501912187108766,0.28852626199724624,1.5745840255765065,1.0,2.5579313774583947,2.5579313774583947,1.526289782521217,0.436731290389827,0.1890376685354214,0.1890376685354214,1.8365242417464906,0.0,0.0,0.0,0.0,0.0,0.0,1.0,25.0,7
0.975425567423231,0.8524692644300895,0.7342890481746959,0.8962447844228094,0.8510016694490818,0.6704190118824266,0.9747576061517887,0.4096787651230705,0.9866406902310048,0.4574858286095365,0.7565274766707513,0.6792846221563268,0.9559849330357144,0.3055516315863822,0.3419864559819413,0.6276595744680852,303.17100430532867,64.25792732280333,3.917314662658649,1.859651071440536,3.316649476476912,1.775864600879558,0.900926789672295,22.01036672324304,0.4692412121771019,99.1149,4.606318526392793,9823.763402010001,973681.3272138811,0.0,0.0,1.0,7.219897551128358,715.5994237903321,3.0414960733882905,301.4575791642731,1.2140133052802877,120.32680735152519,66.44851332082553,67.32722739656212,74.98314519747385,45.34366215405135,388.2642510579457,6368.91804080692,18.04439910431467,0.4554053251729721,0.5071904033715106,0.30670719716661865,0.5138974811411706,0.3107630882289031,0.34610059953060046,21.959290052022634,8.765051689830393,3.692416701051135,1.0,4.255509378668578,4.255509378668578,5.828995270766578,1.6570597021134312,4.090823961513447,3.8852248233802387,3.6630524905485613,0.0,0.0,0.0,0.0,1.0,0.0,0.0,25.0,7
0.7837116154873164,0.9843022851983052,0.8718119686614437,0.7949930458970793,0.6807178631051753,0.913174900979779,0.72584419926446,0.4047768043387568,0.8305037573058726,0.4370623541180393,0.552832500706947,0.9602001575313904,0.7774832589285715,0.3632575222489052,0.2896444695259593,0.5702962035878182,302.92016556702777,62.0830779582836,4.025334631698573,1.7793196759613576,3.2000701007149024,1.7053015163722502,0.8786339414715494,22.006715560711367,0.4775823708140617,25.3569,3.271730100290678,642.97237761,16303.786281819008,0.0,0.0,1.0,7.076418390171964,179.4360334777515,2.8742996618888683,72.88332909654984,0.9898948548249863,25.100664844311694,23.15528464665416,24.347699374507712,14.018118437175984,11.08254640713571,102.07000772251756,1574.2343994804014,13.169808478270712,0.8768306837744957,0.5048327640914699,0.3991143719437297,0.530829854267283,0.4196673412751817,0.24162227419194088,20.33974698625545,7.00491015502014,2.8452544465289886,1.0,3.8641945167138547,3.8641945167138547,5.468689155423211,1.7436786582856516,4.075993520733402,3.6867258110871046,3.3352136846179747,0.0,0.0,0.0,0.0,1.0,0.0,0.0,25.0,7
0.0,0.0,0.0,0.0,0.0,0.0,0.0,0.4165623696287026,0.0,0.5488496165388462,0.5376567065698935,0.2285131816707594,0.0,0.1700098884023167,0.0,0.0,256.9974499361637,97.80076097353628,1.4658327263811315,3.657620459451088,4.661220806129365,2.0474434559510035,1.2285462514530434,18.48748431847861,0.2533207484798912,80.0,4.394449154672439,6400.0,512000.0,0.0,0.0,1.0,0.3985230700730761,31.881845605846088,0.4165623696287026,33.324989570296204,1.0865063231087397,86.92050584869918,0.0,18.28105453366075,43.01253652559148,43.9079693231077,117.26661811049053,7824.060877882903,6.44152738533676,0.0,0.0,0.0,0.12286164466490826,0.125419372134068,0.29509267723042504,0.16600971442134604,0.43299783553910454,0.4525976485707454,1.0,1.5030686927374424,1.5030686927374424,1.2565162115110564,0.0,0.2285131816707594,0.3985230700730761,0.954219076198596,0.0,0.0,0.0,0.0,0.0,1.0,0.0,25.0,7
0.975425567423231,0.6960477877335557,0.704784130688448,0.9780250347705144,0.9841402337228716,0.7191994996873047,0.7034436643263122,0.5006257822277848,0.8199276370720847,0.5746915638546182,0.6551984164388727,0.7292313394801465,0.7779017857142857,0.3655177284927249,0.3446670428893905,0.6804338756779308,300.4711383124141,62.42549492184783,3.9459920670583366,1.809597319900988,3.1951899099108574,1.7850403066955838,0.8438985990346939,21.81337944395052,0.4775068706220626,2.4773,1.246256130580672,6.13701529,15.203227977917,1.0,0.0,0.0,7.236174526593099,17.926175154729084,2.743196583313486,6.795720895842499,1.2298899802934908,3.046806448181065,1.7816729205753599,1.806524797294167,1.6231230370440193,1.4236834111370456,9.775406147723617,154.64667856989362,4.917716804794151,0.5244628145104244,0.47121837329875155,0.4133178851987561,0.47779121884499,0.41908309889764334,0.3765370025783251,19.85024923761027,8.899698545911846,3.373829991792595,1.0,3.973086563606977,3.973086563606977,5.933830463124837,1.5391271367593893,3.85904035602915,3.6011954365807908,3.8345894995000647,0.0,0.0,0.0,0.0,1.0,0.0,0.0,25.0,7
0.7491655540720961,0.9611030075710216,0.791465244207368,0.8164116828929068,0.8046744574290484,0.8730456535334584,0.7193246405884319,0.3697329995828118,0.7581408293904816,0.5197565855285096,0.6444528230747478,0.6997173701524348,0.8867885044642856,0.3931346235343975,0.3521444695259593,0.6545682102628285,301.3976621101226,62.46538131003595,3.957588701165084,1.7954201946015984,3.2033916324321825,1.750293569770355,0.8482134303660404,21.8815458720405,0.4794453503102798,0.0,0.0,0.0,0.0,1.0,0.0,0.0,7.109173124112346,0.0,2.7202441230951835,0.0,1.1642094086032575,0.0,0.0,0.0,0.0,0.0,0.0,0.0,0.0,0.6108852087134453,0.5626367360927754,0.4537712278910565,0.45093483454917493,0.3636827111454178,0.33495859885553964,19.338686410932837,8.276566238481008,3.1669338018051305,1.0,3.884453531698441,3.884453531698441,5.6801639783100955,1.63118648292394,3.951342646522667,3.705677818528338,3.4410714876921626,0.0,0.0,0.0,0.0,1.0,0.0,0.0,25.0,7
0.0,0.0,0.0,0.0,0.0,0.3482384823848239,0.0,0.5824989570296204,0.0,0.7219073024341447,0.901310208313696,0.208358430246027,0.0,0.0,0.0,0.0,279.8884875521932,115.78815657494997,1.207034575859375,4.300392546379407,5.626851492509072,2.240206108283356,1.5984536223542118,20.12357795196467,0.1711650431187414,5.0587,1.80149525561606,25.59044569,129.454387612003,0.0,1.0,0.0,0.208358430246027,1.0540227910855766,0.9307374394144443,4.708321484765849,1.6232175107478408,8.211370421620103,1.7616340108401087,1.0540227910855766,4.559457950796494,3.651912470823608,6.106025808899821,585.7375476656994,2.174467061775207,0.07255842354096063,0.313870899101111,0.25139590342218865,0.18779558016896128,0.15041547231832225,0.6506624211400973,0.19392699184760026,0.33821105248728356,1.5107893095661336,1.0,2.553954950162285,2.553954950162285,1.6232175107478408,0.3482384823848239,0.208358430246027,0.208358430246027,1.8320476477281402,0.0,0.0,0.0,0.0,0.0,0.0,1.0,25.0,7
0.0,0.0,0.0,0.0,0.0,0.0,0.0,0.4148936170212766,0.0,0.4100533511170389,0.4904326515222924,0.2094240837696335,0.0,0.2049724537364034,0.0,0.0,258.0317981451809,96.6512070133518,1.525654828527657,3.611579464607804,4.658334866794043,1.9691305114838695,1.2401413008356654,18.57126472790404,0.2768248152643432,25.0,3.258096538021482,625.0,15625.0,0.0,0.0,1.0,0.4143965375060369,10.359913437650922,0.4148936170212766,10.372340425531915,0.9004860026393313,22.512150065983285,0.0,5.2356020942408374,12.26081628805731,10.251333777925971,38.14137071319143,2416.280175333795,4.970730715041717,0.0,0.0,0.0,0.10270840869576804,0.0858750473543537,0.20110355225393092,0.17193047832697275,0.3731582815663909,0.37360589471206296,1.0,1.3153796196606078,1.3153796196606078,1.1054584563757348,0.0,0.2094240837696335,0.4143965375060369,0.905326268543569,0.0,0.0,0.0,0.0,0.0,1.0,0.0,25.0,7
0.9205607476635514,0.9800652913801486,0.8871478579763294,0.8116828929068151,0.9173622704507512,0.9230769230769232,0.7945503176195252,0.3971631205673759,0.812134706373504,0.563187729243081,0.6124988217551136,0.7490617615716074,0.73974609375,0.3655883599378443,0.291196388261851,0.5588235294117647,303.6023961260157,63.2637486506775,3.9770700680633366,1.813303807321907,3.249645201172182,1.740088302671986,0.879247301668416,22.046678440328066,0.4745035562400437,98.5128,4.600286279106799,9704.771763839999,956044.2398168171,0.0,0.0,1.0,7.2212351933106635,711.3840983515747,2.9269250676373284,288.3395838031426,1.1756865509981946,115.82017406117495,90.93489230769232,73.79217150535145,60.338973927797156,55.48120013337779,391.79230820110985,6232.289018074463,18.29566086515811,0.6914416260660993,0.5653835277739512,0.5198655962243826,0.4587994463844194,0.42186239256233576,0.3449518205883251,21.13601430660587,8.489909098370195,3.441146437800688,1.0,4.102611618635523,4.102611618635523,6.058093971313634,1.7352116294504274,3.948257423777072,3.498966450552593,3.7706618835137156,0.0,0.0,0.0,0.0,1.0,0.0,0.0,25.0,7
0.0,0.0,0.0,0.0,0.0,0.0,0.0,0.0,0.0,0.3480326775591864,0.9234612121783392,0.3636658481212065,0.0,0.8696849837547677,0.8628668171557562,0.7511472674176054,229.99409916349103,53.53685651970199,2.5032024192894715,1.885824775075014,2.5437228407824644,2.2327243822332683,0.3087005283666529,16.545134666980097,0.5617433485250445,0.0,0.0,0.0,0.0,1.0,0.0,0.0,2.8473649164493358,0.0,0.0,0.0,1.2714938897375256,0.0,0.0,0.0,0.0,0.0,0.0,0.0,0.0,0.0,0.0,0.0,0.33583130493387314,0.12656759885845592,0.32139467829647933,0.0,3.6204070931183305,0.0,1.0,1.2714938897375256,1.2714938897375256,2.141178873492293,0.0,1.114813115538812,2.8473649164493358,0.9234612121783392,0.0,0.0,0.0,1.0,0.0,0.0,0.0,25.0,7
0.0,0.0,0.0,0.0,0.0,0.4002501563477173,0.0,0.5785356695869838,0.0,0.9751583861287096,0.7902724102177396,0.1977018950099615,0.0,0.0,0.0,0.0,268.75590173024733,110.98265951337386,1.2791873911088432,4.13362522501673,5.336281400403513,2.137344762309348,1.59820479272822,19.350583359093285,0.1442177636575071,50.2488,3.9366922031102445,2524.9419014400005,126875.30061707829,0.0,0.0,1.0,0.1977018950099615,9.934282981976553,0.9787858259347011,49.182813210227614,1.7654307963464493,88.71077899945347,20.11209005628518,9.934282981976553,39.71024028654916,49.00053871290431,64.27763137835004,5576.745461355621,5.035767028895118,0.07913021438797709,0.31630665574693767,0.39030729651180374,0.15623835307413678,0.19279066087250166,0.7706407681499766,0.19350781259618072,0.34902901394663843,1.7279786401325163,1.0,2.7442166222811504,2.7442166222811504,1.7654307963464493,0.4002501563477173,0.1977018950099615,0.1977018950099615,1.7690582361524407,0.0,0.0,0.0,0.0,0.0,0.0,1.0,25.0,7
0.6698097463284378,0.7628672640133362,0.9173195532588766,0.9324061196105702,0.8747913188647747,0.9797790285595164,0.9704112337011032,0.3371923237380059,0.9323684942944614,0.4904134711570523,0.7362616646243755,0.8537738034564241,0.6699916294642857,0.2874699816358243,0.3924943566591422,0.7486441385064665,302.3342192927661,65.04620861017838,3.876078063175161,1.904268951559574,3.3600218416500325,1.8211066238117457,0.9420157414587302,21.953233554513147,0.4598277997908762,5.0707,1.8034739196744818,25.711998490000003,130.37783074324304,0.0,1.0,0.0,7.109567911798138,36.05048601035482,3.2197510802930873,16.32639180284216,1.2266751357814278,6.2201016110068865,4.96816552011674,4.32923082518649,3.733362022810821,2.486739588196065,19.65442903494229,329.82980999963155,6.9904056975587805,0.8365096677600986,0.7213737385312831,0.4804968343627571,0.6286009217455112,0.4187021745360239,0.36107263862830946,22.89103896442912,8.721130183552264,3.949588593600922,1.0,4.446426216074515,4.446426216074515,5.671339119493247,1.912147522853978,3.70508658176895,3.922785143423246,3.5978340821151105,0.0,0.0,0.0,0.0,1.0,0.0,0.0,25.0,7
0.0,0.0,0.0,0.0,0.0,0.0,0.0,0.4108260325406759,0.0,0.4904134711570523,0.4841172589310962,0.2463976277625909,0.0,0.2164853792908602,0.0,0.0,252.82076108531777,92.9852178162779,1.5995854008997734,3.47902595498553,4.447453651599393,1.9340129440869245,1.1941139152576374,18.208464048785736,0.2755893779698546,1.0,0.6931471805599453,1.0,1.0,1.0,0.0,0.0,0.4628830070534511,0.4628830070534511,0.4108260325406759,0.4108260325406759,0.9745307300881485,0.9745307300881485,0.0,0.2463976277625909,0.4841172589310962,0.4904134711570523,1.5995854008997734,92.9852178162779,1.1087481106985277,0.0,0.0,0.0,0.11928534415955007,0.12083671591591548,0.23741762539943637,0.190164389318267,0.4510937148091973,0.4003625934310823,1.0,1.3853567626288243,1.3853567626288243,1.1910161093790088,0.0,0.2463976277625909,0.4628830070534511,0.8949432914717721,0.0,0.0,0.0,0.0,0.0,1.0,0.0,25.0,7
0.0,0.0,0.0,0.0,0.0,0.3931623931623931,0.0,0.5144972882770129,0.0,0.7737579193064354,0.712036949759638,0.2098874113885929,0.0,0.0,0.0,0.0,271.98809794200184,110.91589504756848,1.3420726832549132,4.124940798287918,5.369261870899238,2.1177435815878227,1.616681164053523,19.59143824884904,0.1547331712632654,25.0,3.258096538021482,625.0,15625.0,0.0,0.0,1.0,0.2098874113885929,5.247185284714822,0.907659681439406,22.69149203598515,1.4857948690660736,37.14487172665184,9.829059829059828,5.247185284714822,17.80092374399095,19.343947982660886,33.55181708137283,2772.897376189212,4.372602363086034,0.08251983695619891,0.27994615118754995,0.304212515282872,0.14944759219808001,0.1624020467246515,0.5509442287153185,0.1905063409591118,0.31184963892273154,1.3485960975408164,1.0,2.3934545505054796,2.3934545505054796,1.4857948690660736,0.3931623931623931,0.2098874113885929,0.2098874113885929,1.619696631199044,0.0,0.0,0.0,0.0,0.0,0.0,1.0,25.0,7
0.0,0.0,0.0,0.0,0.0,0.8685636856368565,0.0,0.5599707968293701,0.0,0.5525175058352784,0.0,0.0,0.0,0.0,0.0,0.0,261.1755061928014,107.54135114482264,1.8960742334639495,4.003762289449295,5.445960163005364,1.2789010632219653,2.442197873556069,19.05145484689554,0.0,50.5197,3.941964258797778,2552.24008809,128938.40357828037,0.0,0.0,1.0,0.0,0.0,1.4285344824662265,72.16913349384902,0.5525175058352784,27.91301863954651,43.8795768292683,0.0,0.0,27.91301863954651,95.7891014523287,5432.956797431097,7.474256860342282,0.0,0.0,0.47989664124717274,0.0,0.0,0.0,0.0,0.0,0.7892903092519297,1.0,1.981051988301505,1.981051988301505,0.5525175058352784,0.8685636856368565,0.0,0.0,1.4285344824662265,1.0,0.0,0.0,0.0,0.0,0.0,0.0,25.0,7
0.0,0.0,0.0,0.0,0.0,0.0,0.0,0.3917396745932415,0.0,0.5714404801600533,0.4959939673861815,0.2467219570958625,0.0,0.226444413052691,0.0,0.0,249.23267157325077,91.91399871167911,1.5708258766224126,3.440896490188736,4.359713484939266,1.9485791849735183,1.1605891820185876,17.94669282887503,0.2700170034855758,100.0,4.61512051684126,10000.0,1000000.0,0.0,0.0,1.0,0.4731663701485535,47.31663701485535,0.3917396745932415,39.173967459324146,1.0674344475462347,106.74344475462347,0.0,24.67219570958625,49.599396738618154,57.144048016005335,157.08258766224125,9191.39987116791,7.249550731585254,0.0,0.0,0.0,0.1223726023412601,0.14098691362888774,0.2834310308796494,0.1853580398704596,0.5050740829169784,0.4181564231313785,1.0,1.4591741221394763,1.4591741221394763,1.2938788605989258,0.0,0.2467219570958625,0.4731663701485535,0.8877336419794231,0.0,0.0,0.0,0.0,0.0,1.0,0.0,25.0,7
0.943508010680908,0.9760366743071472,0.8659776629438241,0.8909596662030597,0.6853088480801336,0.9082760058369816,0.7987295218990303,0.3695244055068836,0.8558307820762594,0.5512670890296766,0.5958148741634461,0.7741741185192049,0.7854352678571428,0.3359937844328295,0.3055869074492099,0.5244055068836045,305.7998097701516,63.72026017042786,4.006892281276304,1.8197216586622635,3.275502074777779,1.735580850094101,0.8905092033792924,22.208648233593568,0.4722057668229287,0.0,0.0,0.0,0.0,1.0,0.0,0.0,7.087386447357063,0.0,2.9323607153191547,0.0,1.1470819631931226,0.0,0.0,0.0,0.0,0.0,0.0,0.0,0.0,0.7031637761909895,0.5411643541234387,0.5007026697732544,0.4612644550061169,0.42677671271819795,0.328453131280666,20.782773592515237,8.129813159942671,3.363658086118685,1.0,4.079442678512278,4.079442678512278,5.844866609841024,1.764106787913241,4.003559578248008,3.5243251070410224,3.5024321442683526,0.0,0.0,0.0,0.0,1.0,0.0,0.0,25.0,7
0.7735730974632844,0.6944502326873654,0.7196199366561095,0.8066759388038942,0.9613939899833056,0.7495309568480301,0.9558676028084252,0.3833959115561118,0.7381018647369886,0.4619873291097032,0.581487416344613,0.7260807116712228,0.68701171875,0.3893205254979516,0.3370485327313769,0.5882352941176471,299.4474485879021,62.59312384985928,3.922178861601561,1.809321159291888,3.237022671515476,1.7598777400402712,0.902440907137231,21.75025413273844,0.4701631725030895,10.1526,2.4116726545795,103.07528676,1046.4821563595758,0.0,0.0,1.0,6.683409978362157,67.85398814631964,2.8268963359495554,28.700347740361455,1.0434747454543163,10.59398170069949,7.60968799249531,7.371607033313256,5.903609143180318,4.690372557519172,39.820313110296006,635.4829491980813,9.459011506894239,0.5442199705678302,0.4358428195678666,0.3462738048392616,0.4222067970873572,0.3354400887030607,0.2686398183879497,18.89330717948068,6.973969525938289,2.9497949345807015,1.0,3.8703710814038716,3.8703710814038716,5.388508466546227,1.4876328215850187,3.4693510546895197,3.6835643855766236,3.449381372195345,0.0,0.0,0.0,0.0,1.0,0.0,0.0,25.0,7
0.0,0.0,0.0,0.0,0.0,0.0,0.0,0.0,0.0,0.4319773257752584,0.8896220190404375,0.3444377519343928,0.0,0.9614352309648256,0.740265237020316,0.7407175636211932,223.9014400473308,52.94986895376167,2.417479245061648,1.885018585270012,2.498268382672354,2.181726670762284,0.3216779308830855,16.108598785134177,0.5519710977687907,0.98,0.6830968447064438,0.9603999999999999,0.9411919999999999,1.0,0.0,0.0,2.7868557835407275,2.731118667869913,0.0,0.0,1.321599344815696,1.295167357919382,0.0,0.33754899689570494,0.8718295786596287,0.4233377792597532,2.369129660160415,51.890871574686436,1.6513724444449276,0.0,0.0,0.0,0.3064194083096239,0.14878929897666082,0.38429654073587416,0.0,3.6831067776232587,0.0,1.0,1.321599344815696,1.321599344815696,2.2830345757805217,0.0,1.085155315555586,2.7868557835407275,0.8896220190404375,0.0,0.0,0.0,1.0,0.0,0.0,0.0,25.0,7
0.6712283044058746,0.7263318746961173,0.9681613602267044,0.850904033379694,0.7178631051752922,0.8693975401292474,0.8172851889000334,0.4076971214017522,0.6919009184525466,0.5607702567522508,0.7635969459892545,0.6855395450122782,0.8643973214285714,0.2855629326176013,0.3040349887133182,0.713183145598665,299.21252448691746,64.27901593069222,3.836170555235726,1.8921605376858937,3.297027521821172,1.8130744615330052,0.8885427343290859,21.716592350455795,0.4639505894560712,9.8676,2.3857858855868064,97.36952975999999,960.8035718597758,0.0,1.0,0.0,6.787206611254117,66.97343995721113,2.7862807688835796,27.49390411503561,1.3243672027415054,13.068325809772078,8.57886716697936,6.764630014363156,7.534869224243567,5.533456585528509,37.85379657084405,634.2796175976986,9.152281565385097,0.5960063940949981,0.6638693064932637,0.4875322817980533,0.5234759029262387,0.38443018667035644,0.42820245545762886,18.911063255376835,8.988753834175267,3.6900588679387973,1.0,4.1106479716250846,4.1106479716250846,5.544418813242789,1.5612984585817942,3.660680191141507,3.6700031222704674,3.429783017101421,0.0,0.0,0.0,0.0,1.0,0.0,0.0,25.0,7
0.0,0.0,0.0,0.0,0.0,0.4924953095684803,0.0,0.5011472674176054,0.0,1.0,0.727589782260345,0.1871843580595839,0.0,0.0,0.0,0.0,265.9575952923979,109.40389784392596,1.3184483735298806,4.071375397639801,5.254996952972325,2.094330577816629,1.618928087299667,19.164901541095844,0.1354570191102777,9.6433,2.3649305862027528,92.99323489,896.761662014737,0.0,1.0,0.0,0.1871843580595839,1.8050749200759852,0.9936425769860857,9.58199346264992,1.727589782260345,16.659666547271186,4.749280018761726,1.8050749200759852,7.0163665472711845,9.6433,12.714193200460699,1055.0146080783313,3.1180388848900864,0.09218741836893203,0.3583345550531718,0.4924953095684803,0.1361934263231151,0.1871843580595839,0.727589782260345,0.18599434791381111,0.323377784382699,1.71660676322,1.0,2.7212323592464305,2.7212323592464305,1.727589782260345,0.4924953095684803,0.1871843580595839,0.1871843580595839,1.7212323592464307,0.0,0.0,0.0,0.0,0.0,0.0,1.0,25.0,7
0.6813251001335113,0.7001458637216087,0.8851475245874312,1.0,0.6729966611018364,0.8731498853450074,0.8955198930123704,0.4583854818523153,0.840523239632619,0.5209236412137379,0.6323875954378357,0.8982995876384192,0.6780133928571429,0.3196072891651363,0.286540632054176,0.6166040884438883,303.3442283049392,64.88222097683723,3.91936342270521,1.8951501956925876,3.3479352750774125,1.780135577953485,0.9449318589291256,22.03295734955689,0.4580399049411271,2.5596,1.2696481790005703,6.551552160000001,16.769352908736003,0.0,1.0,0.0,6.738680139703151,17.248325685584184,3.0675784998423117,7.851773928196382,1.1533112366515736,2.952015441333368,2.234914446529081,2.299287624519298,1.6186592892826843,1.3333561520506836,10.032002616756255,166.07253281231257,4.976212632479112,0.7843501819519532,0.5521691564501512,0.454844417599279,0.5680735162094593,0.4679454920934046,0.3294256488738776,20.67143031386777,7.77179552532044,3.537872753178916,1.0,4.220889736493885,4.220889736493885,5.4125336753610975,1.7136731249776265,3.57438803279457,3.6945848831711334,3.3182447238705057,0.0,0.0,0.0,0.0,1.0,0.0,0.0,25.0,7
0.6931742323097464,0.7316802111551018,0.668111351891982,0.8161335187760779,0.779424040066778,0.8995205336668752,0.9558676028084252,0.3541927409261577,0.9771778458112996,0.4053017672557519,0.7485154114431143,0.8532178103136728,0.9211077008928572,0.3993501907049018,0.3696388261851016,0.6370463078848561,297.3795950562453,64.17314967917528,3.821812126559794,1.899502017894464,3.325101946979359,1.7346392646156383,0.9558081531415596,21.602091556947784,0.4560243243630949,5.0454,1.7992976522663433,25.456061159999997,128.436010976664,0.0,1.0,0.0,6.868884190181075,34.6562682931396,3.1867587232127574,16.078472462097647,1.1538171786988662,5.8214691934072595,4.538440900562852,4.304825140156605,3.7765596568950888,2.0449095365121708,19.282570903344784,323.779209391311,6.876577586722078,0.7674869400674377,0.6733049823591909,0.3645772619780216,0.6386466803375319,0.34581068637421447,0.3033746190760605,21.889476611797736,7.925436577123975,3.676936959211345,1.0,4.340575901911624,4.340575901911624,5.241690723603454,1.8766983794781749,3.8362262625562344,4.136228438789814,3.474826958412671,0.0,0.0,0.0,0.0,1.0,0.0,0.0,25.0,7
0.0,0.0,0.0,0.0,0.0,0.4025432562017928,0.0,0.6560283687943264,0.0,0.8750416805601867,0.7468187388066736,0.2288838437659269,0.0,0.0,0.0,0.0,271.02134420492087,110.67624117378784,1.3733833042226702,4.12342722639676,5.364537118361026,2.0708695847338547,1.649038976458732,19.531419185878768,0.1471680471246242,23.8596,3.2132439958485324,569.2805121600001,13582.805307932736,0.0,0.0,1.0,0.2288838437659269,5.46107695871751,1.0585716249961192,25.25709554375741,1.6218604193668602,38.69694086192554,9.604521075672297,5.46107695871751,17.81879638043171,20.87814448149383,32.76837628543122,2640.6908439101085,4.413015656292114,0.09213564776151864,0.3006268469117546,0.3522421274049866,0.17093474353449326,0.2002829033020119,0.6534975242792308,0.24228994243065513,0.37121764683650516,1.7168554196460646,1.0,2.6804320443629797,2.6804320443629797,1.6218604193668602,0.4025432562017928,0.2288838437659269,0.2288838437659269,1.8053903638027928,0.0,0.0,0.0,0.0,0.0,0.0,1.0,25.0,7
0.0,0.0,0.0,0.0,0.0,0.438503231186158,0.0,0.6673967459324156,0.0,0.6736412137379125,0.650768215665944,0.2720196450910439,0.0,0.0,0.0,0.0,274.5180918893146,109.53384998096148,1.5354693024988004,4.076679552787436,5.376793757410789,1.971734311618297,1.7178179533643112,19.81334263132884,0.1554402829490469,0.9807,0.6834503175810813,0.96177249,0.9432102809430001,1.0,0.0,0.0,0.2720196450910439,0.26676966594078677,1.1058999771185736,1.084556107560185,1.3244094294038566,1.2988483274163622,0.4300401188242652,0.26676966594078677,0.6382083891035913,0.6606399383127708,1.5058347449605736,107.41984667632892,1.0494169824288067,0.11928149331853469,0.285363965322767,0.29539384888424,0.17702173906198201,0.18324364387968703,0.4383842906632621,0.300826519281988,0.3602653829416691,1.4646643576733482,1.0,2.43030940652243,2.43030940652243,1.3244094294038566,0.438503231186158,0.2720196450910439,0.2720196450910439,1.7566681927845176,0.0,0.0,0.0,0.0,0.0,0.0,1.0,25.0,7
0.0,0.0,0.0,0.0,0.0,0.3802376485303315,0.0,0.6077388402169379,0.0,0.8106035345115038,0.7209916108964087,0.2488995969049715,0.0,0.0,0.0,0.0,271.3983843822473,109.77332155786716,1.4065693062461784,4.08796195428952,5.322555314314612,2.0740867861798344,1.6238292676526072,19.559233220429057,0.1558349350342427,5.0559,1.8010330034492763,25.562124810000004,129.23954682687904,0.0,1.0,0.0,0.2488995969049715,1.2584114719918453,0.9879764887472694,4.99511032945732,1.5315951454079126,7.7435918956678655,1.922443527204503,1.2584114719918453,3.645261485531153,4.098330410136712,7.111473755450054,555.0029364644206,2.5332777421881194,0.09464099744729373,0.27414815473734616,0.3082219818530296,0.17945452132398218,0.20175889298965843,0.5844383481457718,0.24590694980078445,0.38121341431364064,1.513179993942473,1.0,2.5195716341551817,2.5195716341551817,1.5315951454079126,0.3802376485303315,0.2488995969049715,0.2488995969049715,1.7089680996436782,0.0,0.0,0.0,0.0,0.0,0.0,1.0,25.0,7
0.0,0.0,0.0,0.0,0.0,0.0,0.0,0.559136420525657,0.0,0.4758252750916972,0.0,0.2849464856600102,0.2261439732142857,0.0,0.0,0.0,233.00416135946105,71.43894419764686,2.7038230511735324,2.7315753324582848,3.4548839464674987,1.161496040836674,1.3927308534922376,16.992112238542393,0.1980185264910668,0.0,0.0,0.0,0.0,1.0,0.0,0.0,0.5110904588742959,0.0,0.559136420525657,0.0,0.4758252750916972,0.0,0.0,0.0,0.0,0.0,0.0,0.0,0.0,0.0,0.0,0.0,0.0,0.1355847399255867,0.0,0.2857692897397894,0.24318975819060362,0.2660512411104076,1.0,1.0349616956173542,1.0349616956173542,0.4758252750916972,0.0,0.5110904588742959,0.5110904588742959,0.559136420525657,0.0,1.0,0.0,0.0,0.0,0.0,0.0,25.0,7
0.9164302403204272,0.7806487462665833,0.9336556092682116,0.952433936022253,0.7191151919866444,0.8000833854492392,0.8264794383149447,0.4308510638297873,0.835235179515725,0.4945815271757252,0.7437081723065322,0.6905898160589353,0.8620954241071428,0.3485661816640768,0.3452313769751693,0.6543596161869003,302.6175508246609,63.8174016463506,3.9215482619484265,1.8497882438446915,3.280243646898791,1.788161561075674,0.8749056039060267,21.96720475201072,0.4737463224761192,100.878,4.623776018980208,10176.370884,1026571.942036152,0.0,0.0,1.0,7.2031261388563435,726.6369586355502,2.892649067109696,291.8046525918919,1.2382896994822574,124.91618830437116,80.71081175734835,69.66531946439328,75.02379300593836,49.8923952984328,395.5979455688334,6437.771843280556,18.13236081087065,0.5525294379892003,0.5950285522852764,0.3957064626434091,0.513597289914695,0.34155296587843137,0.36782432363243206,20.83611610583627,8.919556901817215,3.581937544018898,1.0,4.130938766591953,4.130938766591953,5.889139605010454,1.6353185649649642,3.904123842939989,3.727321853307169,3.61018805389263,0.0,0.0,0.0,0.0,1.0,0.0,0.0,25.0,7
0.0,0.0,0.0,0.0,0.0,0.4751928288513655,0.0,0.7477054651647893,0.0,0.991830610203401,0.6151380903006881,0.2714173191863967,0.0,0.0,0.0,0.0,264.7852429907367,106.24485995833844,1.545487774442195,3.967910636008771,5.153249481720746,1.9148612620151564,1.701122196128837,19.12591954039237,0.131010160308523,25.1014,3.261988952736826,630.0802819600001,15815.897189590747,0.0,0.0,1.0,0.2714173191863967,6.812954695825419,1.2228982940161548,30.69645923741711,1.6069687005040891,40.337164138833344,11.928005274129667,6.812954695825419,15.440827259873693,24.89633687895965,38.79390682138332,2666.8947277582365,5.041364046820264,0.12897556370343785,0.2923092092642107,0.4713107934039301,0.1669591313988524,0.26920000530841515,0.6101127874622863,0.33191577659948274,0.4361591367072675,1.9651592823838078,1.0,2.829866994520244,2.829866994520244,1.6069687005040891,0.4751928288513655,0.2714173191863967,0.2714173191863967,1.838036384316843,0.0,0.0,0.0,0.0,0.0,0.0,1.0,25.0,7
0.8865987983978638,0.6781968465652566,0.923487247874646,0.9343532684283726,0.8689482470784641,0.7699603919116115,0.9792711467736542,0.3494993742177722,1.0,0.5541847282427476,0.5524554623432935,0.948848630866886,0.9694475446428572,0.3439045062861986,0.3958803611738149,0.6925323320817689,295.47716425852354,60.08972759908035,3.971163461754061,1.7374854545027234,3.104365786779022,1.7218285688355603,0.8780563361662056,21.474216249944472,0.4695571394267391,99.8924,4.614054602421621,9978.491577759998,996775.4720822328,0.0,0.0,1.0,7.64219778339613,763.3974778581195,3.098730912903038,309.5396678440754,1.106640190586041,110.54494457409704,76.91319145299146,94.78276697400732,55.1861020265812,55.358842547515835,396.68904898692136,6002.507105218373,18.3231650476749,0.7305758636870635,0.42536882429955275,0.4267002905492158,0.5241966090593665,0.5258374206404683,0.3061623802649395,23.681114513928662,8.457163211513713,3.4291801680298746,1.0,4.205371103489079,4.205371103489079,5.742129105216843,1.7699603919116114,4.175624152554632,4.329884521825179,3.427462273949005,0.0,0.0,0.0,0.0,1.0,0.0,0.0,25.0,7
0.0,0.0,0.0,0.0,0.0,0.4512195121951219,0.0,0.6839799749687109,0.0,0.9866622207402468,0.7566217362616645,0.2072464439605245,0.0,0.0,0.0,0.0,268.8068687725348,110.6279329728668,1.3530407705925045,4.123658085685976,5.34983230832622,2.0553507752108158,1.6686108652303129,19.375808381338263,0.1354084143643545,101.614,4.630974375669624,10325.404996000001,1049205.7032635442,0.0,0.0,1.0,0.2072464439605245,21.059140156604737,1.135199487163833,115.35216068866572,1.7432839570019114,177.14205600679225,45.85021951219512,21.059140156604737,76.88336110849278,100.25869489829944,137.48788486298676,11241.346781104887,6.265897137850171,0.09351363934804154,0.34140249075221446,0.44520124594376986,0.1568071642634678,0.2044822366386102,0.7465300825602752,0.23526605690051544,0.361289400902078,1.9789750539695072,1.0,2.8784834441657443,2.8784834441657443,1.7432839570019114,0.4512195121951219,0.2072464439605245,0.2072464439605245,1.8918212234254974,0.0,0.0,0.0,0.0,0.0,0.0,1.0,25.0,7
0.8651952603471295,0.9188719872195596,0.7864644107351225,0.6712100139082058,0.8664440734557597,0.6828225974567439,0.9236041457706452,0.4984355444305382,0.6829947119398831,0.5497665888629543,0.5467998868884909,0.8986702497335867,0.9534737723214286,0.3160757169091679,0.2834367945823927,0.5383813099707969,297.488424944928,60.68810516297861,3.9781260749541625,1.746900537993984,3.1276882817994065,1.6909400346907035,0.8613713450827029,21.61312897429159,0.4737635361444323,2.5114,1.2560148183529711,6.30712996,15.839726181544002,0.0,1.0,0.0,7.09822358918315,17.826478721874565,2.7878569995978104,7.001424068789941,1.096566475751445,2.753917047202179,1.7148406712528668,2.25692046518093,1.373233235931756,1.3806838112704234,9.990665824639883,152.41210730630448,4.99658529941877,0.6136323541801884,0.37336731905425313,0.37539305020233626,0.49139279090437704,0.4940588777086532,0.3006123086053349,19.78883231781454,7.783674025286341,3.0570705249479686,1.0,3.884423475349256,3.884423475349256,5.52082793832639,1.365817309396627,4.174592579592502,3.913641989288018,3.4596973625786624,0.0,0.0,0.0,0.0,1.0,0.0,0.0,25.0,7
0.7876752336448599,0.8704591234284921,0.7656276046007668,0.7830319888734353,0.9317612687813022,0.7473420888055035,0.8090939485122032,0.369002920317063,0.7108266072919566,0.476158719573191,0.6798001696672636,0.6862808692026132,0.7408621651785714,0.4108631162593587,0.3779627539503385,0.723404255319149,300.14511241961225,62.116682152381145,3.929364413864117,1.7866038779750384,3.1908827183490023,1.799284837106057,0.83391243186231,21.785060898600392,0.484854591474765,10.0471,2.4021679500805417,100.94421841,1014.1966567871111,0.0,0.0,1.0,7.077928379238887,71.11265421905102,2.636265564926726,26.486823757375312,1.1559588892404546,11.614034556087772,7.508620700437774,6.895132520965576,6.830020284663965,4.784014271423808,39.47871720253417,624.0925172531886,9.438993259171395,0.5128865782971375,0.5080432787694684,0.35585345208878255,0.46653385132333364,0.3267786199470929,0.32369277835440224,18.659298857205112,8.181794227388476,3.047414614175558,1.0,3.792224454167181,3.792224454167181,5.70537722482867,1.45816869609746,3.8086816467736857,3.748467108422234,3.515581681215992,0.0,0.0,0.0,0.0,1.0,0.0,0.0,25.0,7
0.8873497997329773,0.9433909842328264,0.6749458243040508,0.7410292072322671,0.9054674457429048,0.9939545549301648,0.9640588431962556,0.3840216937838965,0.9251322015029224,0.4674891630543514,0.687906494485814,0.8047537413705231,0.9628208705357144,0.3226444413052691,0.3362020316027088,0.697747183979975,298.7958202520882,63.66225054668202,3.877746497465708,1.8636505499615403,3.293820171421382,1.734923159756552,0.9365738638043468,21.703496410770832,0.4600304151744406,9.9691,2.395082228988972,99.38295480999999,990.7586147963708,0.0,1.0,0.0,7.276351530039217,72.53867603811395,3.267167293413239,32.57071746476592,1.1553956575401654,11.518254849583661,9.908832353554306,8.022670523096881,6.857808634178528,4.660446215405134,38.657642607885386,634.6553419249276,9.287521724604348,0.7998886468323233,0.6837477935602171,0.4646629829983631,0.55359532515054,0.37621365301816384,0.321588831366826,23.77305773432151,8.40706496054305,3.774870903266912,1.0,4.422562950953404,4.422562950953404,5.6302233600904605,1.9190867564330873,4.296062579852016,4.088227111990446,3.858699988675758,0.0,0.0,0.0,0.0,1.0,0.0,0.0,25.0,7
0.0,0.0,0.0,0.0,0.0,0.427663122785074,0.0,0.5350438047559449,0.0,0.9330610203401132,0.774531058535206,0.1910299772969467,0.0,0.0,0.0,0.0,269.3367327961121,111.12611505808944,1.280513105435156,4.135225622254847,5.349513106123078,2.138161397896796,1.6061462654791612,19.39394908478919,0.1447078548730783,2.4485,1.237939353889209,5.99515225,14.679130284125002,1.0,0.0,0.0,0.1910299772969467,0.46773689941157404,0.9627069275410189,2.357187912084185,1.7075920788753192,4.181039205126219,1.0471331561392538,0.46773689941157404,1.896439296823452,2.2845999083027673,3.1353363386579796,272.09229271973203,1.5851975663890614,0.08169647663637403,0.3312383711871951,0.3990357897076803,0.1479586505277605,0.17824262553223774,0.7226847397619672,0.18390588251177417,0.32620127605999827,1.6439107237474397,1.0,2.670299006416338,2.670299006416338,1.7075920788753192,0.427663122785074,0.1910299772969467,0.1910299772969467,1.737237986076225,0.0,0.0,0.0,0.0,0.0,0.0,1.0,25.0,7
0.0,0.0,0.0,0.0,0.0,0.6282051282051283,0.0,0.9411764705882352,0.0,0.4125541847282427,0.0,0.3095955149886485,0.0,0.3238451758722983,0.0,0.0,248.34212550378135,86.23064124319521,2.4004208692477227,3.2333262544708115,4.433445330378511,1.0339182560234992,1.957920410795637,18.13854534864749,0.172902867086967,0.0,0.0,0.0,0.0,1.0,0.0,0.0,0.6334406908609468,0.0,1.5693815987933635,0.0,0.4125541847282427,0.0,0.0,0.0,0.0,0.0,0.0,0.0,0.0,0.19448949018517667,0.0,0.25916865450876786,0.0,0.12772492528166232,0.0,0.9941101641641253,0.2613286077918327,0.6474549460177021,1.0,1.9819357835216063,1.9819357835216063,0.736399360600541,0.6282051282051283,0.3095955149886485,0.6334406908609468,1.5693815987933635,0.0,0.0,1.0,0.0,0.0,0.0,0.0,25.0,7
0.0,0.0,0.0,0.0,0.0,0.0,0.0,0.4046725073007927,0.0,0.5922807602534178,0.4469789801112263,0.2605754529027475,0.0,0.212388755473937,0.0,0.0,246.9477213257539,90.1735296681378,1.6454496500147409,3.3815486890279582,4.270121970832079,1.8977161701609129,1.1754819907797405,17.798666661291463,0.2615769966158745,10.0,2.3978952727983707,100.0,1000.0,0.0,1.0,0.0,0.4729642083766845,4.729642083766845,0.4046725073007927,4.046725073007927,1.0392597403646442,10.392597403646441,0.0,2.605754529027475,4.469789801112263,5.922807602534178,16.454496500147407,901.735296681378,3.9456159373980806,0.0,0.0,0.0,0.11647175018049094,0.15433382734861795,0.2647370501575744,0.1913956120673275,0.49153266039932264,0.42055984487013137,1.0,1.4439322476654368,1.4439322476654368,1.2516484958385812,0.0,0.2605754529027475,0.4729642083766845,0.8516514874120189,0.0,0.0,0.0,0.0,0.0,1.0,0.0,25.0,7
0.0,0.0,0.0,0.0,0.0,0.0,0.0,0.0,0.0,0.3560353451150383,0.99245923272693,0.4082379650650976,0.0,0.806469840372934,0.9554176072234764,0.8151856487275762,233.65081241840304,54.59328856771401,2.5330143652905086,1.9188114503264797,2.597276595615976,2.294346283047254,0.3111571422665904,16.804690494292835,0.5590021208594733,4.8119,1.7599075397788728,23.154381609999998,111.41656886915898,0.0,1.0,0.0,2.9853110613890843,14.365018296298134,0.0,0.0,1.3484945778419684,6.488821059117767,0.0,1.9644002640967428,4.775614581958714,1.7132064771590527,12.188611824341397,262.697445258983,4.457871079842962,0.0,0.0,0.0,0.40515953757851003,0.14534714478101296,0.35335056543653864,0.0,4.025675779454832,0.0,1.0,1.3484945778419684,1.3484945778419684,2.1549644182149024,0.0,1.2234236137926737,2.9853110613890843,0.99245923272693,0.0,0.0,0.0,1.0,0.0,0.0,0.0,25.0,7
0.7373164218958612,0.7328610127109815,0.8579763293882314,0.8339360222531293,0.8616444073455759,0.6779237023139462,0.691073219658977,0.4010221109720484,0.6946841079877539,0.4527342447482494,0.788104439626732,0.7631005884260761,0.7280970982142857,0.3904506286198616,0.4118227990970655,0.624947851481018,300.8680862571812,62.48374165747944,3.914726779749703,1.810881671572302,3.197645611050214,1.8055880938448647,0.8109687701938034,21.832035593805816,0.4883882573210275,97.5624,4.590689850138088,9518.42189376,928640.0841677706,0.0,0.0,1.0,6.942153159432086,677.2931234017769,2.464703140932725,240.4623537169349,1.2408386843749815,121.05920006046568,66.13986341463414,74.44992484826021,76.88936058063908,44.16983947982661,381.9301399766524,6096.063797083672,17.971296493860724,0.5173239761437564,0.5342746795218121,0.30691927536404146,0.6014029616203622,0.34548176856802426,0.3568018682571509,17.110346696888303,8.614092193079331,3.0582990027698473,1.0,3.705541825307707,3.705541825307707,5.6550235065886225,1.3726078103017,3.586322972728222,3.6094921854972832,3.466011082154164,0.0,0.0,0.0,0.0,1.0,0.0,0.0,25.0,7
0.8813417890520694,0.7339723553518094,0.9628271378563094,0.9385257301808066,0.784432387312187,0.9038982697519284,0.8811434302908726,0.4578639966624948,0.8455329807959922,0.4954151383794598,0.6465265340748421,0.9271648982995876,0.7518833705357143,0.3150868766774968,0.4174661399548532,0.5075093867334167,302.85962533031795,63.33239732403551,3.97103104452442,1.8338723438346112,3.267391049805286,1.7347596259852067,0.9088839371151258,22.00127186083127,0.4679075564276883,24.5931,3.242322783905441,604.82056761,14874.41270128949,0.0,0.0,1.0,7.220210071954251,177.5673483205781,3.088438677501288,75.95428123965692,1.141941672454302,28.083885744835893,22.22966053783615,22.801859060371587,15.900091705155997,12.183794039679892,97.65996358109352,1557.5399806297378,12.87536443125735,0.8380627473477199,0.584394215498961,0.4478048863901059,0.5994367082134858,0.4593315263916679,0.3202990323446804,22.299176045907867,8.245058765038833,3.526816828658373,1.0,4.23038034995559,4.23038034995559,5.75812794888498,1.7494312505479206,3.8018717999725973,3.800254102491941,3.674062976853522,0.0,0.0,0.0,0.0,1.0,0.0,0.0,25.0,7
0.7580524032042724,0.8315621309995137,0.7326221036839473,0.9549374130737134,0.9426126878130218,0.8892015843235357,0.7860247408893346,0.4817480183562787,0.9415530197606458,0.4987495831943981,0.7318314638514469,0.9185470045869436,0.6802455357142857,0.3028676366718463,0.3150395033860045,0.6543596161869003,304.6911709852278,65.26421805233065,3.9173110088390577,1.908246909075428,3.3578645764907096,1.791061749908212,0.9217342492116762,22.12240388507046,0.4645395442136385,9.4867,2.3501077875965124,89.99747689000002,853.7790640123632,0.0,1.0,0.0,7.090846035320449,67.26872908327451,3.098527363329795,29.394799537700766,1.230581047045845,11.674153219009819,8.435588670002087,8.713979868414958,6.942665548119522,4.731487670890297,37.16235434755349,619.1420573970452,9.20610310831022,0.8167734517543482,0.6507456971145189,0.44348891955716185,0.6722215989832246,0.45812493568220103,0.3650006375644554,21.971180469599002,8.725860738585515,3.8129890470665804,1.0,4.32910841037564,4.32910841037564,5.75323542249216,1.8307546040841816,3.8427666906919153,3.6570840374353146,3.8034461575485556,0.0,0.0,0.0,0.0,1.0,0.0,0.0,25.0,7
0.7682743658210949,0.75189275543516,0.903817302883814,0.8867872044506259,0.8184474123539233,0.8808630393996248,0.8946840521564694,0.3890279516061744,0.8839409963818536,0.4374791597199066,0.7753793948534264,0.7239030718621138,0.98876953125,0.3101426755191411,0.3895316027088036,0.7407175636211932,299.1520631578776,63.489839678871455,3.873830839732285,1.860117011647826,3.2754903162895337,1.781992684190887,0.8973244530805411,21.71987516609316,0.4674802203754217,5.0362,1.7977746748828425,25.36331044,127.734704037928,0.0,1.0,0.0,7.282283485905869,36.675036091719136,3.048516039544122,15.352936478352108,1.212858554573333,6.10819825254222,4.436202439024391,3.6457206505119775,3.9049657083608262,2.2032325441813936,19.509386875059732,319.7475305907324,6.964274978450837,0.6376594601111866,0.683003050438431,0.38535922230487085,0.5612995257929823,0.3166925075968967,0.33921232612460667,22.20015801129132,8.832379822709045,3.6974187573151056,1.0,4.261374594117455,4.261374594117455,5.652220271037091,1.7648040357814785,3.973557287989562,4.047748497117721,3.631992164034244,0.0,0.0,0.0,0.0,1.0,0.0,0.0,25.0,7
0.0,0.0,0.0,0.0,0.0,0.4763393787784032,0.0,0.547976637463496,0.0,0.8140213404468156,0.6669808653030446,0.2326831302413937,0.0,0.0,0.0,0.0,269.7395410799869,108.87547700059906,1.4418941787509207,4.050103885648305,5.285528316805359,2.0281090380251365,1.6632388624502654,19.45617200210043,0.1463394080032066,0.0,0.0,0.0,0.0,1.0,0.0,0.0,0.2326831302413937,0.0,1.0243160162418992,0.0,1.4810022057498602,0.0,0.0,0.0,0.0,0.0,0.0,0.0,0.0,0.11083613771139976,0.3177092510355341,0.3877504196207992,0.15519519554982578,0.18940903357846028,0.5429366580263613,0.23834105701555935,0.3446042291282861,1.5170142794391623,1.0,2.505318221991759,2.505318221991759,1.4810022057498602,0.4763393787784032,0.2326831302413937,0.2326831302413937,1.6912968815449436,0.0,0.0,0.0,0.0,0.0,0.0,1.0,25.0,7
0.9878588117489988,0.8651107869695075,0.8806467744624105,0.9045897079276772,0.9029632721202004,0.7800708776318532,0.7449013707790038,0.3652482269503546,0.9229056498747564,0.5905301767255752,0.564897728343859,0.6815085947273317,0.6962193080357143,0.3808447520836276,0.3494638826185101,0.5185648727576138,304.1906339967435,62.72277754717437,4.011456840125857,1.7853789615251785,3.215921227364194,1.742046184343258,0.8615774466416579,22.090400758362925,0.4780334715552123,2.5543,1.2681581381001925,6.52444849,16.665398778007,0.0,1.0,0.0,7.167770763451593,18.308636861084402,2.813126125235968,7.185568061690232,1.155427905069434,2.951309497918855,1.9925350427350428,1.7407774035120234,1.442918267508719,1.5083912304101366,10.246464206733476,160.21279068874748,5.087161637443288,0.5316250076026007,0.44066026672143427,0.4606553932264128,0.3849826570082853,0.4024513908843296,0.333589155350775,20.163843194368233,8.281842357232811,3.2503644255774886,1.0,3.968554030305402,3.968554030305402,6.077442010381857,1.7029765275066095,3.749262374239166,3.371502781001801,3.6010389167952663,0.0,0.0,0.0,0.0,1.0,0.0,0.0,25.0,7
0.7326852469959947,0.8563589636729875,0.9709951658609768,0.847009735744089,0.8768781302170284,0.979362101313321,0.9953192912069542,0.3731748018356279,0.6843863067074868,0.4308936312104034,0.54453765670657,0.7197331232914795,0.7385602678571428,0.4203277299053538,0.3549661399548532,0.5552774301209846,302.7270526537872,62.657174626978446,3.990553317769176,1.786309467068024,3.2478464451568048,1.7286846309340655,0.9090013942791748,21.992698029234987,0.4736596343434569,10.0,2.3978952727983707,100.0,1000.0,0.0,1.0,0.0,7.0727919336208895,70.7279193362089,3.03224250106339,30.3224250106339,0.9754312879169733,9.754312879169733,9.79362101313321,7.197331232914795,5.4453765670657,4.308936312104034,39.90553317769176,626.5717462697844,9.568928936528561,0.704879344011543,0.5332995437163782,0.4220008921047479,0.3919217884112431,0.3101284189974706,0.23463780822909802,21.446420302303576,6.899022544980604,2.957744208088847,1.0,4.007673788980363,4.007673788980363,5.679686260313403,1.6637484080208078,3.602615031938589,3.784183982336768,3.506637937068542,0.0,0.0,0.0,0.0,1.0,0.0,0.0,25.0,7
0.0,0.0,0.0,0.0,0.0,0.0,0.0,0.5612223612849396,0.0,0.4740746915638546,0.0,0.2707686605198536,0.2696010044642857,0.0,0.0,0.0,231.6141819127537,70.18376166914783,2.7281194743958994,2.683521732902775,3.3958834968890166,1.1297696300781097,1.3694150869584192,16.89300340244558,0.2033253726396189,0.0,0.0,0.0,0.0,1.0,0.0,0.0,0.5403696649841393,0.0,0.5612223612849396,0.0,0.4740746915638546,0.0,0.0,0.0,0.0,0.0,0.0,0.0,0.0,0.0,0.0,0.0,0.0,0.12836456922110764,0.0,0.3032675393491504,0.2561755822578193,0.26606131782489595,1.0,1.0352970528487941,1.0352970528487941,0.4740746915638546,0.0,0.5403696649841393,0.5403696649841393,0.5612223612849396,0.0,1.0,0.0,0.0,0.0,0.0,0.0,25.0,7
0.7861315086782376,0.7831492672084462,0.9058176362727122,0.82336578581363,0.7883973288814692,0.7977902855951636,0.7355399531929121,0.4472256987901544,0.7286390203172836,0.5351783927975992,0.5974172872089735,0.8442292545058612,0.99658203125,0.3088713095069925,0.286540632054176,0.576136837713809,298.0497410006517,60.96809516442621,3.9748713482665528,1.7644254038897276,3.129490755676186,1.709294483890066,0.846373293366937,21.649765872358053,0.47512525143032,9.7058,2.370785650683301,94.20255364,914.311145119112,0.0,1.0,0.0,7.099221591885334,68.90362492652068,2.7091949578955137,26.294904422342277,1.1325956800065726,10.992747151007793,7.743192953929539,8.193920298382988,5.798412706192854,5.194334444814938,38.57930633200551,591.7441380468879,9.42356795578253,0.673517898060023,0.4766137081819348,0.4269601228343573,0.5043571510093456,0.4518132555791621,0.31972482359800014,19.23317534171871,8.040547706378712,3.0684225056080474,1.0,3.8417906379020863,3.8417906379020863,5.5283285163680596,1.5264293059124472,3.986228899356354,3.747900018223751,3.416962109153998,0.0,0.0,0.0,0.0,1.0,0.0,0.0,25.0,7
0.0,0.0,0.0,0.0,0.0,0.3856577027308735,0.0,0.5523571130579892,0.0,0.7580860286762253,0.6079743613912716,0.2018255108186999,0.0,0.0,0.0,0.0,269.6919288044939,109.55275070478896,1.4198125753735276,4.080975979031901,5.3148550125407965,2.03037167261597,1.6681047296161176,19.448567539730806,0.1430955986101802,0.0,0.0,0.0,0.0,1.0,0.0,0.0,0.2018255108186999,0.0,0.9380148157888627,0.0,1.366060390067497,0.0,0.0,0.0,0.0,0.0,0.0,0.0,0.0,0.07783556285482486,0.23446999553342768,0.29236171629164415,0.12270473605246625,0.15300109998209876,0.4608968691640733,0.1893153193520959,0.275705836034565,1.281384885145625,1.0,2.3040752058563596,2.3040752058563596,1.366060390067497,0.3856577027308735,0.2018255108186999,0.2018255108186999,1.5459891771801342,0.0,0.0,0.0,0.0,0.0,0.0,1.0,25.0,7
0.8750000000000001,0.8194068208654581,0.673612268711452,0.7507649513212795,0.7074290484140234,0.8055034396497811,0.7101303911735206,0.4022736754276179,0.8538825494016142,0.5863621207069023,0.5373739277971533,0.8199508872723903,0.8083844866071429,0.3567594292979235,0.2968397291196388,0.5801001251564456,297.5810224264077,62.18378161438068,3.923823658711315,1.813091070021428,3.191791609773285,1.7092581796980415,0.8918469298773866,21.6181663027318,0.4647945549428941,0.0,0.0,0.0,0.0,1.0,0.0,0.0,6.688247746765755,0.0,2.771790055652534,0.0,1.1237360485040555,0.0,0.0,0.0,0.0,0.0,0.0,0.0,0.0,0.6604732600418003,0.43285654721872013,0.47231670510974993,0.4406202288943253,0.48078814113654494,0.3150957159157366,18.538418594225785,7.515825094366702,3.1147604044218147,1.0,3.8955261041565894,3.8955261041565894,5.3067085671141925,1.6593859890513953,3.9028423199014366,3.572165048627061,3.327580091288576,0.0,0.0,0.0,0.0,1.0,0.0,0.0,25.0,7
0.0,0.0,0.0,0.0,0.0,0.0,0.0,0.0,0.0,0.380376792264088,0.9146008106324818,0.4135198999212344,0.0,0.7328012431134341,0.8757054176072234,0.707133917396746,234.0155750423554,54.93454823536814,2.536535188774604,1.9317731425808589,2.603943675616735,2.266503097675029,0.3218024771644062,16.835706045214195,0.5513743084502916,50.866,3.948663469523138,2587.349956,131608.142861896,0.0,0.0,1.0,2.729160478038638,138.82147687591336,0.0,0.0,1.2949776028965698,65.87033074893692,0.0,21.03410322939351,46.522084833631816,19.3482459153051,129.02339891220902,2794.3007305402357,10.015923839074256,0.0,0.0,0.0,0.3782056356806237,0.15729337306940583,0.347892922550518,0.0,3.5342016937705316,0.0,1.0,1.2949776028965698,1.2949776028965698,2.027778846010004,0.0,1.1206538173179803,2.729160478038638,0.9146008106324818,0.0,0.0,0.0,1.0,0.0,0.0,0.0,25.0,7
0.9595710947930574,0.7220948808779607,0.9399899983330556,0.678442280945758,0.7990400667779634,0.7521367521367522,0.8395185556670011,0.4920734251147268,0.79543556916226,0.5753584528176059,0.7882929588085588,0.8615577074549414,0.7651367187499999,0.3869190563638932,0.376834085778781,0.5604922820191907,295.36123027483825,63.1087570288926,3.8091086022862033,1.8705384527094533,3.2387864823864767,1.7472350885207222,0.8856139461686405,21.444803089523067,0.4660653134831581,0.0,0.0,0.0,0.0,1.0,0.0,0.0,7.050078172094601,0.0,2.8791643020807403,0.0,1.3636514116261647,0.0,0.0,0.0,0.0,0.0,0.0,0.0,0.0,0.6480092158635458,0.59290410577054,0.4327482380166609,0.6791598743939745,0.49570450957435863,0.4535510171471051,20.298333399973412,9.613849051451613,3.9261764648360624,1.0,4.242815713706905,4.242815713706905,5.849708789717853,1.5475723212990122,3.8688526838951502,3.7904584060338076,3.791114297631059,0.0,0.0,0.0,0.0,1.0,0.0,0.0,25.0,7
0.0,0.0,0.0,0.0,0.0,0.0,0.0,0.5014601585314977,0.0,0.4713237745915304,0.0,0.2820738544224621,0.2744838169642857,0.0,0.0,0.0,228.76135739793745,67.03665344264138,2.784007835937227,2.564026313590696,3.219811989011771,1.128708953609054,1.2918658881442826,16.68880100288756,0.2159866401216956,10.2375,2.4192563997977388,104.80640625000001,1072.9555839843752,0.0,0.0,1.0,0.5565576713867477,5.69775916082183,0.5014601585314977,5.133698372966208,0.4713237745915304,4.8251771423807925,0.0,2.8877310846499555,0.0,4.8251771423807925,28.501280220407363,686.2877396190412,6.735228774178189,0.0,0.0,0.0,0.0,0.13294811377997667,0.0,0.2790914981255197,0.26231886245587455,0.23635009472633273,1.0,0.9727839331230281,0.9727839331230281,0.4713237745915304,0.0,0.5565576713867477,0.5565576713867477,0.5014601585314977,0.0,1.0,0.0,0.0,0.0,0.0,0.0,25.0,7
0.9110063417890522,0.9331110648051676,0.8883147191198533,0.9502086230876216,0.9993739565943238,0.9060871377944548,0.9227683049147442,0.4297037964121819,0.9563039242972446,0.4584028009336445,0.7605806390800265,0.8101746745123478,0.8251255580357143,0.3121203559824834,0.3101015801354401,0.7067167292448895,304.72882834288407,64.3258659792195,3.9475043954714497,1.8583881519365224,3.3180127634436687,1.790711708463233,0.8992949350046806,22.123759814330967,0.4723055996671724,49.6715,3.92536362236522,2467.25791225,122552.40138832589,0.0,0.0,1.0,7.646253603306895,379.80088585665845,3.2148631634186255,159.68707562174828,1.218983440013671,60.54873594063906,45.006707264957264,40.24259134504008,37.779181214063534,22.769554726575524,196.07846457966014,3195.1622519868015,15.495390153110439,0.7340888519424473,0.6891523343258985,0.4153528818549272,0.616203171707054,0.37138634004196397,0.3486522952901855,24.581659047428268,9.320656520575966,3.9188649581172688,1.0,4.433846603432296,4.433846603432296,6.213118501392173,1.8623910620916995,4.1861343683871715,3.887007202825619,4.00675187167004,0.0,0.0,0.0,0.0,1.0,0.0,0.0,25.0,7
0.0,0.0,0.0,0.0,0.0,0.4796747967479675,0.0,0.5632040050062579,0.0,0.6969823274424809,0.8194928834008861,0.2140110271973312,0.0,0.0,0.0,0.0,278.63383574635907,114.12040320730748,1.315635959217757,4.234070642076107,5.577111791316832,2.137773402479492,1.6749009053815451,20.06585424113122,0.1607388671737645,0.0,0.0,0.0,0.0,1.0,0.0,0.0,0.2140110271973312,0.0,1.0428788017542254,0.0,1.516475210843367,0.0,0.0,0.0,0.0,0.0,0.0,0.0,0.0,0.10265569597270359,0.39309008228172587,0.3343248562528973,0.1753805137575264,0.149161903834352,0.5711720571952992,0.2231875636057437,0.3245424175918784,1.581499850774317,1.0,2.559354012597592,2.559354012597592,1.516475210843367,0.4796747967479675,0.2140110271973312,0.2140110271973312,1.8623716851551115,0.0,0.0,0.0,0.0,0.0,0.0,1.0,25.0,7
0.7991071428571428,0.7488365631728833,0.8306384397399567,0.936578581363004,0.96661101836394,0.7986241400875548,0.8577398863256436,0.3514810179390906,0.7433899248538826,0.5683561187062354,0.6324818550287492,0.8073483760366956,0.9421735491071428,0.3876960022602062,0.412951467268623,0.6138923654568211,298.7034340643662,60.64841686655917,3.983595282660925,1.7373894169245054,3.114021793004828,1.742552876533178,0.8294981998682482,21.694177587182928,0.4809248692964167,50.5827,3.943186344953694,2558.60953929,129421.3787430443,0.0,0.0,1.0,7.445833505626415,376.6303624650493,2.751234969206171,139.16489307686498,1.2008379737349846,60.74162697404461,40.39656529080676,40.83786070055137,31.992639928362713,28.748987045681893,201.50100510425278,3067.7606758361026,15.70805852241051,0.6447679025633899,0.5051152775933163,0.45390291656526743,0.5106331985301374,0.45886138944799854,0.3594749322762597,20.485237515566368,8.941239619664481,3.303787425690371,1.0,3.9520729429411556,3.9520729429411556,5.870305721492118,1.5420140649414373,3.9113579966306857,4.021801646455133,3.5483051742764777,0.0,0.0,0.0,0.0,1.0,0.0,0.0,25.0,7
0.987691922563418,0.9026186010974508,0.9961660276712786,0.991933240611961,0.9745409015025042,0.9066082968521992,0.8582413908391843,0.4165623696287026,0.9384915112719175,0.536428809603201,0.6012819304364219,0.9521382569614976,0.8082449776785714,0.3631162593586665,0.373165914221219,0.500834376303713,304.5107685577024,61.96359859665552,4.0581129442685135,1.760486274335529,3.190593643693463,1.7133415864118895,0.8669776410043231,22.122569089597658,0.4793898545925869,24.6172,3.2432640008785563,606.00653584,14918.184094080449,0.0,0.0,1.0,7.850450477970281,193.25610950629,3.1199035685920036,76.80329012874307,1.137710740039623,28.007252829703404,22.31815776526996,23.43897789927258,14.801877537939484,13.205375291763922,99.89937797164686,1525.3702993735883,13.161531623645358,0.8632164435116849,0.545127186880967,0.4863308094568108,0.5725035291881791,0.5107543917595229,0.3225449501799245,24.49264846127428,8.93154182293598,3.5495477978750687,1.0,4.257614308631627,4.257614308631627,6.353777692844903,1.8450998081241168,4.151528134604651,3.855741175362851,3.886685420983246,0.0,0.0,0.0,0.0,1.0,0.0,0.0,25.0,7
0.8056992656875834,0.7257067444606515,0.941656942823804,0.97663421418637,0.7349749582637729,0.825515947467167,0.8704446673353393,0.3747392574050897,0.6821597550793209,0.4448982994331443,0.6479404279385427,0.8708242598341288,0.9296875,0.3970193530159627,0.2966986455981941,0.6787651230705048,299.51560340077936,60.73462454670863,3.9930157019358616,1.7413242292284692,3.1300228000549897,1.7587375941814,0.8346971920852608,21.75295307069223,0.483757823466835,49.9015,3.929892392670392,2490.15970225,124262.70438182837,0.0,0.0,1.0,7.3576670069409715,367.1586201468649,2.752859627286917,137.3718246910581,1.0928387273716869,54.53429175393823,41.194484052532836,43.45543680211278,32.33319926477519,22.20109248916305,199.25747305015238,3030.7488668175806,15.692122030851168,0.7188793139343653,0.5348851562719678,0.3672706411830835,0.5642422435761901,0.38742823230533047,0.28826759452384143,20.254624454428768,8.04074344829002,3.0084316117171306,1.0,3.845698354658604,3.845698354658604,5.67453020580983,1.507675702546488,4.010682893052869,4.0434395488541295,3.3888698567621556,0.0,0.0,0.0,0.0,1.0,0.0,0.0,25.0,7
0.9358728304405874,0.7762033757032716,0.9354892482080348,0.6965229485396384,0.6825959933222037,0.9722743381279968,0.9363089267803408,0.398936170212766,0.8296688004453103,0.5560186728909636,0.6050523140729569,0.6917944678682296,0.9260602678571428,0.3944059895465461,0.3840293453724605,0.6011681268251983,294.5422647760094,62.63689110168456,3.844870334881616,1.8417150872253572,3.2351435021698385,1.6993595832850867,0.9337802937291252,21.400087056581267,0.4567349776503939,0.0,0.0,0.0,0.0,1.0,0.0,0.0,7.0241425936833135,0.0,3.137188235566414,0.0,1.1610709869639204,0.0,0.0,0.0,0.0,0.0,0.0,0.0,0.0,0.6726140083671927,0.5882768381980971,0.5406026871718688,0.41857184364654215,0.3846506419374034,0.336420384700452,22.036057509844248,8.155528173823196,3.6424982409606965,1.0,4.298259222530334,4.298259222530334,5.582161372724202,1.8019431385733071,3.93109906869443,3.933767124249918,3.594731646176511,0.0,0.0,0.0,0.0,1.0,0.0,0.0,25.0,7
0.7371078104138853,0.9173438910884212,0.7064510751791967,0.6962447844228095,0.726627712854758,0.9179695643110278,0.837178201270478,0.458906967042136,0.8232674645143335,0.4737412470823607,0.585729097935715,0.9404624009637216,0.70068359375,0.3382539906766492,0.3184255079006772,0.6852315394242804,299.08483849188224,63.541343141149866,3.895343482360431,1.8639949770977904,3.282734959264917,1.7413521808397996,0.936283890319264,21.726397671387573,0.4609860611162327,66.7,4.215086179918229,4448.89,296740.96300000005,0.0,0.0,1.0,6.766832306674399,451.3477148551824,3.0373221971379754,202.58939054910297,1.0594703450180758,70.66667201270566,61.22856993954556,62.72884214428023,39.06813083231219,31.59854118039346,259.8194102734408,4238.207587514697,16.419208478532003,0.8633158604635707,0.5376814848363397,0.43488004618035764,0.5508561937589374,0.4455358306666246,0.2774840333084918,20.55304996937252,7.169258158631787,3.2179527961328307,1.0,4.096792542156051,4.096792542156051,5.1814996096537955,1.7412370288253614,3.980829235640308,3.820235233985806,3.426341152557522,0.0,0.0,0.0,0.0,1.0,0.0,0.0,25.0,7
0.9848130841121496,0.9432520664027229,0.7591265210868479,0.6853963838664812,0.9818447412353924,0.8512612049197416,0.7393848211300568,0.4704839382561536,0.8344002226551629,0.4068856285428476,0.7080780469412762,0.8013251169902239,0.6867327008928572,0.4129820596129397,0.3558126410835214,0.721735502711723,299.64576526506823,62.65238526030806,3.909308933033469,1.8224975293270005,3.225426345975117,1.767349398238068,0.8640667828700861,21.75311384484647,0.4812615866826793,99.5237,4.610393520593276,9904.966861690002,985778.9504527772,0.0,0.0,1.0,7.333020817994859,729.809363983875,2.8955301869611145,288.1738776680619,1.1149636754841237,110.96531034977929,84.72066478007089,79.75084054579995,70.47054712036949,40.494763229409806,389.0688894585431,6235.397194931322,18.023452574854918,0.6821369846215508,0.6027593714164481,0.34636595041791085,0.5674007238034274,0.3260476738937381,0.2881067811870931,21.2329831401184,8.176051843633143,3.228410979729396,1.0,4.010493862445238,4.010493862445238,5.882378531800658,1.6856614275749044,4.137858471109676,3.717972842421322,3.9964810154647132,0.0,0.0,0.0,0.0,1.0,0.0,0.0,25.0,7
0.7756592122830441,0.8267694658609432,0.9928321386897816,0.8261474269819193,0.7113939899833055,0.7160725453408381,0.7811768639251087,0.4985398414685024,0.6732535485666574,0.4906635545181727,0.7502120840795551,0.9771579483853032,0.9981166294642856,0.2885294533126147,0.3593397291196388,0.6120150187734669,299.34544603281574,61.314384134423655,3.96197090091365,1.7779354600296648,3.1450064991035216,1.7487007388494655,0.8200126696586978,21.7339593342656,0.4824308898286446,5.0835,1.8055801882453666,25.841972249999998,131.36766593287498,0.0,1.0,0.0,7.367961012854303,37.45502980884485,2.6690427993011063,13.568079070247174,1.2408756385977278,6.307991308811549,3.6401547842401505,4.967382430616689,3.813703129418418,2.4942881793931306,20.140679074794537,311.69167174734264,7.153656165094333,0.6997159793002954,0.5372062765923018,0.351350700389811,0.7330757009330406,0.479455792280418,0.3681017278169607,19.66540328689006,9.142723326988744,3.3119501880274274,1.0,3.9099184378988343,3.9099184378988343,5.662207325709336,1.3893260939074956,4.189718274767043,4.016335642980418,3.4518776731552454,0.0,0.0,0.0,0.0,1.0,0.0,0.0,25.0,7
0.9919893190921228,0.7492533166631937,0.7499583263877313,0.7140472878998609,0.9551335559265444,0.9037940379403794,0.8253092611166833,0.4826866916979558,0.7447815196214863,0.4342280760253417,0.6975209727589783,0.957651855627114,0.9002511160714286,0.3577482695295946,0.396726862302483,0.5976220275344181,295.564716129626,61.23646540935951,3.90701374200986,1.7959537921071027,3.1588658766097897,1.709229823945753,0.8728268827325489,21.470648888096413,0.4736227313821768,0.0,0.0,0.0,0.0,1.0,0.0,0.0,7.370381937034492,0.0,2.956571510376505,0.0,1.13174904878432,0.0,0.0,0.0,0.0,0.0,0.0,0.0,0.0,0.8655200375383265,0.6304152965179384,0.3924527462180256,0.6679822539014652,0.41583932277106,0.3028831899884559,21.791061255629778,8.34142274641592,3.34609699453143,1.0,4.088320559160825,4.088320559160825,5.649879124283368,1.6485755575618657,4.1967676349882765,4.035309392181722,4.031124577415981,0.0,0.0,0.0,0.0,1.0,0.0,0.0,25.0,7
0.0,0.0,0.0,0.0,0.0,0.606733375026058,0.0,0.7660617438464749,0.0,0.4933311103701234,0.0,0.3522216559329102,0.0,0.3327447379573386,0.0,0.0,241.4247657604576,80.91339997181505,2.440439440775267,3.0329104793322466,4.109151386012187,1.062948076034799,1.8077416810230276,17.635790272563895,0.1907847597346455,51.8374,3.967219273295896,2687.1160387600003,139293.10894761764,0.0,0.0,1.0,0.6849663938902488,35.506876946646386,1.3727951188725327,71.16212969504303,0.4933311103701234,25.573002100700236,31.45148065457578,18.258254867256642,0.0,25.573002100700236,126.50603546724383,4194.340279698966,9.681758384755097,0.21370463406144155,0.0,0.29932044960021764,0.0,0.17376190061778615,0.0,0.9403185221242542,0.33791523166409576,0.677242540304072,1.0,1.8661262292426561,1.8661262292426561,0.826075848327462,0.606733375026058,0.3522216559329102,0.6849663938902488,1.3727951188725327,0.0,0.0,1.0,0.0,0.0,0.0,0.0,25.0,7
0.7530040053404539,1.0,0.9063177196199368,0.6834492350486786,0.6884390651085142,0.9193245778611632,0.8348378468739551,0.4137463496036713,0.6768716949624269,0.5886962320773591,0.6121217833914601,0.9075198072557106,0.8634905133928571,0.3519564910298065,0.4184537246049661,0.622444722569879,298.2610701512162,61.74519349018169,3.939203085452688,1.786890306106704,3.171611977806176,1.722628219571798,0.8660654711326069,21.66260656530087,0.4724999618629781,10.2728,2.422392744398758,105.53041984000001,1084.092896932352,0.0,0.0,1.0,7.1950752839708025,73.91356937717526,2.844780469301216,29.223860805037535,1.200818015468819,12.335763309308085,9.444037523452158,9.322769475976465,6.288204656423791,6.047558652884295,40.466645456238375,634.2960236859385,9.542296972913793,0.8343052637060003,0.5627386001159764,0.5412029150429755,0.5555126428804397,0.534253491067008,0.3603537874550259,20.46840964299204,8.639976023646568,3.4160636375907423,1.0,4.045598484770036,4.045598484770036,5.583984531616209,1.5961962728235901,4.146459048558901,3.9987031057271745,3.3866357813052623,0.0,0.0,0.0,0.0,1.0,0.0,0.0,25.0,7
0.7893858477970628,0.716816003334028,0.9574929154859144,0.8687065368567455,0.7124373956594324,0.7893475088597041,0.8430290872617854,0.41093032957864,0.7770665182298914,0.4612370790263421,0.594023941936092,0.9628874577213548,0.8923688616071428,0.3792908602910015,0.3412810383747178,0.5665415102211098,297.9489076453266,60.59157890802244,3.985444507654423,1.7490633053619526,3.125652381535534,1.7082805705951136,0.8602111993678321,21.64847697160514,0.4770396719614707,0.9955,0.6908946455066516,0.9910202500000002,0.9865606588750001,1.0,0.0,0.0,7.1872084273485095,7.154865989425441,2.8203734439300208,2.8076817634323357,1.055261020962434,1.0505123463681032,0.7857954450698355,0.9585544641616087,0.5913508341973795,0.4591615121707236,3.9675100073699783,60.31891680293634,2.753522270302334,0.760052816064605,0.4688913187702757,0.3640763393231696,0.5719782032764612,0.44411939843049814,0.2739858678503165,20.270611784483783,7.584380902913598,2.97623015993693,1.0,3.875634464892455,3.875634464892455,5.479390580386619,1.5664140270895954,3.9279996806806983,3.9853988154771125,3.296125023830931,0.0,0.0,0.0,0.0,1.0,0.0,0.0,25.0,7
0.685580774365821,0.985483086754185,0.9938323053842308,0.9143254520166898,0.8230383973288815,0.7613091515530541,0.8681043129388164,0.4062369628702545,0.9763428889507376,0.4577359119706568,0.7071354510321425,0.9584858453412408,0.90185546875,0.2881762960870179,0.3610327313769751,0.507717980809345,306.3438137048379,63.43942006058698,4.021443840344853,1.8144775663680948,3.2691774585583997,1.7332876874588377,0.8796572603671637,22.24815307779321,0.4764219173818438,50.2344,3.9364111814385017,2523.49494336,126766.2543827236,0.0,0.0,1.0,7.419528338214387,372.7155543531968,3.011993316312863,151.3056770489869,1.1648713630027991,58.516613997627815,38.24390844277674,48.148961349210026,35.52252510132906,22.99408889629876,202.01481845341948,3186.8412030915506,15.830056498660468,0.7297040456923519,0.5383486902583666,0.34847853877774415,0.6777793205533027,0.43873339252823873,0.32368129056497946,22.347569764895617,8.642796088173686,3.5085847597286857,1.0,4.1768646793156625,4.1768646793156625,5.855307674939625,1.7376520405037916,4.039123156020592,3.885372635303395,3.3833007371501536,0.0,0.0,0.0,0.0,1.0,0.0,0.0,25.0,7
0.0,0.0,0.0,0.0,0.0,0.0,0.0,0.4451397580308719,0.0,0.4911637212404134,0.0,0.2301348283371171,0.2782505580357142,0.0,0.0,0.0,225.03394653480547,66.91160420585855,2.707652173039029,2.5605443786862097,3.176787458586193,1.1473764824163517,1.2643435128287257,16.410282485585363,0.206783620985033,102.944,4.643852292580435,10597.467136000001,1090945.656848384,0.0,0.0,1.0,0.5083853863728313,52.33522521476474,0.4451397580308719,45.82446725073008,0.4911637212404134,50.56235811937312,0.0,23.690999768336184,0.0,50.56235811937312,278.7365453013298,6888.148183367903,12.573936751277692,0.0,0.0,0.0,0.0,0.11303387867308218,0.0,0.22630254787643345,0.24970045819512515,0.21863650002650026,1.0,0.9363034792712853,0.9363034792712853,0.4911637212404134,0.0,0.5083853863728313,0.5083853863728313,0.4451397580308719,0.0,1.0,0.0,0.0,0.0,0.0,0.0,25.0,7
0.0,0.0,0.0,0.0,0.0,0.3799249530956848,0.0,0.5661243220692532,0.0,0.8217739246415472,0.7069469318503158,0.2713246536626048,0.0,0.0,0.0,0.0,269.7993208043825,108.13821867130738,1.4389400516022823,4.0265634117467055,5.230452087295819,2.071563420142554,1.590210471004829,19.446674898071247,0.1604708304291336,2.4805,1.247175961626584,6.152880250000001,15.262219460125003,1.0,0.0,0.0,0.2713246536626048,0.6730208034100912,0.9460492751649381,2.346675227046629,1.528720856491863,3.7919920845280664,0.9424038461538462,0.6730208034100912,1.7535818644547083,2.038410220073358,3.5692907979994617,268.236851414178,1.794611442580083,0.10308300631646804,0.2685867799243695,0.31221241977469666,0.191812131442128,0.22296752549232726,0.5809505546999344,0.2566864919318851,0.4147796569344553,1.4462452582136505,1.0,2.474770131656801,2.474770131656801,1.528720856491863,0.3799249530956848,0.2713246536626048,0.2713246536626048,1.6529962070152537,0.0,0.0,0.0,0.0,0.0,0.0,1.0,25.0,7
0.0,0.0,0.0,0.0,0.0,0.5222013758599124,0.0,0.8850646641635379,0.0,0.406968989663221,0.0,0.2898577584209795,0.0,0.2917078683429863,0.0,0.0,247.4017972883212,85.95883854758836,2.3915833698091564,3.2285807136835865,4.403357952544774,1.0481096459381531,1.9320334925490248,18.06544336733016,0.1729855598123261,4.8658,1.7691388751905208,23.67600964,115.202727706312,0.0,1.0,0.0,0.5815656267639657,2.8297820267081044,1.4072660400234502,6.847475097546105,0.406968989663221,1.9802297099033006,2.540927454659162,1.410389880924802,0.0,1.9802297099033006,11.636966360817393,418.25851660485546,4.231043112788527,0.15136412025110563,0.0,0.2125197663344525,0.0,0.11796311909063201,0.0,0.8184175565898819,0.236679175546989,0.5727136384957054,1.0,1.8142350296866712,1.8142350296866712,0.6986768580062073,0.5222013758599124,0.2898577584209795,0.5815656267639657,1.4072660400234502,0.0,0.0,1.0,0.0,0.0,0.0,0.0,25.0,7
0.9294893190921228,0.7123706327707161,0.797966327721287,0.9655076495132128,0.6686143572621036,0.8379195330414843,0.938649281176864,0.392991239048811,0.8048984135819649,0.433727909303101,0.7233481006692432,0.7427141731918641,0.8380998883928572,0.4225173047040543,0.3606094808126411,0.5037546933667084,303.0676060442529,64.12269509196044,3.9213072441307,1.856144668826906,3.312327916832573,1.7472326740932314,0.910348513687152,22.00908889913448,0.4695170076887195,0.9686,0.677322630212974,0.93818596,0.908726920856,1.0,0.0,0.0,6.941643826827566,6.723676210665181,2.974458466849124,2.881060470990062,1.1570760099723443,1.1207438232592126,0.8116088597039817,0.7193929481536395,0.700634970308229,0.42010885295098366,3.7981781966649963,62.10924246607288,2.6559901364677945,0.6223347131842188,0.6061075027392168,0.36342908723031364,0.5372408865184621,0.3221358655482885,0.31373625940163985,20.64763125455821,8.032009541794796,3.441674534650241,1.0,4.131534476821468,4.131534476821468,5.6535416010358395,1.6428179466234492,3.7264287068142687,3.806344821644989,3.5523625491137647,0.0,0.0,0.0,0.0,1.0,0.0,0.0,25.0,7
0.0,0.0,0.0,0.0,0.0,0.6435272045028143,0.0,0.5853149770546517,0.0,0.5608536178726242,0.0,0.0,0.0,0.0,0.0,0.0,258.22815174188025,107.2886973357243,1.8455366842354837,4.013667886570342,5.386909285414523,1.3133793005779095,2.373241398844181,18.820012782524977,0.0,2.4204,1.229757503299663,5.8583361599999995,14.179516841663999,1.0,0.0,0.0,0.0,0.0,1.2288421815574662,2.9742896162416907,0.5608536178726242,1.3574900966988996,1.5575932457786117,0.0,0.0,1.3574900966988996,4.466936990523564,259.68156303138704,2.269562585053367,0.0,0.0,0.3609245608448595,0.0,0.0,0.0,0.0,0.0,0.689200583320993,1.0,1.7896957994300904,1.7896957994300904,0.5608536178726242,0.6435272045028143,0.0,0.0,1.2288421815574662,1.0,0.0,0.0,0.0,0.0,0.0,0.0,25.0,7
0.6721461949265687,0.7496006112384525,0.8189698283047175,0.7991655076495132,0.938230383973289,0.760371065249114,0.6793714476763624,0.4362745098039216,0.7926523796270526,0.5304268089363121,0.5565086247525686,0.7627762590928047,0.7164481026785715,0.3448227150727503,0.3558126410835214,0.6042970379641218,299.3362562700943,62.01825596934303,3.9527701805531663,1.7976594239193917,3.182082240112424,1.7449840780063948,0.8645229576546456,21.739377623204867,0.474046073578678,1.0014,0.6938469356742187,1.0028019600000002,1.0042058827440001,1.0,0.0,0.0,6.76226928198431,6.771736458979089,2.668669402356451,2.67240553951975,1.0869354336888808,1.0884571432960453,0.7614355847404628,0.7638441458555346,0.5572877368272222,0.5311694064688229,3.958304058805941,62.105081527700115,2.7426174772012426,0.5799929966731301,0.42315305582343005,0.4033211977475919,0.42449156694164564,0.404596977042974,0.2951870939730405,18.046261123326456,7.350150094734613,2.900671334222555,1.0,3.7556048360453316,3.7556048360453316,5.409870674854172,1.5530234448761666,3.5052682059005194,3.4635282035681327,3.363530778705462,0.0,0.0,0.0,0.0,1.0,0.0,0.0,25.0,7
0.8707443257676903,0.7559213725081614,0.7407901316886149,0.705702364394993,0.8879382303839733,0.9391286220554512,0.9105650284185892,0.4788277012932833,0.9707765098803228,0.4676558852950984,0.6891318691676878,0.7278876893851643,0.9146205357142856,0.3458821867495409,0.4181715575620767,0.5047976637463496,297.51096992232897,64.67159496936549,3.822044364817129,1.91802768078741,3.347156019812925,1.6895794074547985,0.9758256320640266,21.614991437320445,0.4500893380852354,0.9974,0.6918463348268973,0.9948067599999999,0.9922202624239999,1.0,0.0,0.0,6.872456057900849,6.8545876721503065,3.2992978616476463,3.2907196872073623,1.156787754462786,1.1537801063011828,0.936686887638107,0.7259951813927629,0.6873401263078518,0.4664399799933311,3.812107049468604,64.50344882244514,2.6442673853445275,0.6835801627434157,0.6471834627059481,0.4391890271533079,0.5016106039301477,0.3404009617748226,0.3222765743606809,22.674279576099686,7.949973010863294,3.8165873646792523,1.0,4.456085616110432,4.456085616110432,5.46376636595576,1.909905131935774,3.7739715871216513,3.8219246615760056,3.865770748668086,0.0,0.0,0.0,0.0,1.0,0.0,0.0,25.0,7
0.7965203604806409,0.7873862610266028,0.7972995499249876,0.6976356050069541,0.6936560934891486,0.8483427141963727,0.969241056502842,0.4959324155193992,0.9034233231283052,0.4967489163054351,0.6483174663021962,0.9481536394384468,0.9854910714285714,0.3004661675377878,0.3591986455981941,0.6998331247392574,293.9490515829588,62.68606373065357,3.838771066440151,1.8623951506641647,3.2451379034240757,1.715072154904766,0.9447163941483736,21.35863489170338,0.4532603957244285,2.0,1.0986122886681098,4.0,8.0,1.0,0.0,0.0,7.065640518670591,14.131281037341182,3.216939509346919,6.433879018693838,1.1450663826076313,2.2901327652152625,1.6966854283927455,1.8963072788768935,1.2966349326043924,0.9934978326108702,7.677542132880302,125.37212746130714,4.217321066974735,0.8043592319563809,0.5499953990237205,0.4214133239326596,0.61470456518594,0.4709942928821027,0.32205099880750143,22.72973814335388,8.09062742952004,3.6836092870354444,1.0,4.36200589195455,4.36200589195455,5.218030420073754,1.751766037324678,4.217384457113519,4.2623837052450995,3.4827690499877573,0.0,0.0,0.0,0.0,1.0,0.0,0.0,25.0,7
0.0,0.0,0.0,0.0,0.0,0.5182405670210549,0.0,0.7917188151856488,0.0,0.3701233744581527,0.0,0.3879442153546772,0.0,0.2787823138861421,0.0,0.0,246.18954180703207,81.11994976201669,2.5461842767217715,3.043249619932676,4.159624427271285,1.038921381946365,1.8322756548233172,17.98891901827254,0.1993572374927755,9.7984,2.379397975007005,96.00864256000001,940.7310832599043,0.0,1.0,0.0,0.6667265292408193,6.532853224113245,1.3099593822067037,12.835506010614166,0.3701233744581527,3.6266168722907635,5.077928371899105,3.8012325997312697,0.0,3.6266168722907635,24.948532017030608,794.8457157481444,6.058385712026459,0.20104843013794615,0.0,0.19181294744693927,0.0,0.14358722208859342,0.0,0.8733846723451234,0.24677107284338426,0.4848465869454622,1.0,1.6800827566648564,1.6800827566648564,0.6489056883442947,0.5182405670210549,0.3879442153546772,0.6667265292408193,1.3099593822067037,0.0,0.0,1.0,0.0,0.0,0.0,0.0,25.0,7
0.0,0.0,0.0,0.0,0.0,0.3520950594121326,0.0,0.5516270337922403,0.0,0.8226075358452818,0.7150532566688661,0.1964509104387712,0.0,0.0,0.0,0.0,270.79745629745804,111.21285865785114,1.3114733845575717,4.14152611513032,5.368878158486059,2.1250774442935807,1.610725845698397,19.500730457767705,0.1498427485523992,5.125,1.8123787564307907,26.265625,134.611328125,0.0,1.0,0.0,0.1964509104387712,1.0068109159987024,0.9037220932043729,4.631575727672411,1.537660792514148,7.880511561635008,1.8044871794871795,1.0068109159987024,3.6646479404279386,4.2158636212070695,6.721301095857555,569.9659006214871,2.3768865017965317,0.06916939498250668,0.2517667188896633,0.2896360492063125,0.14047286328480707,0.1616019993505997,0.5882081974665198,0.1775370279936311,0.3020748626354068,1.3896180300491807,1.0,2.4413828857185207,2.4413828857185207,1.537660792514148,0.3520950594121326,0.1964509104387712,0.1964509104387712,1.6187753498732391,0.0,0.0,0.0,0.0,0.0,0.0,1.0,25.0,7
0.0,0.0,0.0,0.0,0.0,0.0,0.0,0.0,0.0,0.4267255751917305,0.7824488641719295,0.3941991382106287,0.0,0.9108631162593588,0.9836343115124154,0.7659574468085107,225.4024421365797,48.63055965590672,2.6748223330616163,1.6962794339243945,2.293989231223689,2.129697794739988,0.2835889044158535,16.24211662438809,0.5643311928683896,2.4629,1.242106388306839,6.0658764099999996,14.939647010188997,1.0,0.0,0.0,3.054654012790914,7.523307368102741,0.0,0.0,1.20917443936366,2.978075726708758,0.0,0.9708730574989574,1.927093307569045,1.050982419139713,6.587819924097454,119.77220537653265,3.322413907481637,0.0,0.0,0.0,0.3084406679504599,0.168214853993015,0.3338909416218828,0.0,3.6936095533664077,0.0,1.0,1.20917443936366,1.20917443936366,2.1200375556230187,0.0,1.1601565850191395,3.054654012790914,0.7824488641719295,0.0,0.0,0.0,1.0,0.0,0.0,0.0,25.0,7
0.69609479305741,0.77057720358408,0.6709451575262545,0.8125173852573017,0.9040066777963272,0.8491765686887639,0.8747910397860247,0.3824572382144347,0.68939604787086,0.5476825608536179,0.5547176925252144,0.6757169994903397,0.8703962053571428,0.2926260771295381,0.4143623024830699,0.7342511472674177,297.86131537283165,62.07041857126151,3.9242933260696073,1.7991495716232295,3.1968180177530203,1.7739723407200692,0.8836233411637797,21.63216111352623,0.46741231052513,9.8913,2.3879643053940933,97.83781568999999,967.7431863344968,0.0,1.0,0.0,6.841493948948882,67.67126909723807,2.7958208945600833,27.65430321436215,1.1024002533788324,10.904171626246045,8.39946019387117,6.683719557058796,5.486879112074653,5.417292514171391,38.81636257615231,613.957131213919,9.371072386550486,0.5738030430318739,0.47105326672951037,0.46507919775635037,0.3748321747573427,0.3700784166931921,0.3038092063930192,19.12759173247766,7.542064662810996,3.0821136625648697,1.0,3.8982211479389157,3.8982211479389157,5.249167547729743,1.5385726165596239,3.7470363487563905,3.862143771513533,3.38645297028215,0.0,0.0,0.0,0.0,1.0,0.0,0.0,25.0,7
0.7038134178905207,0.7179968048899076,0.94599099849975,0.8292072322670375,0.6840567612687813,0.8408380237648531,0.9588766298896688,0.3520025031289112,0.7951572502087393,0.5013337779259753,0.642002073711,0.9191956632534866,0.8736746651785714,0.3068229975985309,0.3900959367945824,0.6366291197329996,297.56660076598143,62.07925040055253,3.914959171356324,1.8096056038259685,3.2064903096366755,1.748623012332969,0.8996426827194061,21.61731286644884,0.4654712464624654,50.5484,3.9425211721539335,2555.14074256,129158.27631121992,0.0,0.0,1.0,7.007483597374168,354.2170838735084,2.946874406992172,148.95978627440311,1.1433358516369754,57.79379796288649,42.5030167604753,46.46387006440254,32.452177622773114,25.341620340113373,197.894922177388,3138.00678094729,15.434809421190526,0.772894664943285,0.5398197549120948,0.4215405030778448,0.5901255219548964,0.46082383451204306,0.32185732504984615,20.650174070519373,8.01190722663593,3.369267159785602,1.0,4.090210258629147,4.090210258629147,5.331224064051503,1.6359952739735923,3.8513096709454855,4.0852950124478395,3.2227127797640662,0.0,0.0,0.0,0.0,1.0,0.0,0.0,25.0,7
0.978679906542056,0.8549697853719525,0.814135689281547,0.9029207232267036,0.9476210350584308,0.8512612049197416,0.8055834169174189,0.4259491030454735,0.8124130253270248,0.5655218406135378,0.7677443679894429,0.7676875318537738,0.7735770089285714,0.4191269953383246,0.3452313769751693,0.6105548602419691,302.00261921328433,63.51456980113687,3.9149024119820703,1.839349350795679,3.255724557275264,1.7756797508846036,0.8605089324822661,21.921859076655068,0.4767821293840215,10.407,2.434227202045761,108.305649,1127.136889143,0.0,0.0,1.0,7.414504912818498,77.1627526277021,2.895206750209659,30.13041664943192,1.3332662086029807,13.87530143293122,8.85907535959975,7.989324144002224,7.989915637666132,5.885385795265088,40.742389401497405,660.9961279204314,9.529761944601315,0.653502613367706,0.6535509957650386,0.48140680344911024,0.5893877789564509,0.4341440660300101,0.43417620810606705,21.466524673054792,9.885508853781694,3.860081326973789,1.0,4.22847295881264,4.22847295881264,6.250720343421996,1.6636742302467664,3.9854690929383234,3.7217611902552274,3.971255617555145,0.0,0.0,0.0,0.0,1.0,0.0,0.0,25.0,7
0.0,0.0,0.0,0.0,0.0,0.3373983739837398,0.0,0.5818731748018356,0.0,0.8997165721907302,0.670091431803186,0.199555205485799,0.0,0.0,0.0,0.0,267.0240278491852,109.45684038384746,1.3477702202982702,4.0833577872878815,5.265640338462084,2.0823303011517327,1.609598565609123,19.239361265823756,0.1414875122950674,99.1292,4.606461352074292,9826.59829264,974102.827470769,0.0,0.0,1.0,0.199555205485799,19.781747875642864,0.9192715487855754,91.12665321387506,1.5698080039939162,155.61381158951372,33.44603089430894,19.781747875642864,66.42562756150438,89.18818402800933,133.6033837219913,10850.369021778492,6.208451431280636,0.06732960185089965,0.22608775951083102,0.3035629085033764,0.13372023336775804,0.17954312544249987,0.6028923660763409,0.1834454228151542,0.3132633588102579,1.44307983512748,1.0,2.4890795527794913,2.4890795527794913,1.5698080039939162,0.3373983739837398,0.199555205485799,0.199555205485799,1.5893629805887612,0.0,0.0,0.0,0.0,0.0,0.0,1.0,25.0,7
0.850216955941255,0.8537889838160727,0.8353058843140524,0.8801112656467316,0.8040484140233723,0.9958307275380448,0.9979939819458374,0.4849812265331665,0.9345950459226272,0.4539846615538512,0.6124988217551136,0.7352082657647223,0.8466099330357143,0.4001977680463343,0.3442437923250564,0.5765540258656654,301.9341721264348,64.76459667865765,3.906394206906012,1.88734960373702,3.359438134787374,1.713030328423971,0.9741961963984116,21.936959197314003,0.4559921039628127,4.8867,1.7726955690058286,23.879836890000004,116.69359893036302,0.0,1.0,0.0,7.126285288778977,34.82401832067623,3.413400981939676,16.680266578444616,1.0664834833089647,5.211584837885918,4.866326016260164,3.5927422323124687,2.9930979922707137,2.218486845615205,19.08937657088761,316.4851545895964,6.924847701372325,0.7321429821884676,0.60994514728459,0.4520918758062847,0.45031419652551286,0.3337732757047913,0.27806507029662786,24.324869202300427,7.600065557830435,3.6403357691492664,1.0,4.479884465248641,4.479884465248641,5.690152755096783,1.930425773460672,3.8623781644234296,3.90080776698333,3.747576145790952,0.0,0.0,0.0,0.0,1.0,0.0,0.0,25.0,7
0.0,0.0,0.0,0.0,0.0,0.0,0.0,0.0,0.0,0.4125541847282427,0.7652936186256951,0.3533336422184127,0.0,0.8104252012996186,0.8563769751693002,0.6787651230705048,227.050445938182,51.02449580354379,2.593649974773486,1.789225542496194,2.404938442495306,2.1621137938444166,0.3038236111739498,16.3510998758017,0.5555357196068275,99.1711,4.606879723895115,9834.90707521,975338.5530463583,0.0,0.0,1.0,2.6989009417578362,267.6529751851605,0.0,0.0,1.177847803353938,116.8084622911937,0.0,35.040485965806425,75.89500998209067,40.91345230910303,257.21512101325885,5060.1553757828215,11.948633479665048,0.0,0.0,0.0,0.2704039816355257,0.14576927270247783,0.31572508490985035,0.0,3.178894545719342,0.0,1.0,1.177847803353938,1.177847803353938,1.9882730046535566,0.0,1.0320987652889175,2.6989009417578362,0.7652936186256951,0.0,0.0,0.0,1.0,0.0,0.0,0.0,25.0,7
0.7538384512683579,0.8878238521914288,0.7062843807301218,0.980250347705146,0.96661101836394,0.9075463831561392,0.6883985289200937,0.4335627868168544,0.9404397439465628,0.4136378792930976,0.6630219624846828,0.8620673678357968,0.7578822544642857,0.4138296369543721,0.3617381489841986,0.5294117647058824,306.25756472615484,63.76847040809234,4.008571793502856,1.8316252793435748,3.282586762658521,1.7291567884474852,0.8864012780156174,22.24159428097878,0.4780236463644712,1.0077,0.6969897882773957,1.0154592900000001,1.023278326533,1.0,0.0,0.0,7.21973722320353,7.275329199822197,2.9699474428396506,2.992816038149516,1.0766598417777804,1.0849501225594693,0.9145344903064415,0.8687052865681325,0.6681272315958149,0.41682289096365444,4.0394377963128285,64.25948763023466,2.793933605648296,0.7823661217163105,0.6017231840060593,0.3753955612888264,0.571569598016495,0.3565837178393817,0.2742509984869119,21.44224010402756,7.773201136411464,3.197623143896062,1.0,4.046607284617431,4.046607284617431,5.785297528991147,1.847986127102702,3.7910236904657513,3.613327701864629,3.7245806020899743,0.0,0.0,0.0,0.0,1.0,0.0,0.0,25.0,7
0.0,0.0,0.0,0.0,0.0,0.408692933083177,0.0,0.6287025448477264,0.0,0.7336612204068023,0.6288999905740409,0.2549691887133392,0.0,0.0,0.0,0.0,271.4754279574733,108.72815106569269,1.506714205400669,4.050082208266617,5.3053304112752055,1.986980922598457,1.68545106380761,19.589465701274577,0.1509712806403887,0.9933,0.6897915567465828,0.9866448899999999,0.9800343692369999,1.0,0.0,0.0,0.2549691887133392,0.2532608951489598,1.0373954779309034,1.0304449282287662,1.3625612109808432,1.3534320508672715,0.4059546904315197,0.2532608951489598,0.6246863606371947,0.7287456902300766,1.4966192202244846,107.99967245355253,1.039318737315518,0.10420410558109265,0.25702698176368716,0.2998421560574392,0.16035012037848986,0.1870610061575607,0.4613995345983773,0.2645038833829292,0.34741112653605055,1.4135148386755823,1.0,2.3999566889117467,2.3999566889117467,1.3625612109808432,0.408692933083177,0.2549691887133392,0.2549691887133392,1.6662954685049443,0.0,0.0,0.0,0.0,0.0,0.0,1.0,25.0,7
0.0,0.0,0.0,0.0,0.0,0.0,0.0,0.4371088861076345,0.0,0.4216405468489496,0.3988123291544914,0.196636241486355,0.0,0.2417714366435937,0.0,0.0,250.13893280696476,91.92955941948956,1.6419474132814926,3.44542767538402,4.431201587847122,1.811515859314797,1.2569681291093222,18.03498880438559,0.2740817600870657,0.0,0.0,0.0,0.0,1.0,0.0,0.0,0.43840767812994874,0.0,0.4371088861076345,0.0,0.820452876003441,0.0,0.0,0.0,0.0,0.0,0.0,0.0,0.0,0.0,0.0,0.0,0.07842095746335827,0.08290981239062883,0.16815544855480302,0.19163189184841625,0.3596928403837073,0.35862724273366925,1.0,1.2575617621110755,1.2575617621110755,1.0622243126470348,0.0,0.196636241486355,0.43840767812994874,0.8359212152621258,0.0,0.0,0.0,0.0,0.0,1.0,0.0,25.0,7
0.9951184913217624,0.8231576022782524,0.9658276379396566,0.8264255910987482,0.6880217028380635,0.8077965395038567,0.691073219658977,0.4327284105131415,0.7442248817144448,0.527675891963988,0.5412385710246017,0.8367233470787194,0.8158482142857143,0.4230823562650092,0.3496049661399549,0.622444722569879,298.1282909835664,59.96969185812993,4.010013593056286,1.7173144261991742,3.0763018498834223,1.7164305621852995,0.8201595941334019,21.65500038947731,0.4857638089443119,10.5,2.4423470353692043,110.25,1157.625,0.0,0.0,1.0,7.346254631815761,77.13567363406548,2.6758230513904198,28.096142039599407,1.0689144629885896,11.22360186138019,8.481863664790495,8.785595144326553,5.683004995758318,5.5405968656218745,42.105142727091,629.6817645103642,9.79384481079123,0.675902224292274,0.4372106447196856,0.4262547595081204,0.45286694871580796,0.4415187384968568,0.28559854573072097,19.657277485196254,7.852517824744783,2.8602259600294797,1.0,3.7447375143790094,3.7447375143790094,5.790547844730082,1.5520214212183014,4.093292377534328,3.7387768259982535,3.4649037152014257,0.0,0.0,0.0,0.0,1.0,0.0,0.0,25.0,7
0.6990153538050735,0.9559630478571924,0.902817136189365,0.944645340751043,0.9935308848080134,0.688138419845737,0.9926446004680708,0.3855861493533584,0.7311438908989701,0.457402467489163,0.7823546045810161,0.8456192373627394,0.9762834821428572,0.3626924706879503,0.3449492099322799,0.600125156445557,304.6917762515768,62.30612771989195,4.00661174179116,1.7680163947309426,3.2080099803421374,1.7771620794869083,0.8258912273235245,22.117717972851583,0.4882513152045692,8.0,2.1972245773362196,64.0,512.0,0.0,1.0,0.0,7.625641319982072,61.005130559856575,2.7975130605661365,22.38010448452909,1.2397570720701792,9.918056576561433,5.505107358765896,6.764953898901915,6.258836836648129,3.659219739913304,32.05289393432928,498.4490217591356,8.803425790907417,0.5819030857899526,0.5383682613554168,0.31475621121153374,0.6615741040730264,0.38678832572602123,0.35785092658686524,21.33283118784264,9.45394275551835,3.468236601045559,1.0,4.037270132636316,4.037270132636316,6.098421306168817,1.4192823107447072,4.077006277613419,4.122314157039455,3.5486254123931986,0.0,0.0,0.0,0.0,1.0,0.0,0.0,25.0,7
0.0,0.0,0.0,0.0,0.0,0.5766103814884304,0.0,0.7996453900709221,0.0,0.419889963321107,0.0,0.3451327433628319,0.0,0.287611244526063,0.0,0.0,245.80970840627936,83.07119577760052,2.4623669479587926,3.1143193926676087,4.247557973783743,1.0544605700106562,1.872731081760644,17.956905801456223,0.1840424525340475,1.0076,0.6969399787986416,1.0152577600000001,1.0229737189760002,1.0,0.0,0.0,0.632743987888895,0.6375528421968506,1.3762557715593524,1.3867153154232035,0.419889963321107,0.42308112704234746,0.5809926203877425,0.3477557522123894,0.0,0.42308112704234746,2.48108093676328,83.7025368655103,1.7161219685048767,0.19900712281459104,0.0,0.24211291193374654,0.0,0.14491777495153252,0.0,0.8708175652515727,0.26568284986631907,0.5778759854405183,1.0,1.7961457348804595,1.7961457348804595,0.7075012078471701,0.5766103814884304,0.3451327433628319,0.632743987888895,1.3762557715593524,0.0,0.0,1.0,0.0,0.0,0.0,0.0,25.0,7
0.8483811748998664,0.7098006529138015,0.8964827471245208,0.9827538247566064,0.8103088480801336,0.7211799041067334,0.779839518555667,0.3890279516061744,0.8196493181185638,0.4382294098032677,0.5787538882081251,0.8781911689755827,0.7230747767857143,0.3776663370532561,0.3206828442437923,0.568418856904464,303.05001817788286,61.32497928461604,4.043935893288663,1.746293801837746,3.158361380848257,1.7518040689835437,0.8435437359346618,22.01203616436012,0.485105540309013,9.9337,2.3918497627450157,98.67839569,980.241579265753,0.0,1.0,0.0,7.115761231737738,70.68583734771317,2.709696692387139,26.91731403316612,1.0169832980113929,10.102406987455772,7.163984813425057,8.723687615252746,5.749167499293052,4.35323948816272,40.17124598316159,609.1839467195904,9.672487106918542,0.6333338230291908,0.41738567359933476,0.31604224373867096,0.5082565536346572,0.38484919767461134,0.25362697485079305,19.281554673456384,7.236610325314256,2.755716278834435,1.0,3.7266799903985315,3.7266799903985315,5.642376882839578,1.5408292222252973,3.7278666304794292,3.6478735025184768,3.347651766901033,0.0,0.0,0.0,0.0,1.0,0.0,0.0,25.0,7
0.9825600801068092,0.8008612905466416,0.741623603933989,0.9502086230876216,0.8011268781302171,0.9697727746508236,0.936977599465062,0.3781810596579057,0.7595324241580852,0.4510670223407802,0.5634838344801584,0.7340962794792197,0.7317243303571429,0.3480717615482412,0.3944695259593679,0.5730079265748853,304.71780960899014,63.39903940572566,4.002498403042296,1.811420033064848,3.2800003972320977,1.7525140989889554,0.9128503136839972,22.13502553475614,0.4710518898489456,0.0,0.0,0.0,0.0,1.0,0.0,0.0,7.057750299724136,0.0,3.0444638579318766,0.0,1.0145508568209385,0.0,0.0,0.0,0.0,0.0,0.0,0.0,0.0,0.7119065858114093,0.5464512816347086,0.43743251780890346,0.41365138643856875,0.33112662289613687,0.2541689753561301,21.487065705818,7.160446613813357,3.088763415625165,1.0,4.0590147147528155,4.0590147147528155,5.639003094174458,1.7293051988089088,3.8222499070646987,3.718347423383919,3.695124627025914,0.0,0.0,0.0,0.0,1.0,0.0,0.0,25.0,7
0.9977052736982644,0.7168854622490797,0.943657276212702,0.6848400556328234,0.827212020033389,0.7453616843860746,0.8520561685055166,0.4048811013767209,0.9337600890620652,0.4979159719906635,0.6600056555754548,0.945929666867442,0.6994280133928571,0.2859160898431982,0.4026523702031603,0.5148101793909053,297.70418985531217,62.27063822642139,3.9078331999295473,1.8224566722111888,3.210071660228682,1.7279564453126484,0.8967950545950121,21.62683794120253,0.4676530526927372,0.0,0.0,0.0,0.0,1.0,0.0,0.0,7.019036407523822,0.0,2.9360590433303773,0.0,1.1579216275661182,0.0,0.0,0.0,0.0,0.0,0.0,0.0,0.0,0.705059729807075,0.4919429271440564,0.37112748756569053,0.6243189299091175,0.4709934895131069,0.3286273575151876,20.60830531977548,8.127494060945823,3.3997262660833303,1.0,4.093980670896496,4.093980670896496,5.6141378052355755,1.6791217734481398,3.8747585955985486,3.7007924882030796,3.635165735069904,0.0,0.0,0.0,0.0,1.0,0.0,0.0,25.0,7
0.8591455273698264,0.8949781204417586,0.6871145190865144,0.7187760778859527,0.7783806343906511,0.7669376693766938,0.6845536609829488,0.3379224030037547,0.8115780684664625,0.5768589529843281,0.5922330097087379,0.8674419682157255,0.7005440848214285,0.3591608984319819,0.3419864559819413,0.6887776387150606,298.1496030920316,61.463471973576674,3.9391614442412033,1.779154599052088,3.145961310579465,1.7645530975210135,0.8411531576339057,21.64928642432772,0.4777547241142037,50.0321,3.9324548464925235,2503.21103041,125240.90459457616,0.0,0.0,1.0,6.896305925340841,345.0366676872455,2.60099180182986,130.13308192833173,1.169091962693066,58.49212598665575,38.371502168021685,43.399943297966,29.630661165048547,28.861464821607203,197.08451929442032,3075.1465761291856,15.490574512522809,0.6652739214229006,0.45420580419396434,0.4424148609608804,0.5137277675840705,0.5003916655595883,0.34163491390334,17.937235174722215,8.062415829588545,3.040798610549845,1.0,3.770083764522926,3.770083764522926,5.466647740299751,1.5785157378431562,4.0108873395638,3.6424647071490863,3.334619243849664,0.0,0.0,0.0,0.0,1.0,0.0,0.0,25.0,7
0.0,0.0,0.0,0.0,0.0,0.0,0.0,0.5646641635377555,0.0,0.6913971323774591,0.0,0.3331325580317843,0.2561383928571428,0.0,0.0,0.0,226.04841319895607,69.33023890822936,2.6203534353465745,2.6540002339974085,3.265992101061646,1.2358701205564062,1.292661322708628,16.47607197298805,0.1915519737805947,9.9997,2.3978679996991903,99.99400009000001,999.9100026999732,0.0,1.0,0.0,0.5892709508889271,5.892532727604005,0.5646641635377555,5.646472236128494,0.6913971323774591,6.913763904634878,0.0,3.331225640550434,0.0,6.913763904634878,26.202748247435142,693.2815900106212,6.283261650519393,0.0,0.0,0.0,0.0,0.23032689532474318,0.0,0.33274018858079385,0.40742024563794277,0.3904071834263208,1.0,1.2560612959152146,1.2560612959152146,0.6913971323774591,0.0,0.5892709508889271,0.5892709508889271,0.5646641635377555,0.0,1.0,0.0,0.0,0.0,0.0,0.0,25.0,7
0.0,0.0,0.0,0.0,0.0,0.0,0.0,0.3595118898623279,0.0,0.4223074358119373,0.5572627014798756,0.2036324885326414,0.0,0.1942364740782596,0.0,0.0,260.70895984866047,98.95105799911516,1.405816476125419,3.689256636131988,4.7448702910298906,2.0937896793681547,1.1848957276320142,18.734383723563973,0.2831447332637506,10.0,2.3978952727983707,100.0,1000.0,0.0,1.0,0.0,0.397868962610901,3.97868962610901,0.3595118898623279,3.595118898623279,0.9795701372918129,9.795701372918128,0.0,2.036324885326414,5.572627014798756,4.223074358119373,14.05816476125419,989.5105799911516,3.371000682523206,0.0,0.0,0.0,0.11347679066876953,0.08599551408022352,0.23533618253559932,0.14303862266580888,0.3897405543289114,0.3521671113104797,1.0,1.3390820271541406,1.3390820271541406,1.1738066113700725,0.0,0.2036324885326414,0.397868962610901,0.9167745913422034,0.0,0.0,0.0,0.0,0.0,1.0,0.0,25.0,7
0.0,0.0,0.0,0.0,0.0,0.6794871794871795,0.0,0.727680433875678,0.0,0.3929643214404801,0.0,0.2907380808970023,0.0,0.3222912840796723,0.0,0.0,245.1541922416044,83.56524601315061,2.421533748429082,3.1225612031551617,4.288805343976694,1.0292864954229335,1.9122083393056712,17.914221245438057,0.1818343594972489,51.2449,3.9559422784254807,2626.03977601,134571.14571765487,0.0,0.0,1.0,0.6130293649766746,31.414628505293194,1.4071676133628577,72.1101636300183,0.3929643214404801,20.13741735578526,34.82025256410257,14.898843881758795,0.0,20.13741735578526,124.09125478487347,4282.292675419302,9.579447734044738,0.19755279855821953,0.0,0.2670142184146852,0.0,0.11424969267659793,0.0,0.8626350684355754,0.24089866843114735,0.5529666663381553,1.0,1.8001319348033378,1.8001319348033378,0.7152556055201524,0.6794871794871795,0.2907380808970023,0.6130293649766746,1.4071676133628577,0.0,0.0,1.0,0.0,0.0,0.0,0.0,25.0,7
0.0,0.0,0.0,0.0,0.0,0.6427975818219721,0.0,0.5630997079682938,0.0,0.6532177392464155,0.0,0.0,0.0,0.0,0.0,0.0,253.81265487884204,105.53251479659843,1.811372882601773,3.951526382246064,5.248807369119817,1.3513595065631234,2.2972809868737527,18.4920098363042,0.0,10.1306,2.4096980721902455,102.62905635999999,1039.6939183606157,0.0,0.0,1.0,0.0,0.0,1.2058972897902658,12.216463083949266,0.6532177392464155,6.617487629209736,6.51192518240567,0.0,0.0,6.617487629209736,18.35029412448552,1069.10769439842,4.36486174322318,0.0,0.0,0.4198867831908114,0.0,0.0,0.0,0.0,0.0,0.7877135014001769,1.0,1.8591150290366811,1.8591150290366811,0.6532177392464155,0.6427975818219721,0.0,0.0,1.2058972897902658,1.0,0.0,0.0,0.0,0.0,0.0,0.0,25.0,7
0.760555740987984,0.9031742724178649,0.9828304717452908,0.6981919332406119,0.7767111853088481,0.6935584740462789,0.9197592778335004,0.382665832290363,0.9649318118563874,0.5526008669556518,0.7121312093505514,0.915952369920771,0.6979631696428571,0.3919338889673683,0.2978273137697517,0.6483103879849813,298.31881479834385,63.23840912603807,3.863967404856699,1.8493331559324435,3.2554520804046296,1.7648364793212272,0.8980785969902251,21.662212744757355,0.4675880741963932,49.7151,3.926223696629229,2471.59116801,122875.40207673395,0.0,0.0,1.0,7.073450733986329,351.65731058520373,2.9609153960265298,147.20220500499852,1.264732076306203,62.876281646770515,34.48032889305816,45.536663665848124,35.4036742859836,27.472607360786924,192.09752592919128,3143.9038335418954,15.170800387951319,0.6352665279813227,0.4939046348778996,0.38326101404241264,0.6522782688991823,0.506156073708302,0.3935243236732915,20.94388918129528,8.946020033444166,3.7447646765836367,1.0,4.225647472332733,4.225647472332733,5.778129568974172,1.6584902859026665,3.9259559409544584,3.8717464081192303,3.3256224419840255,0.0,0.0,0.0,0.0,1.0,0.0,0.0,25.0,7
0.6945093457943926,0.8840730707786344,0.9573262210368396,0.8792767732962448,0.8109348914858098,0.7818428184281844,0.7011033099297893,0.4918648310387986,0.8032284998608406,0.5620206735578526,0.7849938731265905,0.8212018718435806,0.8445172991071428,0.3128266704336771,0.3086907449209932,0.5356695869837297,304.1246113988169,64.51961272046593,3.921236529945989,1.8778900585833425,3.299812939512239,1.7658829581442652,0.8663919094174127,22.073784504693567,0.4726693687204076,0.0,0.0,0.0,0.0,1.0,0.0,0.0,7.0490264756810435,0.0,2.778039459257613,0.0,1.3470145466844432,0.0,0.0,0.0,0.0,0.0,0.0,0.0,0.0,0.6420507859806858,0.6137418222141501,0.439411827429378,0.6446384379972984,0.4615324291404985,0.4411827853133939,19.582473698793564,9.495141202706138,3.7420595628833895,1.0,4.125054005942056,4.125054005942056,5.885961519510041,1.585071318289025,3.77997117450748,3.524009483218913,3.5641457598737762,0.0,0.0,0.0,0.0,1.0,0.0,0.0,25.0,7
0.0,0.0,0.0,0.0,0.0,0.7629768605378362,0.0,0.5727993324989571,0.0,0.5617705901967323,0.0,0.0,0.0,0.0,0.0,0.0,259.6634192907404,107.35746898170676,1.871783298584207,4.005812105609029,5.413710139891542,1.2960509828587434,2.407898034282513,18.933455225597825,0.0,4.9413,1.781927964648099,24.41644569,120.648983087997,0.0,1.0,0.0,0.0,0.0,1.3357761930367933,6.600470902652707,0.5617705901967323,2.775877017339113,3.77009756097561,0.0,0.0,2.775877017339113,9.24904281329414,530.4854614793076,3.335383003508461,0.0,0.0,0.4286179612507901,0.0,0.0,0.0,0.0,0.0,0.7503997803330236,1.0,1.8975467832335255,1.8975467832335255,0.5617705901967323,0.7629768605378362,0.0,0.0,1.3357761930367933,1.0,0.0,0.0,0.0,0.0,0.0,0.0,25.0,7
0.8229305740987984,0.6826422171285684,0.6946157692948824,0.7977746870653685,0.7537562604340569,0.8494892641234105,0.97592778335005,0.4797663746349603,0.9738380183690508,0.570273424474825,0.7824488641719295,0.9277208914423388,0.9244559151785714,0.327235485238028,0.3462189616252822,0.5519399249061326,296.2792066360098,65.12698130621277,3.7722501290798833,1.9515302556947176,3.3613192926058053,1.726014933834497,0.9763330432819058,21.52236073684451,0.4439134379070507,2.4465,1.2373592233435695,5.98536225,14.643188744624998,1.0,0.0,0.0,6.829290686412028,16.707859664307026,3.2790214404774716,8.022125954128134,1.3527222886467545,3.3094350791742846,2.0782754846779237,2.269669160913682,1.9142611461966255,1.3951739329776593,9.228809940793933,159.33315976564953,4.667628489975964,0.7880889373832668,0.6646819098396107,0.4844411517062564,0.7258941577776279,0.5290545697196599,0.44620979324776344,22.393390583998148,9.238133727157244,4.435605387484463,1.0,4.631743729124226,4.631743729124226,5.431677281906458,1.8233272824924613,3.9096895227544093,4.053498961740403,3.688391337463156,0.0,0.0,0.0,0.0,1.0,0.0,0.0,25.0,7
0.0,0.0,0.0,0.0,0.0,0.5792161767771524,0.0,0.7996453900709221,0.0,0.3550350116705568,0.0,0.2950006949914284,0.0,0.3045627913547111,0.0,0.0,247.11279716995887,84.4313719523121,2.437872047180626,3.1627696584996365,4.344586812870335,1.0216297767747615,1.9248753299213115,18.053563897218776,0.1833178892307148,0.0,0.0,0.0,0.0,1.0,0.0,0.0,0.5995634863461394,0.0,1.3788615668480744,0.0,0.3550350116705568,0.0,0.0,0.0,0.0,0.0,0.0,0.0,0.0,0.17086917469953802,0.0,0.2056420220818516,0.0,0.10473557518910415,0.0,0.8267150482081319,0.21286602937214133,0.4895441324779883,1.0,1.733896578518631,1.733896578518631,0.6595978030252678,0.5792161767771524,0.2950006949914284,0.5995634863461394,1.3788615668480744,0.0,0.0,1.0,0.0,0.0,0.0,0.0,25.0,7
0.6791972630173565,0.8842814475237897,0.9411568594765796,0.7237830319888734,0.7168196994991654,0.8451115280383574,0.6912403878301571,0.3425114726741761,0.6682438074032842,0.4874124708236079,0.7323027618060137,0.9651114302923596,0.7178431919642857,0.406695860997316,0.3038939051918736,0.5246141009595329,300.4933269801681,62.19928880367091,3.933344076143993,1.8013707808486852,3.185662220679182,1.7448034288041658,0.8335704690100827,21.816026375965144,0.483236232040069,0.013,0.012916225266546327,0.000169,2.197e-06,1.0,0.0,0.0,6.863396790911133,0.08922415828184473,2.5471071959459746,0.03311239354729767,1.2197152326296217,0.015856298024185082,0.010986449864498647,0.012546448593800674,0.009519935903478178,0.006336362120706903,0.051133472989871906,0.8085907544477218,0.05080395813831136,0.8156267955816606,0.6188775060165895,0.4119178980026906,0.706753765853647,0.4704073468589052,0.35693349852282114,17.481807354762257,8.371389613455571,3.106745446035828,1.0,3.7668224285755962,3.7668224285755962,5.571649395132702,1.5133553354416416,3.7710474337573245,3.6093988772355248,3.315942725035069,0.0,0.0,0.0,0.0,1.0,0.0,0.0,25.0,7
0.0,0.0,0.0,0.0,0.0,0.0,0.0,0.0,0.0,0.3594531510503501,0.831558111037798,0.3816429597368299,0.0,0.687950275462636,0.8148984198645598,0.8842302878598248,228.6235978928061,52.402126140481386,2.555906491957605,1.8585564319977064,2.4843598671391525,2.354165396480891,0.3007806840573591,16.44467936344631,0.5545263730094065,92.7032,4.540132340208718,8593.883290239999,796680.4814317767,0.0,0.0,1.0,2.7687219429238508,256.6693840192583,0.0,0.0,1.1910112620881481,110.41055523161,0.0,35.37952362507529,77.08809787915919,33.32245735245081,236.94071070524424,4857.844780026274,11.604153722686137,0.0,0.0,0.0,0.31735829868963267,0.13718276445358538,0.29890618329401336,0.0,3.297579015612885,0.0,1.0,1.1910112620881481,1.1910112620881481,1.8789615375507842,0.0,1.2658732475966548,2.7687219429238508,0.831558111037798,0.0,0.0,0.0,1.0,0.0,0.0,0.0,25.0,7
0.8134596128170895,0.9188719872195596,0.9993332222037008,0.7210013908205841,0.7353923205342238,0.8626224723785699,0.7764961551320627,0.4501460158531498,0.987475647091567,0.5176725575191731,0.7031765482137807,0.8979752583051477,0.8811383928571428,0.3895324198333098,0.3834650112866817,0.707968293700459,296.648812190945,62.48341069722254,3.877585653941973,1.8361021142519465,3.2142713592918555,1.7298177810510795,0.8897763165307246,21.544238272219303,0.4685255246953855,9.8246,2.3818213217046753,96.52276516,948.2975585909361,0.0,1.0,0.0,7.448137909577898,73.17497570643903,3.076740290455349,30.227742657607624,1.2208491057329538,11.994354124183978,8.474920742130498,8.822247722744754,6.90842831558111,5.085925808602868,38.09572801571831,613.8745167359326,9.235716187295157,0.7746136374539715,0.6065758925388002,0.4465559814497265,0.6314351425163919,0.4648571485557659,0.364015202101332,22.9159859952662,9.09305250628389,3.7562356321749615,1.0,4.297589396188303,4.297589396188303,5.798440059161422,1.850098119470137,4.219413544899399,4.036575531114804,3.5647969697968134,0.0,0.0,0.0,0.0,1.0,0.0,0.0,25.0,7
0.0,0.0,0.0,0.0,0.0,0.7208672086720868,0.0,0.7268460575719651,0.0,0.3684561520506835,0.0,0.3730713987860816,0.0,0.2363328153694024,0.0,0.0,250.34810161497575,84.20260620970251,2.522141748572552,3.1427895969497737,4.336497548649124,1.0544709651002495,1.9424666758202551,18.29998609368332,0.1753043266369282,49.6202,3.92435070611668,2462.1642480399996,122173.08242059438,0.0,0.0,1.0,0.609404214155484,30.238758987237944,1.447713266244052,71.8358218136831,0.3684561520506835,18.282867955985324,35.76957506775068,18.511877422045124,0.0,18.282867955985324,125.14917799251974,4178.15016064668,9.897768751937052,0.2689349378783136,0.0,0.26560795784683416,0.0,0.13746045203688564,0.0,0.8822425653379254,0.2245387317912003,0.53341885935301,1.0,1.8161694182947354,1.8161694182947354,0.6047889674200859,0.7208672086720868,0.3730713987860816,0.609404214155484,1.447713266244052,0.0,0.0,1.0,0.0,0.0,0.0,0.0,25.0,7
0.0,0.0,0.0,0.0,0.0,0.5548259328747135,0.0,0.8112223612849395,0.0,0.4779926642214071,0.0,0.3791873233563452,0.0,0.2651504449781042,0.0,0.0,245.09005902993204,82.53915799212457,2.469416776129446,3.098159234291336,4.196101665235314,1.0855344955967536,1.839003644248541,17.901085231576744,0.1814774505069584,2.484,1.2481810589902564,6.170256,15.326915904,1.0,0.0,0.0,0.6443377683344493,1.600535016542772,1.366048294159653,3.3932639626925782,0.4779926642214071,1.1873337779259754,1.3781876172607883,0.9419013112171615,0.0,1.1873337779259754,6.134031271905544,205.02726845243743,3.082279246717557,0.21038296041544985,0.0,0.2652027258339119,0.0,0.18124875893008363,0.0,0.8801965092959122,0.30798872654465925,0.652961063580481,1.0,1.8440409583810602,1.8440409583810602,0.7431431091995113,0.5548259328747135,0.3791873233563452,0.6443377683344493,1.366048294159653,0.0,0.0,1.0,0.0,0.0,0.0,0.0,25.0,7
0.8530957943925234,0.7659929151906647,0.7767961326887816,0.9785813630041724,0.895450751252087,0.8660621221596831,0.9336342360414576,0.4594284522319566,0.9660450876704704,0.561353784594865,0.5930813460269583,0.9978686929527868,0.7559291294642857,0.3092950981777086,0.3604683972911964,0.531706299541093,302.6893033829224,63.56160838463759,3.9721189871148512,1.8430501617331083,3.2812210554696324,1.7282472763971248,0.9332306052692954,21.99415390216316,0.4606453253140138,4.8537,1.76707393994593,23.55840369,114.345423990153,0.0,1.0,0.0,7.225184573955299,35.06887836660683,3.2251698981035677,15.654007134425287,1.1544351306218232,5.603281793499144,4.203605722326454,4.843355274984941,2.8786389292110472,2.724642864288096,19.27947392775935,308.50897861651544,7.0190279484950775,0.8642162778553998,0.5136452891534289,0.4861672499685984,0.5918173075746004,0.5601573673177781,0.3329284581648497,23.30244779616288,8.341006897400868,3.7232494325947645,1.0,4.379605028725391,4.379605028725391,5.73364718532776,1.8321072098301534,3.9045928315413536,3.888901853468528,3.6671184660632083,0.0,0.0,0.0,0.0,1.0,0.0,0.0,25.0,7
0.0,0.0,0.0,0.0,0.0,0.0,0.0,0.4642261159783062,0.0,0.5646048682894298,0.4991987934772363,0.2249918917666682,0.0,0.2236191552479163,0.0,0.0,251.9743426674848,94.66940884479288,1.5415525500499674,3.546490519579331,4.52130081124953,1.9301548720652737,1.2427558810541095,18.147071427528655,0.2563483156041088,0.0,0.0,0.0,0.0,1.0,0.0,0.0,0.44861104701458454,0.0,0.4642261159783062,0.0,1.063803661766666,0.0,0.0,0.0,0.0,0.0,0.0,0.0,0.0,0.0,0.0,0.0,0.1123156809120817,0.12703151741710933,0.28185006904145726,0.2082569639405419,0.47723407452309297,0.4938454420654391,1.0,1.528029777744972,1.528029777744972,1.2874228170145823,0.0,0.2249918917666682,0.44861104701458454,0.9634249094555425,0.0,0.0,0.0,0.0,0.0,1.0,0.0,25.0,7
0.9445093457943926,0.8487879419323471,0.9203200533422238,0.8253129346314325,0.8345158597662772,0.8035230352303523,0.697592778335005,0.3708802670004172,0.815196214862232,0.5487662554184728,0.5904420774813838,0.8985312514478989,0.8955775669642857,0.3789377030654047,0.3452313769751693,0.5191906549853984,299.274011612053,60.16484829246197,4.022327496431087,1.7198580982569367,3.08314998401812,1.696774390370989,0.8187707614713142,21.739606286498947,0.4846434217583252,0.0,0.0,0.0,0.0,1.0,0.0,0.0,7.41091468890483,0.0,2.6871922954280065,0.0,1.1392083328998566,0.0,0.0,0.0,0.0,0.0,0.0,0.0,0.0,0.7219905584127426,0.4744338102255563,0.44094632718584603,0.530530658786845,0.4930836302335377,0.3240146879009628,19.914552854099302,8.44257576801033,3.061271855055878,1.0,3.826400628327863,3.826400628327863,5.891592171431934,1.6187192500925844,4.106596761124322,3.735061331773162,3.5438705852728227,0.0,0.0,0.0,0.0,1.0,0.0,0.0,25.0,7
0.7861315086782376,0.7741890671667709,0.9663277212868812,0.8556328233657858,0.9747495826377296,0.8400041692724619,0.7021063189568706,0.3611806424697539,0.7122182020595603,0.5910303434478159,0.603072862663776,0.7321966362414865,0.8866489955357143,0.3508263879078966,0.2979683972911964,0.6105548602419691,298.6131578281439,60.7465650644005,3.980037625971733,1.7443084553081245,3.1072902286578747,1.742318138368653,0.8185390115620084,21.68431392682158,0.4816130626340874,0.0,0.0,0.0,0.0,1.0,0.0,0.0,7.235225980353667,0.0,2.6155093327586467,0.0,1.194103206111592,0.0,0.0,0.0,0.0,0.0,0.0,0.0,0.0,0.6150482271701208,0.5065837190126506,0.49646795266270044,0.4415679214509407,0.43275042938914127,0.35643436114422905,18.923801076232845,8.6396065400822,3.1231880798618907,1.0,3.8096125388702387,3.8096125388702387,5.9019602971548935,1.5522223713320222,3.789721067864179,3.5803015961751337,3.565138765721959,0.0,0.0,0.0,0.0,1.0,0.0,0.0,25.0,7
0.0,0.0,0.0,0.0,0.0,0.4423598082134667,0.0,0.6615561118064247,0.0,0.7612537512504167,0.8091243284004147,0.2416716860492054,0.0,0.0,0.0,0.0,276.43546760841286,112.67614798894198,1.3678905825444418,4.189256093054389,5.501370469289233,2.09350626177359,1.6742741053570214,19.916769376175903,0.1576827266031436,50.5487,3.94252699191026,2555.1710716899997,129160.57595153627,0.0,0.0,1.0,0.2416716860492054,12.216189556595468,1.1039159200198914,55.80151466630948,1.5703780796508315,79.38057043484598,22.360713237440063,12.216189556595468,40.90018293901404,38.480387495831934,69.14509068986422,5695.632801848631,5.392945543661312,0.10690584069135163,0.3579240827320575,0.3367480634049164,0.19554244066795917,0.1839734775759706,0.6159489302227897,0.2667852216477669,0.37951591824392983,1.733565362576818,1.0,2.6742939996707227,2.6742939996707227,1.5703780796508315,0.4423598082134667,0.2416716860492054,0.2416716860492054,1.9130402484203062,0.0,0.0,0.0,0.0,0.0,0.0,1.0,25.0,7
0.7153704939919894,0.7489754810029867,0.7331221870311718,0.7429763560500694,0.8868948247078464,0.7627683969147384,0.712136409227683,0.4173967459324155,0.7414416921792375,0.5872790930310103,0.5288905646149495,1.0,0.9607282366071428,0.4072609125582709,0.343961625282167,0.738840216937839,290.4309895845204,58.25910490319409,3.941697498846823,1.6998374234414428,2.9867936282120398,1.7032779504796154,0.8176790022834599,21.10266738003304,0.4780811938423055,1.005,0.6956440607585325,1.0100249999999997,1.0150751249999996,1.0,0.0,0.0,7.278130334169483,7.31452098584033,2.6337432442540742,2.6469119604753444,1.1161696576459599,1.1217505059341895,0.766582238899312,1.005,0.5315350174380242,0.5902154884961653,3.9614059863410565,58.55040042771006,2.7420184543795547,0.7627683969147384,0.40342100811467596,0.4479579323328053,0.5288905646149495,0.5872790930310103,0.31060637109972655,19.168726598419525,8.123628243392627,2.93970429526643,1.0,3.7499129019000343,3.7499129019000343,5.3507699129882935,1.5042100890939758,4.163914428539957,4.162927400613103,3.3113210261619392,0.0,0.0,0.0,0.0,1.0,0.0,0.0,25.0,7
0.0,0.0,0.0,0.0,0.0,0.3764853033145716,0.0,0.6417396745932415,0.0,0.983411137045682,0.7010085776227731,0.2427836723347079,0.0,0.0,0.0,0.0,265.9051101728336,107.9975165519108,1.4056668907428944,4.030287955571097,5.197679141187353,2.047873683394533,1.6089661880251267,19.1691458312608,0.1425848745821661,2.5568,1.268861264227795,6.53722624,16.714380050432,0.0,1.0,0.0,0.2427836723347079,0.6207492934253812,1.0182249779078132,2.6033976235146965,1.6844197146684552,4.306724326464306,0.9625976235146966,0.6207492934253812,1.7923387312659063,2.5143855951983998,3.5940091062514323,276.12805031992553,1.7835962680711828,0.09140448451875807,0.26391942697242615,0.3702398402135713,0.170193436813387,0.23875616726680138,0.6893796423987876,0.24720839939938571,0.40894960408018843,1.7151182267557727,1.0,2.702644692576268,2.702644692576268,1.6844197146684552,0.3764853033145716,0.2427836723347079,0.2427836723347079,1.7192335555305864,0.0,0.0,0.0,0.0,0.0,0.0,1.0,25.0,7
0.0,0.0,0.0,0.0,0.0,0.0,0.0,0.481956612432207,0.0,0.5222574191397132,0.415779055518899,0.2714636519482926,0.0,0.1779912417008052,0.0,0.0,252.1420390026544,92.23051868492992,1.7181569861645216,3.4615724638308967,4.422001079336729,1.8513761069541277,1.2751926432377632,18.18915097881839,0.2514152489700089,0.0,0.0,0.0,0.0,1.0,0.0,0.0,0.44945489364909774,0.0,0.481956612432207,0.0,0.9380364746586123,0.0,0.0,0.0,0.0,0.0,0.0,0.0,0.0,0.0,0.0,0.0,0.11286890081477222,0.14177390625675668,0.21714369646764772,0.21661775798419702,0.42160508395666113,0.45209288166431455,1.0,1.4199930870908193,1.4199930870908193,1.1160277163594174,0.0,0.2714636519482926,0.44945489364909774,0.8977356679511059,0.0,0.0,0.0,0.0,0.0,1.0,0.0,25.0,7
0.0,0.0,0.0,0.0,0.0,0.7148217636022514,0.0,0.440863579474343,0.0,0.6286262087362454,0.0,0.0,0.0,0.0,0.0,0.0,252.8192243144443,104.37188292088835,1.8267726177607173,3.8947702663970665,5.190155415814982,1.352307425291042,2.2953851494179163,18.428618289359772,0.0,25.0902,3.2615597648915817,629.51813604,15794.735936870808,0.0,0.0,1.0,0.0,0.0,1.1556853430765943,28.996376394860366,0.6286262087362454,15.772357302434145,17.935021013133206,0.0,0.0,15.772357302434145,45.83409033413995,2618.711416861673,5.958128069694024,0.0,0.0,0.44935569517543994,0.0,0.0,0.0,0.0,0.0,0.7264940957102866,1.0,1.7843115518128396,1.7843115518128396,0.6286262087362454,0.7148217636022514,0.0,0.0,1.1556853430765943,1.0,0.0,0.0,0.0,0.0,0.0,0.0,25.0,7
0.0,0.0,0.0,0.0,0.0,0.0,0.0,0.0,0.0,0.4946648882960986,0.9174285983598832,0.4151415465875921,0.0,0.7774403164288741,1.0,0.7993324989570296,231.5116840236196,53.59746724514111,2.5731497030806345,1.8818991788545087,2.525598575893951,2.256622313288306,0.3206382765860474,16.66210740853359,0.5445282566576186,25.1548,3.26403273007187,632.7639630400001,15917.050937478594,0.0,0.0,1.0,2.9919143619734956,75.26100739257089,0.0,0.0,1.4120934866559818,35.520929238133895,0.0,10.442802576101563,23.077732906023193,12.443196332110702,64.72706615105275,1348.2335690580758,8.398844850229905,0.0,0.0,0.0,0.3808627272068088,0.20535594676982089,0.45381971512733793,0.0,4.2248627831752605,0.0,1.0,1.4120934866559818,1.4120934866559818,2.189533803084856,0.0,1.2144740455446217,2.9919143619734956,0.9174285983598832,0.0,0.0,0.0,1.0,0.0,0.0,0.0,25.0,7
0.9470961281708944,0.7059804125859553,0.6867811301883647,0.9463143254520168,0.7197412353923205,0.6805294976026683,0.9047141424272818,0.3841259908218606,0.96966323406624,0.4091363787929309,0.7748138373079462,0.8110086642264747,0.681640625,0.358030795310072,0.4174661399548532,0.7492699207342512,302.11076355005883,64.25486000129872,3.8851140929173233,1.8749647044799087,3.3158337322563103,1.8336774363106192,0.8972517905369136,21.930018991223506,0.4721449004446972,0.0,0.0,0.0,0.0,1.0,0.0,0.0,7.023329377015203,0.0,2.9390328649180506,0.0,1.183950216100877,0.0,0.0,0.0,0.0,0.0,0.0,0.0,0.0,0.5519153188174539,0.5272836714387722,0.2784293743109283,0.6283807352193065,0.33181314805131185,0.3170045276348282,20.6417958601921,8.315272333664788,3.479668595547306,1.0,4.122983081018928,4.122983081018928,5.547894243200501,1.6501927316689082,3.894995750717576,3.9221302876529327,3.50630668929569,0.0,0.0,0.0,0.0,1.0,0.0,0.0,25.0,7
0.0,0.0,0.0,0.0,0.0,0.4524702939337086,0.0,0.7295577805590322,0.0,0.8064354784928309,0.8196814025827127,0.2282815178612797,0.0,0.0,0.0,0.0,276.08717134749384,113.24781637600508,1.357999988242338,4.213856334565899,5.532320321487062,2.0754351257360417,1.7033842741832972,19.89464588131225,0.149877528842426,10.3458,2.4288476313913527,107.03557764000001,1107.3686791479122,0.0,0.0,1.0,0.2282815178612797,2.3617549274892276,1.1820280744927407,12.229026053086997,1.6261168810755438,16.823480028231362,4.681167166979362,2.3617549274892276,8.480259854840229,8.343220173391131,14.04959627835758,1171.6392586628733,3.2983750548718875,0.10329060548632638,0.37088148515859454,0.3648880979922221,0.18711811474424433,0.18409431508753082,0.6610201641034648,0.26983516299984867,0.37121242983177516,1.922115805837866,1.0,2.8081449555682845,2.8081449555682845,1.6261168810755438,0.4524702939337086,0.2282815178612797,0.2282815178612797,2.0017094770754533,0.0,0.0,0.0,0.0,0.0,0.0,1.0,25.0,7
0.0,0.0,0.0,0.0,0.0,0.0,0.0,0.4720483938256153,0.0,0.5134211403801267,0.4809124328400415,0.2511699022378724,0.0,0.1717756745303009,0.0,0.0,256.39923307475794,95.8871471452636,1.596483329810746,3.5917435330508924,4.600526610168298,1.9444538985378064,1.275839524273815,18.47123852779612,0.2521887577067075,100.0,4.61512051684126,10000.0,1000000.0,0.0,0.0,1.0,0.4229455767681733,42.29455767681733,0.4720483938256153,47.20483938256153,0.9943335732201681,99.43335732201682,0.0,25.11699022378724,48.09124328400415,51.34211403801267,159.6483329810746,9588.714714526359,7.3679629702046245,0.0,0.0,0.0,0.12079072874141059,0.12895593763613336,0.24691060969171516,0.19965078018906468,0.42054898662556267,0.4693735661654652,1.0,1.4663819670457836,1.4663819670457836,1.166109247750469,0.0,0.2511699022378724,0.4229455767681733,0.9529608266656568,0.0,0.0,0.0,0.0,0.0,1.0,0.0,25.0,7
0.946553738317757,0.6918802528304508,0.9134855809301552,0.9974965229485396,0.950542570951586,0.7393162393162394,0.900033433634236,0.4483729662077598,0.8480378513776788,0.5871957319106368,0.6295598077104345,0.7123198813881296,0.7087751116071428,0.2971464896171775,0.3316873589164785,0.6602002503128912,302.586605168203,63.324374647670425,3.955127576914594,1.826257394393891,3.255601751517781,1.803716064873988,0.8821954191375738,21.97055821949468,0.4705948613084356,9.8818,2.387091668920385,97.64997124,964.957485799432,0.0,1.0,0.0,7.210087757820308,71.24864520522873,2.935760490535914,29.010598015377795,1.2167555396210714,12.023734891427504,7.305775213675214,7.03900260390122,6.221184107832972,5.802550783594531,39.08377968955463,625.7588053933496,9.441252088370097,0.5266296558980617,0.46544378946113324,0.4341233402587187,0.4484479675550304,0.4182711941062008,0.36967483207004836,21.167090772705535,8.77291422048193,3.5721028398602472,1.0,4.152516030156985,4.152516030156985,6.013860695216738,1.587354090693918,3.7197292344563717,3.6101625254760554,3.714345322503777,0.0,0.0,0.0,0.0,1.0,0.0,0.0,25.0,7
0.0,0.0,0.0,0.0,0.0,0.0,0.0,0.4367959949937421,0.0,0.4404801600533511,0.5279479687058158,0.2653940601399249,0.0,0.2499646842774403,0.0,0.0,255.19569734223603,92.99712600402864,1.6181009632820855,3.4745224368897354,4.479159080992119,1.923865047064477,1.186523191218198,18.377668026739748,0.29372491164007,1.83,1.0402767116551463,3.3489000000000004,6.128487000000001,1.0,0.0,0.0,0.5153587444173652,0.9431065022837783,0.4367959949937421,0.7993366708385481,0.968428128759167,1.7722234756292756,0.0,0.48567113005606255,0.9661447827316431,0.8060786928976326,2.9611247628062167,170.18474058737243,1.6832727492091126,0.0,0.0,0.0,0.14011425495746246,0.11690081808764281,0.23255060575537936,0.22510663554650867,0.4990879044957827,0.4230055280812881,1.0,1.405224123752909,1.405224123752909,1.2183928130366073,0.0,0.2653940601399249,0.5153587444173652,0.964743963699558,0.0,0.0,0.0,0.0,0.0,1.0,0.0,25.0,7
0.9360814419225634,0.8449677016045009,0.758959826637773,0.6776077885952712,0.9401085141903172,0.8667917448405255,0.8075894349715814,0.4319983312473926,0.6885610910102978,0.5646048682894298,0.5850692807993213,0.8915350044016125,0.8848353794642857,0.3093657296228281,0.4183126410835214,0.5273258239466,296.89781978188734,60.774708401161135,3.959699085895118,1.7590745604041391,3.123291143749862,1.6961740694580705,0.8563625254996006,21.56903717527476,0.4738986493380728,4.9422,1.7820794351747486,24.425340839999997,120.71491949944797,0.0,1.0,0.0,7.189099851469274,35.52996928593144,2.7949406020697976,13.813155443549352,1.1496741490887512,5.681919579626426,4.283858161350845,4.406144298753649,2.8915293995664055,2.7903901800600197,19.569624822310853,300.3607638602185,7.056498310453941,0.7727751820516793,0.5071332227566351,0.4893948389300499,0.5216097438326711,0.5033650037355887,0.3303329642258922,20.093107067205427,8.265122254452006,3.2132709584381964,1.0,3.9446147511585488,3.9446147511585488,5.616765151662006,1.5553528358508233,4.084745351339563,3.838964013490429,3.76004931300012,0.0,0.0,0.0,0.0,1.0,0.0,0.0,25.0,7
0.8553070761014686,0.8526776411752448,0.9949991665277548,0.7502086230876217,0.6932387312186978,0.7184698770064624,0.8453694416583083,0.3481435127242386,0.961313665460618,0.585028342780927,0.7447450278065793,0.9508409396284112,0.9578683035714284,0.330908320384235,0.3390237020316027,0.6656236962870254,296.0411657492261,61.69208494728039,3.886663591962784,1.8052209636086385,3.1656658671780216,1.7458779675552614,0.8581907555535352,21.498203388381867,0.4710018656206186,0.9521,0.668905716186911,0.9064944099999999,0.8630733277609999,1.0,0.0,0.0,7.3906962000134895,7.036681852032843,2.873296496849627,2.7356655946505297,1.3297733705875063,1.2660772261363646,0.6840551698978528,0.9052956586202102,0.7090717409746441,0.5570054851617205,3.7004924059077666,58.737034078305655,2.599811493559458,0.6831505729475337,0.5350768685293674,0.4203252414831071,0.7081340620231951,0.5562688991590689,0.4356969494120184,21.23566150077861,9.827950996880213,3.820833167313003,1.0,4.203069867437133,4.203069867437133,5.807112929082528,1.6797835424670804,4.282317656763578,4.089634403561011,3.3599042248574467,0.0,0.0,0.0,0.0,1.0,0.0,0.0,25.0,7
0.97951435246996,0.8252413697298048,0.8796466077679614,0.8394993045897078,0.9520033388981636,0.9980195955805712,0.920929455031762,0.4759073842302879,0.9460061230169776,0.5462654218072691,0.7394664907154302,0.8907473474493816,0.8166155133928572,0.3862127419126995,0.3891083521444695,0.7177722152690864,297.8356328801224,63.458969763053226,3.86195743277798,1.867573395080953,3.2717954997882828,1.753789423469274,0.9191547089081146,21.631077490382687,0.4628024542006821,49.5884,3.923722300999991,2459.00941456,121938.3424529671,0.0,0.0,1.0,7.676361143624092,380.65846693448896,3.340862557859599,165.66802886416494,1.2857319125226994,63.757388370940625,49.4901949134876,44.170735764258914,36.66896012819304,27.088428242747582,191.50828995956758,3146.8287761981887,15.153248504503633,0.8889833074658983,0.7380020480091979,0.5451835953517409,0.6586778151324723,0.4865844754781425,0.40394497446300554,25.64566752534202,9.86974249440674,4.295453605992299,1.0,4.626594470382298,4.626594470382298,6.147849627890997,1.944025718597549,4.22989079831109,4.121385625200256,4.144911161894413,0.0,0.0,0.0,0.0,1.0,0.0,0.0,25.0,7
0.0,0.0,0.0,0.0,0.0,0.5662914321450907,0.0,0.8334376303712975,0.0,0.3905468489496498,0.0,0.3240513367001807,0.0,0.2994066958609973,0.0,0.0,246.75559062115485,84.01143690917738,2.4479882870284597,3.150303473214967,4.310107407679259,1.0377589888538372,1.901507847563776,18.025346196035585,0.1833475277347782,9.5767,2.358653468513582,91.71318289000001,878.3096385826632,0.0,1.0,0.0,0.623458032561178,5.970670540428634,1.3997290625163883,13.404785313000696,0.3905468489496498,3.7401500083361117,5.423203158223891,3.1033424361766206,0.0,3.7401500083361117,23.443649428385452,804.552327848119,5.7739560640802985,0.18350749554847634,0.0,0.2211633344114496,0.0,0.1265572284461776,0.0,0.8726723274351696,0.24348957006911626,0.5466597747490228,1.0,1.790275911466038,1.790275911466038,0.6899535448106471,0.5662914321450907,0.3240513367001807,0.623458032561178,1.3997290625163883,0.0,0.0,1.0,0.0,0.0,0.0,0.0,25.0,7
0.8214285714285714,0.8810168785163575,0.9729954992498748,0.7504867872044506,0.9636894824707848,0.7937252449447572,0.9777666332330324,0.461410095953275,0.8174227664903979,0.5501000333444481,0.7852766518993307,0.9027475327804292,0.87646484375,0.2832320949286622,0.3718961625282167,0.5467250730079266,300.41915694620013,63.548836611831966,3.894230534929239,1.8534725797728293,3.271722411717137,1.7513227056097942,0.8919707448629474,21.81384933773174,0.4676965336778859,0.0,0.0,0.0,0.0,1.0,0.0,0.0,7.370682925865274,0.0,3.0503247406214626,0.0,1.3353766852437787,0.0,0.0,0.0,0.0,0.0,0.0,0.0,0.0,0.7165335065794214,0.6232939028781951,0.43662828371044116,0.7089065600521968,0.49660144788413235,0.4319807123944384,22.482976484043036,9.842638133524886,4.0733325410481775,1.0,4.385701425865242,4.385701425865242,6.00822599904248,1.611148011435155,4.028382899483285,3.958832340228267,3.825530046696719,0.0,0.0,0.0,0.0,1.0,0.0,0.0,25.0,7
0.8238901869158879,0.987636313120789,0.8169694949158193,0.7279554937413073,0.7401919866444074,0.9130706691682302,0.692744901370779,0.4197955778055904,0.8288338435847482,0.5845281760586861,0.6581204637571874,0.8739285548811565,0.9803292410714286,0.3520271224749258,0.367099322799097,0.6328744263662912,297.94296853445906,61.9586606753814,3.926589460586061,1.804358535766334,3.1739030981675977,1.7099607320632435,0.8601743201858625,21.637608973211563,0.4718935509108003,0.0,0.0,0.0,0.0,1.0,0.0,0.0,7.30290214293111,0.0,2.8544449919293475,0.0,1.2426486398158736,0.0,0.0,0.0,0.0,0.0,0.0,0.0,0.0,0.797958530410562,0.6009104922360811,0.5337155328615896,0.5751502658290353,0.5108358641902858,0.38468995430688535,20.845732448439808,9.074941414621772,3.547072186650236,1.0,4.097093631745221,4.097093631745221,5.691319237629011,1.7419045127529784,4.298658722355553,3.8990035689636784,3.5550688842913036,0.0,0.0,0.0,0.0,1.0,0.0,0.0,25.0,7
0.994409212283044,0.699520733486143,0.9431571928654776,0.8659248956884561,0.7495826377295493,0.770377319157807,0.8522233366766967,0.4277221526908636,0.8257723350960201,0.5311770590196732,0.5832783485719671,0.8502988463142289,0.7233537946428571,0.3687667749682158,0.39813769751693,0.698581560283688,297.5649972242102,61.16500709184605,3.950208096417749,1.7708959817944183,3.1493929324986327,1.7644806657227594,0.8635433151131459,21.613680620027694,0.4754301526607182,48.7035,3.906075353158244,2372.03091225,115526.20753476786,0.0,0.0,1.0,7.291733345778589,355.13293500612747,2.8760951436213875,140.07589982736425,1.1144554075916404,54.27787894363946,37.52007176360225,41.412529861465046,28.407697049674802,25.870181893964652,192.38896002388182,2978.949922897724,15.429810485263513,0.6550509457065319,0.449344410495665,0.40920675872570406,0.49596090687081235,0.45165924047301315,0.30982407778430926,20.97171886437593,8.126311657919233,3.205279785556911,1.0,3.990550551213028,3.990550551213028,5.735816854612525,1.5961496542538272,3.9661641470099616,3.8913620104026165,3.525369670433231,0.0,0.0,0.0,0.0,1.0,0.0,0.0,25.0,7
0.6756508678237649,0.9806904216156144,0.7029504917486248,0.7098748261474269,0.7166110183639399,0.7210756722951845,0.6999331327315279,0.4254276178556529,0.7779014750904536,0.509836612204068,0.5863889150721086,0.7395172126210444,0.7615792410714285,0.3392428309083204,0.2823081264108352,0.6330830204422195,302.02110826994914,63.33372143478572,3.942020836865388,1.8303417547469885,3.2501918338897706,1.7554826758192918,0.8740183925414495,21.9271713255188,0.4734281858930774,0.0,0.0,0.0,0.0,1.0,0.0,0.0,6.541508057153219,0.0,2.624337897972819,0.0,1.0962255272761765,0.0,0.0,0.0,0.0,0.0,0.0,0.0,0.0,0.5332478712645805,0.4228307811620646,0.3676307779057476,0.4336446959860041,0.37703295034930867,0.29896253789438276,17.167127504281737,7.170968119134145,2.876866195956106,1.0,3.7205634252489954,3.7205634252489954,5.221245983883868,1.4989771473856381,3.790520763574072,3.4556635641853757,3.1251540914106513,0.0,0.0,0.0,0.0,1.0,0.0,0.0,25.0,7
0.0,0.0,0.0,0.0,0.0,0.6653116531165312,0.0,0.5254484772632458,0.0,0.7565021673891297,0.0,0.0,0.0,0.0,0.0,0.0,249.34458684815127,103.62476834862738,1.780742576475676,3.881344341545248,5.104353826958796,1.388495257293226,2.2230094854135483,18.161877540492668,0.0,0.0,0.0,0.0,0.0,1.0,0.0,0.0,0.0,0.0,1.190760130379777,0.0,0.7565021673891297,0.0,0.0,0.0,0.0,0.0,0.0,0.0,0.0,0.0,0.0,0.5033097075719006,0.0,0.0,0.0,0.0,0.0,0.900812619472864,1.0,1.9472622977689067,1.9472622977689067,0.7565021673891297,0.6653116531165312,0.0,0.0,1.190760130379777,1.0,0.0,0.0,0.0,0.0,0.0,0.0,25.0,7
0.0,0.0,0.0,0.0,0.0,0.0,0.0,0.4185440133500209,0.0,0.6023674558186062,0.0,0.3233100125098457,0.2311662946428571,0.0,0.0,0.0,222.3364626925289,64.63172844712074,2.714731873059846,2.475468257924633,3.0068218962362847,1.2356252643032035,1.1793918448493124,16.211994053937275,0.2118048394173188,0.9796,0.682894804095594,0.95961616,0.940039990336,1.0,0.0,0.0,0.5544763071527028,0.5431649904867877,0.4185440133500209,0.4100057154776805,0.6023674558186062,0.5900791597199067,0.0,0.3167144882546449,0.0,0.5900791597199067,2.6593513428494253,63.31324118679947,1.8538762906252686,0.0,0.0,0.0,0.0,0.1947514296762375,0.0,0.23207273890319113,0.3339984824512696,0.25211729246976083,1.0,1.020911469168627,1.020911469168627,0.6023674558186062,0.0,0.5544763071527028,0.5544763071527028,0.4185440133500209,0.0,1.0,0.0,0.0,0.0,0.0,0.0,25.0,7
0.9511849132176234,0.8714315482392164,0.8716452742123688,0.8069541029207231,0.8587228714524208,0.9216176777152388,0.9929789368104314,0.4848769294952024,0.9922070693014194,0.5102534178059354,0.5484965595249317,0.9772969466709912,0.6756417410714286,0.4131939539482978,0.2838600451467268,0.738840216937839,297.8926420375973,62.687086967743134,3.915195518966185,1.8303993916894985,3.248469532028313,1.734392832582932,0.9440794117337512,21.64693678973802,0.4612667701077264,48.6773,3.9055480883222398,2369.47953529,115339.86618317194,0.0,0.0,1.0,7.4487716138176365,362.58609047728527,3.391680613322292,165.0978547188732,1.058749977330867,51.537090271527816,44.861860183447995,47.57217666218784,26.699331576962958,24.837758694564858,190.5811468353727,3051.438138454923,15.290984374506182,0.9006941424291125,0.5055041254241658,0.47025856996456966,0.5360440128832593,0.4986691072501782,0.2798722441523931,25.26385427565068,7.886386777272229,3.590941772468518,1.0,4.450430590653159,4.450430590653159,5.831882641321517,1.9138247470166583,4.214395366137099,4.081811840585715,3.764898951405417,0.0,0.0,0.0,0.0,1.0,0.0,0.0,25.0,7
0.0,0.0,0.0,0.0,0.0,0.0,0.0,0.0,0.0,0.4662387462487495,1.0,0.4303386924894593,0.0,0.7532137307529312,0.7426636568848759,0.7726324572382145,231.72043286173795,57.40799730392299,2.379165708104778,2.051020769248811,2.709509648383403,2.326750465360043,0.3520307370309006,16.656183034532205,0.5338672714568999,0.0,0.0,0.0,0.0,1.0,0.0,0.0,2.698848537365481,0.0,0.0,0.0,1.4662387462487496,0.0,0.0,0.0,0.0,0.0,0.0,0.0,0.0,0.0,0.0,0.0,0.4303386924894593,0.20064057244861164,0.4662387462487495,0.0,3.9571562957420343,0.0,1.0,1.4662387462487496,1.4662387462487496,2.219452477001681,0.0,1.2029711497276738,2.698848537365481,1.0,0.0,0.0,0.0,1.0,0.0,0.0,0.0,25.0,7
0.9980807743658212,0.842467180662638,0.8798133022170361,0.9546592489568844,0.9793405676126876,0.7418178027934126,0.7646272149782681,0.3755736337088027,0.7556359588087949,0.5166722240746916,0.7900838910359129,0.969374044386786,0.8371233258928571,0.3893205254979516,0.4231094808126411,0.7133917396745932,300.8142277659883,60.45776155950145,4.002703028682366,1.7268140236359033,3.092307568769975,1.7965712698893377,0.7727474387121198,21.83409277868531,0.4968166531767936,2.4826,1.2477791412631454,6.1633027600000005,15.301015431976003,1.0,0.0,0.0,7.9866801900798965,19.827732239892352,2.637654610289278,6.548241335504162,1.3067561151106046,3.244152731373587,1.841636877214926,2.406568002594635,1.9614622678857576,1.2826904634878293,9.937110539006843,150.0924388476183,4.994489347860674,0.7190989236919696,0.5860982960707309,0.38327665402747346,0.7658868168583316,0.5008486434735995,0.40821440118711144,21.066103824270286,10.436643177819631,3.446771291545193,1.0,3.944410725399883,3.944410725399883,6.350437714423624,1.4974537616022074,4.360437064982696,4.096946331243097,3.884896669516637,0.0,0.0,0.0,0.0,1.0,0.0,0.0,25.0,7
0.0,0.0,0.0,0.0,0.0,0.3988951427975818,0.0,0.6176470588235294,0.0,0.7871790596865621,0.6564237911207466,0.2076634388175879,0.0,0.0,0.0,0.0,271.044919818233,110.51025555317408,1.4064883150429797,4.117198002455596,5.371385473731312,2.0332265011126767,1.6842398809414036,19.54384449925716,0.1426374431786642,50.0,3.9318256327243257,2500.0,125000.0,0.0,0.0,1.0,0.2076634388175879,10.383171940879395,1.0165422016211112,50.82711008105556,1.4436028508073087,72.18014254036544,19.94475713987909,10.383171940879395,32.821189556037325,39.358952984328106,70.32441575214898,5525.512777658704,5.530066809213234,0.08283593708097861,0.2618442618948402,0.31400190342093737,0.13631522178581224,0.16346831049970675,0.5167230626503175,0.21109864929184172,0.299783532285519,1.467483220226174,1.0,2.4601450524284196,2.4601450524284196,1.4436028508073087,0.3988951427975818,0.2076634388175879,0.2076634388175879,1.6729659927418576,0.0,0.0,0.0,0.0,0.0,0.0,1.0,25.0,7
0.0,0.0,0.0,0.0,0.0,0.4462163852407755,0.0,0.507717980809345,0.0,0.6940646882294098,0.7450278065793194,0.2171616550062549,0.0,0.0,0.0,0.0,275.9274670967191,112.25076670160584,1.3498318025057718,4.166678492020473,5.468471188067445,2.1221979141213674,1.647733704603182,19.87619805967866,0.1608702934363047,1.0002,0.6932471755602786,1.00040004,1.000600120008,1.0,0.0,0.0,0.2171616550062549,0.21720508733725613,0.9539343660501205,0.9541251529233306,1.4390924948087291,1.4393803133076908,0.4463056285178236,0.21720508733725613,0.7451768121406352,0.6942035011670556,1.3501017688662729,112.27321685494616,0.9357670845685662,0.09690108870979541,0.33244361475568757,0.3097030363049931,0.16179147150244497,0.15072423637729895,0.5170974922957163,0.20715796569878675,0.3125157078797439,1.3727997867228514,1.0,2.39302686085885,2.39302686085885,1.4390924948087291,0.4462163852407755,0.2171616550062549,0.2171616550062549,1.69896217262944,0.0,0.0,0.0,0.0,0.0,0.0,1.0,25.0,7
0.7899699599465955,0.7839133152740154,0.8416402733788966,0.9624478442280944,0.7654424040066778,0.8360433604336045,0.7432296890672015,0.491343345848978,0.7598107431116059,0.4053851283761254,0.5918559713450844,0.9345318074410416,0.8720005580357142,0.4021754485096765,0.4019469525959368,0.6024196912807677,301.50330383436307,61.07827927682277,4.033748831759748,1.7511731065316796,3.148317270873642,1.7181654275168414,0.8483896412881831,21.902178356240817,0.4837970041246009,24.2195,3.2276175048049556,586.58418025,14206.775553564876,0.0,0.0,1.0,7.3564882546974175,178.1704672846441,2.83042713846139,68.55153007996564,0.9972410997212098,24.152680814697842,20.248552168021686,22.633893110318308,14.334455697992272,9.81822511670557,97.69537983080522,1479.2853849450091,13.019398339374304,0.7813091127250986,0.49481725517603947,0.338919544997384,0.553108230645895,0.37884529673105916,0.23992960892390341,20.822003999868038,7.336192437200616,2.8226182722399935,1.0,3.8276682381826,3.8276682381826,5.542830345065166,1.5958541035452103,3.982835331978134,3.9563041469303384,3.47465504158094,0.0,0.0,0.0,0.0,1.0,0.0,0.0,25.0,7
0.0,0.0,0.0,0.0,0.0,0.0,0.0,0.4584897788902795,0.0,0.4398966322107369,0.4952398906588745,0.2682203586155771,0.0,0.1926119508405142,0.0,0.0,258.0964804533956,94.91953629871692,1.6374424142538508,3.550134845403724,4.578715007593255,1.934506892127672,1.2459732698080377,18.59285619333313,0.2745160235492564,10.0,2.3978952727983707,100.0,1000.0,0.0,1.0,0.0,0.46083230945609127,4.608323094560912,0.4584897788902795,4.584897788902794,0.9351365228696114,9.351365228696114,0.0,2.682203586155771,4.952398906588745,4.398966322107369,16.37442414253851,949.1953629871692,3.9264154246188605,0.0,0.0,0.0,0.13283342107326251,0.11798923244534847,0.21785436003725248,0.21128690366802014,0.43094112349074193,0.42875053760271287,1.0,1.3936263017598909,1.3936263017598909,1.1277484737101255,0.0,0.2682203586155771,0.46083230945609127,0.953729669549154,0.0,0.0,0.0,0.0,0.0,1.0,0.0,25.0,7
0.7772863818424566,0.91053691741335,0.7281213535589266,0.7229485396383867,0.682804674457429,1.0,0.8333333333333334,0.3439716312056738,0.8669635402170889,0.4239746582194065,0.5924215288905647,0.8605847194551268,0.8794642857142857,0.3324622121768611,0.3908013544018058,0.6706299541093034,298.6864705969789,62.63956199718408,3.923920444321941,1.8252751356928976,3.240103738958682,1.7180549547317852,0.9212890913428669,21.700393014122117,0.4648174883630418,25.4233,3.2742461966688685,646.3441828900001,16432.20206486734,0.0,0.0,1.0,6.955640392767932,176.83533239745697,3.0442685047560962,77.39535147696566,1.0163961871099711,25.84014518375293,25.4233,21.878903498123528,15.061310255443493,10.778834928309438,99.75900663213001,1592.50437652301,12.847881590852332,0.8605847194551268,0.5924215288905647,0.4239746582194065,0.5098289152394639,0.36486611229983124,0.2511717152331954,21.174836978112737,7.069686374117428,3.0941829007730695,1.0,4.060664691866068,4.060664691866068,5.170556266197382,1.866963540217089,4.0985022585345225,3.9672758591907162,3.3964842163961237,0.0,0.0,0.0,0.0,1.0,0.0,0.0,25.0,7
0.0,0.0,0.0,0.0,0.0,0.0,0.0,0.0,0.0,0.4033844614871624,0.7379583372608163,0.3924848260204791,0.0,0.9865800254273204,0.738431151241535,0.798706716729245,217.75600028821125,47.1836496143749,2.578138804547139,1.6773257798107657,2.2230615739870787,2.113748943039102,0.2812889698064819,15.689366474303233,0.5656198850559808,50.2894,3.9374841031459717,2529.02375236,127183.08709193299,0.0,0.0,1.0,2.9162027194185796,146.65408503792872,0.0,0.0,1.1413427987479787,57.3974445433566,0.0,19.737826409674284,37.111482005844096,20.285962537512503,129.6530535973929,2372.837428917145,10.15138055860812,0.0,0.0,0.0,0.2896374496101735,0.1583222801861536,0.29768092647591615,0.0,3.3283869734976683,0.0,1.0,1.1413427987479787,1.1413427987479787,2.127922824175299,0.0,1.1911915427497242,2.9162027194185796,0.7379583372608163,0.0,0.0,0.0,1.0,0.0,0.0,0.0,25.0,7
0.8773364485981308,0.8071820518163506,0.6967827971328555,0.8122392211404729,0.7854757929883138,0.88878465707734,0.6798729521899031,0.3797455152273676,0.6994155301976064,0.4383127709236412,0.6963898576680178,0.9406940647732012,0.8315429687499999,0.3578895324198333,0.2969808126410835,0.5817688777638715,300.1892116962528,61.842514789440514,3.9579725843971145,1.7932368229880709,3.175089911700514,1.739613221913739,0.8428792726071369,21.798614922908477,0.481046639684537,5.0936,1.8072390400764413,25.944760960000004,132.15223442585602,0.0,1.0,0.0,6.987892568024114,35.593529584487634,2.647818654692217,13.486929099540276,1.134702628591659,5.779721308994475,4.52711352928914,4.791519288328778,3.5471313790178156,2.2325899299766587,20.160329155885144,315.0010333314942,7.153002574074713,0.8360744517741386,0.6189406208396068,0.3895656657979871,0.6550898058765586,0.412318222122165,0.30523656815758893,18.50267229859935,7.929180065253081,3.004486787513289,1.0,3.782521283283876,3.782521283283876,5.471608472687616,1.5882001872749463,4.038524411701554,3.6887492085378923,3.62773227155917,0.0,0.0,0.0,0.0,1.0,0.0,0.0,25.0,7
0.0,0.0,0.0,0.0,0.0,0.0,0.0,0.3506466416353776,0.0,0.5758586195398466,0.4476387972476199,0.2604827873789557,0.0,0.2103404435654753,0.0,0.0,246.10086746109357,89.20927861199752,1.637351557238093,3.342412565155546,4.2077779767632135,1.925997212830333,1.124918232238883,17.730736835956055,0.2710131288363224,0.0,0.0,0.0,0.0,1.0,0.0,0.0,0.470823230944431,0.0,0.3506466416353776,0.0,1.0234974167874666,0.0,0.0,0.0,0.0,0.0,0.0,0.0,0.0,0.0,0.0,0.0,0.11660220164602324,0.15000125835393682,0.2577766598354917,0.16509258473458255,0.481886360635154,0.3588859319190095,1.0,1.3741440584228442,1.3741440584228442,1.2338378603529419,0.0,0.2604827873789557,0.470823230944431,0.7982854388829975,0.0,0.0,0.0,0.0,0.0,1.0,0.0,25.0,7
0.0,0.0,0.0,0.0,0.0,0.5038565770273087,0.0,0.7468710888610763,0.0,0.3492830943647882,0.0,0.3035259231802808,0.0,0.277228422093516,0.0,0.0,246.10350574115685,83.11891115473465,2.4663842532198186,3.117085383602729,4.264139381044745,1.0330410056950452,1.8807463865022027,17.978932574075408,0.188934256051792,25.4738,3.276155564681189,648.91448644,16530.31784467527,0.0,0.0,1.0,0.5807543452737969,14.794020040635647,1.250727665888385,31.860786415307544,0.3492830943647882,8.897567689229742,12.835141671878256,7.731958661909838,0.0,8.897567689229742,62.82817918967102,2117.3545189734796,8.080258495828167,0.15293353269267015,0.0,0.17598858434014863,0.0,0.10601647366833748,0.0,0.7263655267188333,0.2028476747830284,0.4368580293491441,1.0,1.6000107602531732,1.6000107602531732,0.6265115164583042,0.5038565770273087,0.3035259231802808,0.5807543452737969,1.250727665888385,0.0,0.0,1.0,0.0,0.0,0.0,0.0,25.0,7
0.0,0.0,0.0,0.0,0.0,0.5509693558474046,0.0,0.6929495202336254,0.0,0.3426142047349116,0.0,0.3234953435574295,0.0,0.2417714366435937,0.0,0.0,247.6756669768997,83.13819388799905,2.50206305048268,3.112030891013096,4.268196851069567,1.046864380799643,1.8934710921732325,18.09861365608236,0.1846663225243025,2.4279,1.231947828781448,5.894698410000001,14.311738269639003,1.0,0.0,0.0,0.5652667802010232,1.3724112156500643,1.24391887608103,3.020110639237133,0.3426142047349116,0.831833027675892,1.3376984990619136,0.7854143446230831,0.0,0.831833027675892,6.0747588802668995,201.8512209406729,3.082411142516424,0.17823602105947176,0.0,0.18876992768696504,0.0,0.11083409986837571,0.0,0.7031460179135993,0.19366842836163764,0.42618427648324714,1.0,1.5865330808159417,1.5865330808159417,0.5843856413785053,0.5509693558474046,0.3234953435574295,0.5652667802010232,1.24391887608103,0.0,0.0,1.0,0.0,0.0,0.0,0.0,25.0,7
0.8358644859813084,0.84413419462388,0.7716286047674612,0.9260083449235048,0.923205342237062,0.6969981238273922,0.6770310932798395,0.3674384647476012,0.9206790982465906,0.5983661220406802,0.7729286454896785,0.7315479775749433,0.79638671875,0.3369119932193812,0.3284424379232505,0.58552357113058,303.91947690370154,63.96635215365447,3.929702950403152,1.849790798368952,3.2640457943557943,1.7936312771559058,0.8420457958494942,22.05556721943949,0.4774097308537439,50.157,3.9348993354291175,2515.7246489999998,126181.20121989297,0.0,0.0,1.0,7.079653671131371,355.0941891829362,2.6621467801014234,133.52529604954708,1.3712947675303586,68.7800316550202,34.95933489681051,36.69225191122643,38.767782071825806,30.012249583194393,197.10211088337087,3208.360324970847,15.462985527975205,0.5098875678594587,0.5387298157587536,0.4170600644242265,0.5654343874177147,0.4377335264282213,0.4624943162158146,18.8470772248356,9.708292035149544,3.650587949950874,1.0,4.033441547631782,4.033441547631782,6.009047733282956,1.6176772220739828,3.7934569480607117,3.4558437918779945,3.5964350622830423,0.0,0.0,0.0,0.0,1.0,0.0,0.0,25.0,7
0.0,0.0,0.0,0.0,0.0,0.0,0.0,0.3697329995828118,0.0,0.5475158386128709,0.4636629277028937,0.254366862808692,0.0,0.1806046051702217,0.0,0.0,250.7566886120018,92.25891987396882,1.5996059233915008,3.45462195087003,4.372517894549337,1.9680688624442293,1.1676839818254816,18.05902636680971,0.2637472280227487,5.0,1.791759469228055,25.0,125.0,0.0,1.0,0.0,0.4349714679789137,2.1748573398945683,0.3697329995828118,1.848664997914059,1.0111787663157645,5.055893831578823,0.0,1.2718343140434598,2.3183146385144684,2.7375791930643545,7.998029616957504,461.2945993698441,2.8661090602700083,0.0,0.0,0.0,0.11794048432047842,0.13926988620602607,0.25386279669494877,0.16082330558878272,0.439833912373475,0.3738661583843747,1.0,1.3809117658985763,1.3809117658985763,1.1917833714859862,0.0,0.254366862808692,0.4349714679789137,0.8333959272857054,0.0,0.0,0.0,0.0,0.0,1.0,0.0,25.0,7
0.0,0.0,0.0,0.0,0.0,0.5185532624557014,0.0,0.698581560283688,0.0,0.3643714571523841,0.0,0.3383681601260251,0.0,0.2475632151433818,0.0,0.0,246.10910368107017,81.99821660407586,2.510254268768007,3.072861268622332,4.1959706875632685,1.05389231922351,1.8527757491930816,17.982325510685254,0.1898524139620977,25.6071,3.2811780974648035,655.72357041,16791.17903984591,0.0,0.0,1.0,0.5859313752694069,15.004003319661228,1.2171348227393894,31.16729311936982,0.3643714571523841,9.330496340446816,13.278645247029392,8.664627313163138,0.0,9.330496340446816,64.28033208576923,2099.736532402231,8.236591325749112,0.1754619133444835,0.0,0.1889460078521066,0.0,0.123291699559091,0.0,0.7131574805759762,0.21349666899821418,0.4434891889124601,1.0,1.5815062798917736,1.5815062798917736,0.6119346722957659,0.5185532624557014,0.3383681601260251,0.5859313752694069,1.2171348227393894,0.0,0.0,1.0,0.0,0.0,0.0,0.0,25.0,7
0.0,0.0,0.0,0.0,0.0,0.3882634980195956,0.0,0.568418856904464,0.0,0.9079693231077024,0.7676501083985295,0.2720196450910439,0.0,0.0,0.0,0.0,268.9687217033804,108.4209447631477,1.3919178238357817,4.037072745826637,5.224498107639536,2.105566213661604,1.565138915735408,19.377309817164917,0.159721130431475,10.1371,2.410281877449398,102.76079641,1041.6964692878112,0.0,0.0,1.0,0.2720196450910439,2.7574903442524215,0.9566823549240596,9.697984700100685,1.6756194315062318,16.985921739121824,3.9358659057744427,2.7574903442524215,7.781745913846734,9.20417582527509,14.110010172005703,1099.0739591585045,3.3549143056901882,0.10561529893309762,0.2980505163419348,0.35253134548428094,0.2088159100406694,0.24698549302531259,0.6970027493061672,0.2602363946513068,0.455801403065982,1.603035543689896,1.0,2.6323017864302916,2.6323017864302916,1.6756194315062318,0.3882634980195956,0.2720196450910439,0.2720196450910439,1.7243324633225892,0.0,0.0,0.0,0.0,0.0,0.0,1.0,25.0,7
0.878880173564753,0.9757588386469404,0.9778296382730456,0.7983310152990264,0.777754590984975,0.7015843235355431,0.9582079572049482,0.4321026282853567,0.7876426384636794,0.4819106368789596,0.64171929493826,0.799796135847658,0.8654436383928571,0.3006074304280265,0.3093961625282167,0.5809345014601586,303.6568776030064,62.59862677389942,3.999400176531412,1.785163862388201,3.22880929231531,1.752316207217271,0.866376424776252,22.05020539689237,0.4785758227747495,0.1,0.09531017980432487,0.010000000000000002,0.0010000000000000002,1.0,0.0,0.0,7.264732125425658,0.7264732125425658,2.8795375474895275,0.28795375474895274,1.1236299318172196,0.11236299318172197,0.07015843235355432,0.0799796135847658,0.064171929493826,0.04819106368789596,0.39994001765314124,6.259862677389942,0.38118354993465753,0.5611244309350205,0.4502201974389648,0.33810094817930764,0.5132446123905039,0.3854302651996757,0.30925135412121374,20.919068927616582,8.162870462762397,3.2355345781507814,1.0,4.003167479306747,4.003167479306747,5.832791619013986,1.4892269619992224,4.100813287912367,3.814385825861865,3.432041011308888,0.0,0.0,0.0,0.0,1.0,0.0,0.0,25.0,7
0.7326852469959947,0.6861151628811558,0.9833305550925154,0.8019471488178025,0.9463689482470784,0.8692933083176986,0.9826145101972584,0.3912181894034209,0.8538825494016142,0.459403134378126,0.5726270147987558,0.958393179817449,0.9676339285714284,0.3269529594575505,0.3199774266365688,0.6011681268251983,295.1545224723834,60.57430081279542,3.9468716280516913,1.762851928548452,3.1395735781490144,1.693848151710435,0.9012926551964506,21.45324163479629,0.4665725645538474,9.4,2.341805806147327,88.36000000000001,830.5840000000001,0.0,1.0,0.0,7.3245726833427405,68.85098322342176,3.0970085573199917,29.111880438807923,1.0320301491768817,9.70108340226269,8.171357098186366,9.008895890284021,5.382693939108305,4.318389463154385,37.1005933036859,569.398427640277,9.242806894689604,0.8331247779526292,0.49778083212649815,0.39935607053508143,0.5488018255623529,0.440288830774755,0.26306664542813796,22.68426427902472,7.559179839047121,3.1962062034130305,1.0,4.129038706496873,4.129038706496873,5.509430170668979,1.7231758577193128,3.945995645091226,4.156740131505454,3.512192707762948,0.0,0.0,0.0,0.0,1.0,0.0,0.0,25.0,7
0.9105056742323098,0.7628672640133362,0.9079846641106852,0.6898470097357441,0.9557595993322204,0.956639566395664,0.7922099632230023,0.4284522319566124,0.6910659615919844,0.4342280760253417,0.5461400697520973,0.7928462215632673,0.9464285714285714,0.3020906907755333,0.3795146726862302,0.607843137254902,295.611485241476,60.10059359658838,3.9703301186767046,1.7404485467739594,3.1032507807015355,1.6920610969977044,0.8632119825020217,21.479418103161365,0.4758014974794117,0.0,0.0,0.0,0.0,1.0,0.0,0.0,7.2556875051328,0.0,2.868367723167263,0.0,0.9803681457774389,0.0,0.0,0.0,0.0,0.0,0.0,0.0,0.0,0.7584680656147247,0.522459199518944,0.4153997583657063,0.4330050907472496,0.34427608937337933,0.2371493517287991,20.811979849110926,7.113244905747575,2.812056346169344,1.0,3.848735868944702,3.848735868944702,5.5094230479772675,1.6477055279876485,4.020490868492386,3.8209332569315064,3.7974971416689036,0.0,0.0,0.0,0.0,1.0,0.0,0.0,25.0,7
0.0,0.0,0.0,0.0,0.0,0.5662914321450907,0.0,0.8718189403420944,0.0,0.3622040680226742,0.0,0.2650233980447574,0.0,0.3311202147195931,0.0,0.0,247.18664546290165,85.80124776485587,2.387767881265024,3.2176121855434605,4.417808759418257,1.0129707479171657,1.951436278675864,18.054256900925736,0.1790240694354533,98.648,4.601643976211533,9731.427904,959985.8998737918,0.0,0.0,1.0,0.5961436127643505,58.80837511197764,1.438110372487185,141.86671202511582,0.3622040680226742,35.73070690230076,55.86351719824891,26.144028170319224,0.0,35.73070690230076,235.54852595103205,8464.121489507503,10.987657687414572,0.1500804796307241,0.0,0.20511306040933802,0.0,0.09599255289300355,0.0,0.8573203130083963,0.21592564166898154,0.5208894271804617,1.0,1.8003144405098592,1.8003144405098592,0.6933242827422672,0.5662914321450907,0.2650233980447574,0.5961436127643505,1.438110372487185,0.0,0.0,1.0,0.0,0.0,0.0,0.0,25.0,7
0.0,0.0,0.0,0.0,0.0,0.0,0.0,0.0,0.0,0.4614871623874624,0.7695353002167971,0.3707084279293888,0.0,0.7871168244102275,0.9575338600451468,0.924697538589904,224.55881098683517,49.2497044809156,2.6461403915384234,1.7337861369817975,2.3183232982208284,2.2632462704660687,0.2882228190741078,16.169984548749937,0.554160866382643,9.9175,2.390367006377579,98.35680625,975.4536259843751,0.0,1.0,0.0,3.040056650974667,30.14976183604126,0.0,0.0,1.2310224626042594,12.208665272877743,0.0,3.6765008339897136,7.6318663399000854,4.576798932977659,26.243097333082314,488.4339441894804,6.325246686176495,0.0,0.0,0.0,0.2852732213795391,0.17107718047825074,0.35513066205403365,0.0,3.742378024939292,0.0,1.0,1.2310224626042594,1.2310224626042594,2.018139287014487,0.0,1.2954059665192927,3.040056650974667,0.7695353002167971,0.0,0.0,0.0,1.0,0.0,0.0,0.0,25.0,7
0.0,0.0,0.0,0.0,0.0,0.3402126328955597,0.0,0.6721944096787652,0.0,0.7636712237412471,0.7359788858516354,0.2590001389982857,0.0,0.0,0.0,0.0,273.7456263664337,110.6952513501617,1.414039218565983,4.124313706088249,5.386204561972068,2.072373310638522,1.6372347305052188,19.726384905830145,0.1600762311348606,50.7673,3.946758675796753,2577.3187492899997,130843.5141408302,0.0,0.0,1.0,0.2590001389982857,13.148737756567671,1.012407042574325,51.397172052483526,1.4996501095928825,76.13318700873474,17.271676797998747,13.148737756567671,37.36366089169573,38.769526117039014,71.78695322070482,5619.699033869064,5.5808715537921545,0.08811511920892272,0.25038931451112545,0.25981059769558373,0.19061863373537702,0.19779095309797395,0.562045896406038,0.26221356474959356,0.388409586833351,1.5182563323491924,1.0,2.5120571521672073,2.5120571521672073,1.4996501095928825,0.3402126328955597,0.2590001389982857,0.2590001389982857,1.7483859284259604,0.0,0.0,0.0,0.0,0.0,0.0,1.0,25.0,7
0.7675233644859814,0.7441828158644163,0.8734789131521922,0.9301808066759388,0.6869782971619366,0.8358348968105066,0.7024406552992309,0.4436795994993742,0.7127748399666017,0.5024174724908302,0.5421811669337355,0.9698373720057452,0.9635881696428572,0.3973018787964402,0.3177200902934537,0.6297455152273677,297.35194651671264,59.61782570520848,4.020666656610713,1.7157611580637613,3.062878691189743,1.7012873932059625,0.8283938057725213,21.604697296612585,0.4816414888602328,0.0,0.0,0.0,0.0,1.0,0.0,0.0,7.280537223306331,0.0,2.6947299915757132,0.0,1.0445986394245659,0.0,0.0,0.0,0.0,0.0,0.0,0.0,0.0,0.8106239197533949,0.45317393971665887,0.4199380562751686,0.5258275580900222,0.4872632411702756,0.2724012915229763,19.619082010426936,7.605239277745699,2.814911282816562,1.0,3.739328631000279,3.739328631000279,5.444244715561471,1.5486097367771083,4.074877237226367,3.9806336812650946,3.276197324891534,0.0,0.0,0.0,0.0,1.0,0.0,0.0,25.0,7
0.917222963951936,0.938528860179204,0.816136022670445,0.9415855354659248,0.7481218697829717,0.7095059412132584,0.852557673019057,0.4513975803087193,0.6913442805455051,0.4964154718239413,0.7342822132151946,0.7864986331835242,0.8297991071428572,0.3033620567876818,0.3256207674943566,0.5690446391322488,307.3588297289256,63.72190749554676,4.007532192935116,1.8148629776151444,3.2708580345656157,1.7936780971101502,0.8410366154083193,22.30757494075762,0.4837509998095897,0.0,0.0,0.0,0.0,1.0,0.0,0.0,7.17592045579115,0.0,2.70480547508654,0.0,1.2306976850391358,0.0,0.0,0.0,0.0,0.0,0.0,0.0,0.0,0.5580254529998175,0.5209775928034012,0.35220972656926924,0.5775119570647237,0.3904300900806841,0.3645090513251487,19.4094689376094,8.831388692967149,3.3287978366701845,1.0,3.9355031601256756,3.9355031601256756,5.895654993877299,1.4008502217587635,4.04109420358977,3.666882876759726,3.56053056847208,0.0,0.0,0.0,0.0,1.0,0.0,0.0,25.0,7
0.973297730307076,0.770855039244287,0.9941656942823806,0.9894297635605006,0.7153589315525877,0.7850740045861998,0.7101303911735206,0.3648310387984981,0.7787364319510158,0.4142214071357119,0.5428409840701292,0.9046008432562668,0.95703125,0.3085181522813957,0.366676072234763,0.500834376303713,303.4454871169886,59.48355612212475,4.136329938338029,1.6697689822095056,3.060421889583557,1.7017081518375463,0.801092058920432,22.046208476524995,0.4937656868380263,24.5772,3.241701329643429,604.03875984,14845.58140833965,0.0,0.0,1.0,7.480767853022971,183.85632767731616,2.6387718665092343,64.85362391757076,0.9570623912058411,23.5219138011442,19.294920825515952,22.232555844877922,13.341511433688378,10.18040236745582,101.65940816052142,1461.9392555246845,13.408746260954313,0.7101786065672506,0.4261703452174498,0.325194458885364,0.4910544119439005,0.3747050341897624,0.22485635627246348,19.740039750443703,7.15956156946995,2.5254693124080285,1.0,3.595834257715075,3.595834257715075,5.708687702434069,1.5638104365372156,4.1066192391113425,3.747791085249659,3.3814026893144913,0.0,0.0,0.0,0.0,1.0,0.0,0.0,25.0,7
0.0,0.0,0.0,0.0,0.0,0.489159891598916,0.0,0.7099499374217774,0.0,0.9875791930643548,0.6288999905740409,0.2062734559607098,0.0,0.0,0.0,0.0,265.6846011440723,108.55053710723348,1.4533404042747935,4.05131831884245,5.2611747160660185,1.951161475624425,1.725362661220589,19.179871676571736,0.1222122317079591,50.8358,3.948081030243323,2584.2785616399997,131373.8681038187,0.0,0.0,1.0,0.2062734559607098,10.48607615252745,1.1991098290206934,60.957707446130165,1.6164791836383956,82.17501248360475,24.866834417344172,10.48607615252745,31.970634140823826,50.20437834278093,73.88172212363254,5518.2533942759,5.7379056806034745,0.10090070135747459,0.3076326512157571,0.4830841310247047,0.12972537450936525,0.20371137318827354,0.6210885452092917,0.24734452850855426,0.33343674769763876,1.9383360775081466,1.0,2.815589012659089,2.815589012659089,1.6164791836383956,0.489159891598916,0.2062734559607098,0.2062734559607098,1.8280098195947343,0.0,0.0,0.0,0.0,0.0,0.0,1.0,25.0,7
0.0,0.0,0.0,0.0,0.0,0.8418803418803419,0.0,0.4536921151439299,0.0,0.5648549516505501,0.0,0.0,0.0,0.0,0.0,0.0,257.933034996822,105.93172233427492,1.8806367725464777,3.9402487643493695,5.33301738405822,1.303615690145575,2.39276861970885,18.814938933330343,0.0,1.0289,0.7074937742668669,1.0586352099999998,1.0892297675689997,1.0,0.0,0.0,0.0,0.0,1.2955724570242717,1.3330145010322731,0.5648549516505501,0.5811792597532509,0.8662106837606837,0.0,0.0,0.5811792597532509,1.9349871752730707,108.99314910973546,1.3305388082339666,0.0,0.0,0.4755402798083691,0.0,0.0,0.0,0.0,0.0,0.7318105175722294,1.0,1.8604274086748218,1.8604274086748218,0.5648549516505501,0.8418803418803419,0.0,0.0,1.2955724570242717,1.0,0.0,0.0,0.0,0.0,0.0,0.0,25.0,7
0.7317256341789052,0.7404320344516219,0.885480913485581,0.7641168289290681,0.913188647746244,0.8850323118615802,0.8186225342694751,0.3993533583646225,0.960200389646535,0.5952817605868622,0.7582241493071921,0.7256637168141594,0.9452427455357144,0.3388190422376042,0.3014954853273138,0.7484355444305383,294.37654421260936,63.66827017019491,3.7828822837560616,1.8970625807828816,3.270235424946476,1.765022443288057,0.9158928934983204,21.374496889979927,0.455924644979371,100.0,4.61512051684126,10000.0,1000000.0,0.0,0.0,1.0,7.09460059313675,709.4600593136751,3.0632085941422127,306.3208594142213,1.3535059098940543,135.35059098940542,88.50323118615802,72.56637168141594,75.8224149307192,59.52817605868622,378.28822837560614,6366.827017019491,17.45845764055792,0.6422358369261025,0.6710528717706241,0.5268435927812224,0.5502157543645112,0.43197437493913904,0.4513570065190612,21.732241508902934,9.602583831148454,4.1460709354097425,1.0,4.416714504036267,4.416714504036267,5.727269010923078,1.8452327015081151,3.891499675410939,3.878279068614805,3.687524101458544,0.0,0.0,0.0,0.0,1.0,0.0,0.0,25.0,7
0.8506759012016021,0.7385566437452247,0.721120186697783,0.8556328233657858,0.7906928213689484,0.7069001459245362,0.7011033099297893,0.3725490196078432,0.9473977177845812,0.4293097699233077,0.5877085493448959,0.9797989158133716,0.8479352678571429,0.3732871874558554,0.3414221218961625,0.61639549436796,298.1332825986688,60.41051509157048,3.995370269612562,1.74577526102833,3.110253830073708,1.7157996878611546,0.8471875939822993,21.660054368868025,0.4805058416809772,0.0,0.0,0.0,0.0,1.0,0.0,0.0,7.115517363769836,0.0,2.72795019324675,0.0,1.0170183192682036,0.0,0.0,0.0,0.0,0.0,0.0,0.0,0.0,0.6926199965651748,0.4154512592930044,0.3034791390056153,0.5758361994623784,0.4206372471189449,0.2523090221012182,19.41077696754653,7.236611510024918,2.774375320583181,1.0,3.7449685125149537,3.7449685125149537,5.346983883103403,1.6542978637091172,4.033362222985301,3.859942297320282,3.3085264374478256,0.0,0.0,0.0,0.0,1.0,0.0,0.0,25.0,7
0.8354055407209613,0.8352434534972564,0.8609768294715786,0.7994436717663421,0.93050918196995,0.9154680008338544,0.9429956536275492,0.4588026700041719,0.7639855274144169,0.4237245748582861,0.5907248562541239,0.980262243432331,0.9135044642857144,0.3448227150727503,0.3565180586907449,0.7200667501042971,297.1087917734327,60.68295350785338,3.9710523212337225,1.756511152627628,3.1422026096666578,1.725112154357321,0.8788387444500998,21.587523088264284,0.4748831494064899,2.5564,1.2687487972648468,6.53518096,16.706536606144,0.0,1.0,0.0,7.576752909011926,19.36921113659809,3.0812518518799927,7.876912234146014,1.01444943111241,2.593338525695765,2.3403023973316652,2.505942399110411,1.5101290225280422,1.0832095031677225,10.151598154001888,155.12990234747636,5.038267856441063,0.8973987162879052,0.5407897031978287,0.38790628944969,0.5790652728429088,0.4153612023479942,0.2503046385745008,23.345883932130118,7.686232678226445,3.1257741882537182,1.0,4.095701282992403,4.095701282992403,5.620850823611249,1.6794535282482714,4.28448245204056,4.258169885213387,3.7309102497830615,0.0,0.0,0.0,0.0,1.0,0.0,0.0,25.0,7
0.7745327102803738,0.7613391678821977,0.8581430238373062,0.7287899860917941,0.8244991652754592,0.9329789451740672,0.9929789368104314,0.3505423445974134,0.8658502644030059,0.4515671890630209,0.6711282873032332,0.7794097206134458,0.7222377232142857,0.2842209351603333,0.411117381489842,0.5627868168544014,300.378187657122,64.65964612288785,3.863430787407383,1.895303172943008,3.3497725423453346,1.7538146516362287,0.961504654641332,21.81915982204001,0.4559076057556189,9.8591,2.3850034381434617,97.20185280999999,958.3227870390709,0.0,1.0,0.0,6.707076630699439,66.12573920972883,3.142350490984918,30.980747725669403,1.122695476366254,11.068766971042535,9.198332718365645,7.684278376500023,6.616720897351306,4.452046073691229,38.08995047612813,637.4859170901636,9.21429571099591,0.7271728589963471,0.6261485615646488,0.42130267972723584,0.5230839109027934,0.3519558566658082,0.3030595141982005,21.07598554355185,7.530004592928076,3.5279026813860446,1.0,4.265045967351172,4.265045967351172,5.354220464893719,1.798829209577073,3.6003061388447044,3.75275151414274,3.5536814526305465,0.0,0.0,0.0,0.0,1.0,0.0,0.0,25.0,7
0.0,0.0,0.0,0.0,0.0,0.8239524702939338,0.0,0.5296203587818107,0.0,0.7631710570190062,0.0,0.0,0.0,0.0,0.0,0.0,251.9959391910924,104.16042828587727,1.8169046016825896,3.88966511264238,5.168584908246935,1.3605401021977228,2.278919795604555,18.36588439725832,0.0,0.2,0.18232155679395465,0.04000000000000001,0.008000000000000002,1.0,0.0,0.0,0.0,0.0,1.3535728290757445,0.2707145658151489,0.7631710570190062,0.15263421140380126,0.16479049405878676,0.0,0.0,0.15263421140380126,0.3633809203365179,20.832085657175455,0.3312608755248698,0.0,0.0,0.6288166776876428,0.0,0.0,0.0,0.0,0.0,1.0330076067179426,1.0,2.116743886094751,2.116743886094751,0.7631710570190062,0.8239524702939338,0.0,0.0,1.3535728290757445,1.0,0.0,0.0,0.0,0.0,0.0,0.0,25.0,7
0.0,0.0,0.0,0.0,0.0,0.0,0.0,0.0,0.0,0.4186395465155051,0.799132811763597,0.4307556873465228,0.0,0.8990676649244244,0.9016647855530474,0.8277012932832708,224.025171649093,48.688959237481,2.6428999120967176,1.713657862077708,2.2981686742350727,2.1693310111345623,0.284728369867859,16.138802648712534,0.5626702655124076,0.9785,0.682338981843342,0.9574622500000001,0.9368768116250001,1.0,0.0,0.0,3.0591894311072654,2.9934168583384593,0.0,0.0,1.217772358279102,1.1915902525761013,0.0,0.42149444006857256,0.7819514563106796,0.40963879626542177,2.5860775639866382,47.64214661387516,1.8033536351339323,0.0,0.0,0.0,0.3442310036123876,0.18033136560972302,0.33454859792237274,0.0,3.7253963279419993,0.0,1.0,1.217772358279102,1.217772358279102,2.1168400232035265,0.0,1.2584569806297936,3.0591894311072654,0.799132811763597,0.0,0.0,0.0,1.0,0.0,0.0,0.0,25.0,7
0.9254005340453938,0.9344307841911508,0.7037839639939991,0.8706536856745479,0.9881051752921536,0.83552220137586,0.7472417251755266,0.3513767209011265,0.7809629835791818,0.5633544514838279,0.6289942501649542,0.6840105638697124,0.7174944196428571,0.3097895182935443,0.4153498871331828,0.5940759282436379,305.45766309016216,63.11528870361904,4.006907348664495,1.7957535428108082,3.2330878897052813,1.7827685632621697,0.8449952540454903,22.17390401260961,0.481448181468446,50.7773,3.9469518292790418,2578.3341952899996,130920.84893449889,0.0,0.0,1.0,7.143094460380179,362.70705034306246,2.715103631031695,137.86563160398566,1.1923487016487821,60.5442477282307,42.42556147592245,34.732209604781545,31.93862973890093,28.605617989329772,203.45993651534164,3204.823949090275,15.815070289562962,0.5715060120887654,0.525538660550581,0.470695151458658,0.43023871172613726,0.38534039601796566,0.35434671078815944,19.39424170618061,8.517059405588915,3.2373502893025354,1.0,3.907452332680477,3.907452332680477,5.924512363139571,1.616485184955042,3.8554122299927522,3.4679620423584616,3.729398881779488,0.0,0.0,0.0,0.0,1.0,0.0,0.0,25.0,7
0.937917222963952,0.696464541223866,0.7984664110685115,0.91682892906815,0.7917362270450752,0.6685428392745466,0.8595787362086259,0.4996871088861077,0.6807681603117173,0.441730576858953,0.664812894712037,0.9260065792521892,0.9280831473214284,0.3359937844328295,0.3122178329571106,0.7096370463078849,298.1348593892206,60.52645651469719,3.976710365044245,1.7488143541569503,3.117540198483756,1.7686157101255997,0.8266371598809787,21.650425352735887,0.4836592708458129,5.0,1.791759469228055,25.0,125.0,0.0,1.0,0.0,7.353351721640998,36.76675860820499,2.7085768446809975,13.542884223404988,1.10654347157099,5.532717357854951,3.342714196372733,4.630032896260946,3.3240644735601848,2.2086528842947653,19.883551825221225,302.63228257348595,7.125308452945381,0.6190750676801691,0.4444559002171154,0.29531581404766777,0.6156211144750392,0.4090454204282553,0.2936681834844185,19.917118204031954,8.136803341747147,2.9971580247301093,1.0,3.815120316251987,3.815120316251987,5.583950587373375,1.349310999586264,4.19810853706932,4.071517126480069,3.5626962928817183,0.0,0.0,0.0,0.0,1.0,0.0,0.0,25.0,7
0.8942339786381842,0.9190109050496632,0.776129354892482,0.9418636995827538,0.898789649415693,0.7551594746716699,0.7315279170845871,0.3405298289528577,0.7895908711383246,0.5760253417805935,0.6167405033462154,0.8546541259324469,0.7797154017857143,0.3280830625794603,0.3662528216704289,0.5025031289111389,305.88552839266043,61.88891180470918,4.06716053461326,1.7465599939162326,3.16620811660059,1.7512694328064415,0.8168499023306182,22.21050476537196,0.4871976538486025,2.491,1.250188228122899,6.205081000000001,15.456856771000002,1.0,0.0,0.0,7.2612361284579645,18.08773919598879,2.6168080918474397,6.518468956791972,1.192765845126809,2.9711797202108814,1.8811022514071298,2.1289434276977253,1.5363005938354228,1.4348791263754586,10.13129689172163,154.1652793055306,5.084716222259535,0.6454001607651219,0.4657374345156693,0.4349909944966021,0.5270998158144972,0.49230243499443216,0.35525815922993903,19.001261457763775,8.660954447425484,3.121239315207084,1.0,3.8095739369742487,3.8095739369742487,5.950876495285045,1.5447503458099945,3.9501175403171476,3.5627364579637764,3.50545343502462,0.0,0.0,0.0,0.0,1.0,0.0,0.0,25.0,7
0.7036882510013351,0.7468917135514344,0.7581263543923987,0.678442280945758,0.7610601001669449,0.7263914946841777,0.8736208625877633,0.3361493533583646,0.9777344837183412,0.4530676892297432,0.5383165237062871,0.9983783533336422,0.7839704241071429,0.3055516315863822,0.357364559819413,0.6305798915310806,295.1180017419782,61.22214372887639,3.918841568024172,1.7925157921157142,3.1692989087259904,1.7119723164701337,0.915680401569839,21.448900198567507,0.4631295655583745,49.1871,3.915758021563139,2419.37080641,119001.83379196931,0.0,0.0,1.0,6.724053560435532,330.73669488249857,2.9138961943486468,143.32610350104633,0.9913842129360304,48.76331442010582,35.72909108818012,49.107335903257194,26.478228683193517,22.285085736912304,192.75645209056177,3011.3397058066157,15.345235305225723,0.7252135443383525,0.3910285442682005,0.32910451597269974,0.5374435645101735,0.4523329735218694,0.2438938234697958,19.593194080349566,6.666120546752093,2.8887906852116276,1.0,3.9052804072846774,3.9052804072846774,4.945144544580284,1.704125978402519,3.863508633524635,3.949465722965424,3.0656057229171094,0.0,0.0,0.0,0.0,1.0,0.0,0.0,25.0,7
0.0,0.0,0.0,0.0,0.0,0.4065040650406504,0.0,0.70191906549854,0.0,0.8682060686895631,0.6696201338486191,0.2507529073808089,0.0,0.0,0.0,0.0,269.2248743090538,108.80575159474624,1.46809203568329,4.0586612024698,5.286166821593242,1.9931184829806663,1.6786647680971836,19.423107682020916,0.1426852301551076,0.0,0.0,0.0,0.0,1.0,0.0,0.0,0.2507529073808089,0.0,1.1084231305391903,0.0,1.5378262025381821,0.0,0.0,0.0,0.0,0.0,0.0,0.0,0.0,0.10193207617106052,0.27220330644252805,0.35292929621526953,0.16790919540326765,0.21770519592957022,0.5813682639240886,0.27794032259083984,0.38561439133283787,1.7045621336425667,1.0,2.6462493330773724,2.6462493330773724,1.5378262025381821,0.4065040650406504,0.2507529073808089,0.2507529073808089,1.7780432643878092,0.0,0.0,0.0,0.0,0.0,0.0,1.0,25.0,7
0.0,0.0,0.0,0.0,0.0,0.0,0.0,0.3516896120150188,0.0,0.5875291763921306,0.4124799698369309,0.2314321456702034,0.0,0.2135188585958468,0.0,0.0,243.62232194700965,88.96574867093945,1.6221631555315006,3.337275596717345,4.1879361960144665,1.896919511488812,1.1438389524527768,17.556602775511514,0.2618765403047054,100.0,4.61512051684126,10000.0,1000000.0,0.0,0.0,1.0,0.44495100426605017,44.49510042660501,0.3516896120150188,35.16896120150188,1.0000091462290617,100.00091462290617,0.0,23.14321456702034,41.24799698369309,58.75291763921307,162.21631555315005,8896.574867093945,7.486478460757388,0.0,0.0,0.0,0.0954611244653417,0.13597313793627822,0.24234401695654292,0.15648464605602017,0.4449550738898564,0.3516928286487689,1.0,1.3516987582440803,1.3516987582440803,1.2135280048249084,0.0,0.2314321456702034,0.44495100426605017,0.7641695818519497,0.0,0.0,0.0,0.0,0.0,1.0,0.0,25.0,7
0.0,0.0,0.0,0.0,0.0,0.0,0.0,0.0,0.0,0.491997332444148,0.9495711188613442,0.3682064587870083,0.0,0.8779488628337336,0.9700902934537248,0.7736754276178557,230.0088875994862,54.09187085419192,2.50595521793223,1.9027776769562583,2.5502422676006944,2.2254378530527497,0.3253011099897698,16.54980803619766,0.5464522806037696,10.0459,2.4020593183871384,100.92010681,1013.8333010025789,0.0,0.0,1.0,2.9899210426923224,30.0364478027828,0.0,0.0,1.4415684513054923,14.481852504969844,0.0,3.6989652643284066,9.539296502969178,4.942556002000666,25.17457552382539,543.4015254141266,6.0194530826949855,0.0,0.0,0.0,0.34963821904235287,0.1811565955119142,0.4671864574457863,0.0,4.310175847039674,0.0,1.0,1.4415684513054923,1.4415684513054923,2.319517314139226,0.0,1.1418818864048639,2.9899210426923224,0.9495711188613442,0.0,0.0,0.0,1.0,0.0,0.0,0.0,25.0,7
0.0,0.0,0.0,0.0,0.0,0.0,0.0,0.4279307467667918,0.0,0.5045848616205402,0.4363276463380148,0.2480192744289487,0.0,0.1750953524509111,0.0,0.0,253.00767687238897,93.38081167353744,1.64000879758185,3.4997330356369054,4.464329806550536,1.9143476333918945,1.241493882806038,18.23394230475322,0.2568649666126831,2.5,1.252762968495368,6.25,15.625,1.0,0.0,0.0,0.4231146268798598,1.0577865671996496,0.4279307467667918,1.0698268669169795,0.940912507958555,2.3522812698963875,0.0,0.6200481860723718,1.0908191158450369,1.2614621540513504,4.100021993954625,233.4520291838436,2.0545422896171575,0.0,0.0,0.0,0.10821766625804537,0.12514677126695786,0.2201643250486832,0.1810637582486509,0.3981138447314771,0.4026453921729194,1.0,1.3688432547253468,1.3688432547253468,1.116007860409466,0.0,0.2480192744289487,0.4231146268798598,0.8642583931048067,0.0,0.0,0.0,0.0,0.0,1.0,0.0,25.0,7
0.7751585447263017,0.7958602486629159,0.9401566927821304,0.7532684283727399,0.91652754590985,0.9463206170523244,0.7713139418254764,0.4608886107634543,0.7150013915947676,0.4615705235078359,0.645489678574795,0.7287216790992912,0.9955357142857144,0.3972312473513208,0.3503103837471783,0.7161034626616605,295.028882678788,61.0699930711794,3.9044765920535314,1.7835177377144948,3.144961761857493,1.722584632491666,0.8608707005894592,21.427241509236957,0.4750974727272495,0.0,0.0,0.0,0.0,1.0,0.0,0.0,7.368873947599102,0.0,2.8935245612360228,0.0,1.1070602020826308,0.0,0.0,0.0,0.0,0.0,0.0,0.0,0.0,0.6896043490246472,0.6108401909298066,0.43679370261909967,0.4703823224122864,0.336356446913369,0.29793900885867286,21.322017756030252,8.157787081550495,3.2033058854930068,1.0,4.0005847633186535,4.0005847633186535,5.685262909887889,1.6613220086470921,4.0113796494358835,3.9592164289706417,3.7443849970267253,0.0,0.0,0.0,0.0,1.0,0.0,0.0,25.0,7
0.0,0.0,0.0,0.0,0.0,0.4232853867000208,0.0,0.6578014184397164,0.0,0.9473157719239746,0.8350457159015929,0.1882036788212945,0.0,0.0,0.0,0.0,271.9405456340601,112.95048015190702,1.2652325496147816,4.205712305609419,5.461512468115842,2.131339009673342,1.6468529012181272,19.579996458084334,0.1425198543235209,9.793,2.378897775843209,95.90284899999999,939.1766002569998,0.0,1.0,0.0,0.1882036788212945,1.8430786266969368,1.081086805139737,10.587083082733445,1.7823614878255676,17.454666050275783,4.145233791953303,1.8430786266969368,8.1776026958243,9.277063354451483,12.390422358377556,1106.1240521276254,3.0098588982030368,0.07966386696823816,0.3534626487676015,0.40098492284586834,0.15715867571664133,0.1782883132815264,0.7910519769511255,0.20346451385245845,0.3354469889981677,1.9268874864774512,1.0,2.8634482929653045,2.8634482929653045,1.7823614878255676,0.4232853867000208,0.1882036788212945,0.1882036788212945,1.91613252104133,0.0,0.0,0.0,0.0,0.0,0.0,1.0,25.0,7
0.0,0.0,0.0,0.0,0.0,0.0,0.0,0.5330621610346267,0.0,0.6509669889963321,0.0,0.2904137515637307,0.3332170758928571,0.0,0.0,0.0,223.51894418861824,66.73945323807142,2.676242677225683,2.554801140522538,3.1445825902125693,1.1757796914578555,1.2447880133008664,16.296645679929938,0.2032126419378249,24.5226,3.239564334164828,601.35791076,14746.859502403177,0.0,0.0,1.0,0.6236308274565878,15.293049329386921,0.5330621610346267,13.072070150187736,0.6509669889963321,15.963403084361454,0.0,7.121700264096743,0.0,15.963403084361454,65.62842867653453,1636.6249159759302,8.669860326710117,0.0,0.0,0.0,0.0,0.18904976541857063,0.0,0.3324339965718211,0.4059630819947061,0.3470058699165888,1.0,1.1840291500309588,1.1840291500309588,0.6509669889963321,0.0,0.6236308274565878,0.6236308274565878,0.5330621610346267,0.0,1.0,0.0,0.0,0.0,0.0,0.0,25.0,7
0.9821428571428572,0.9837466138778912,0.8038006334389065,0.890403337969402,0.8203255425709516,0.8847196164269335,0.7102975593447007,0.3830830204422195,0.9730030615084888,0.417889296432144,0.6352153831652371,0.7225594217671316,0.8206612723214286,0.3393840937985591,0.4081546275395034,0.6927409261576972,304.82862331703404,62.910246844134015,4.013478088572441,1.7977007853335878,3.2381982595245207,1.7609071019557685,0.8638214614120009,22.133192401518627,0.482000123741974,9.9416,2.3925720385852043,98.83541055999999,982.5821176232957,0.0,1.0,0.0,7.463919326584328,74.20330037717075,2.951103257722343,29.33868814697244,1.053104679597381,10.469545482685323,8.795528538670002,7.183396747440115,6.31505725327552,4.154488229409803,39.90039376535178,625.4285100256427,9.602535452192814,0.6392624944714835,0.5619875101424362,0.36971485804836757,0.45898085995746063,0.3019498483926834,0.2654497095537957,22.026796640059768,7.860288370963289,3.1078206506824753,1.0,4.004207937319724,4.004207937319724,5.872907758395948,1.8577226779354223,4.201851091267006,3.6937979009290207,3.705486419748199,0.0,0.0,0.0,0.0,1.0,0.0,0.0,25.0,7
0.7673981975967957,0.680002778356602,0.9096516086014336,0.6820584144645341,0.6694490818030051,0.7336877214925995,0.7664660648612504,0.4959324155193992,0.904536598942388,0.5222574191397132,0.6090112168913188,0.901959875828198,0.7380719866071428,0.2957338607147902,0.3899548532731376,0.7229870671672926,293.596008016216,62.30386247121316,3.840076289012997,1.854275383678529,3.2082614730178083,1.752545631125488,0.9113904884993794,21.32667249577157,0.4596527291455552,49.6054,3.924058289966902,2460.69570916,122063.79493116548,0.0,0.0,1.0,6.757267724412932,335.1969683765933,2.900622800815637,143.88655428358,1.131268636031032,56.11703319777376,36.394872899729,44.742080424408094,30.210245018380625,25.906788179393132,190.48852034700533,3090.6080194295173,15.068683196006788,0.6617568861741386,0.446824052084427,0.38317385588122177,0.5493036815652736,0.4710552369176109,0.3180606263607963,19.600284832647745,7.644285041893133,3.2813835995192178,1.0,4.031891436846669,4.031891436846669,5.135562577568193,1.6382243204349876,3.810419905556031,3.815173708451812,3.2754786333031185,0.0,0.0,0.0,0.0,1.0,0.0,0.0,25.0,7
0.9658711615487316,0.8088490657775925,0.776129354892482,0.835326842837274,0.8071786310517529,0.8165520116739629,0.757271815446339,0.3992490613266583,0.8099081547453382,0.5761087029009669,0.5992082194363276,0.9530185794375204,0.7024274553571429,0.3215143381833592,0.2880925507900677,0.6042970379641218,300.2474230481431,61.99603065107624,3.9687318669488767,1.7933563460163335,3.1808389361132208,1.7522883104644054,0.8641917678714008,21.807324109159403,0.4736154898847463,0.0,0.0,0.0,0.0,1.0,0.0,0.0,7.062705017840045,0.0,2.7829810431922986,0.0,1.1753169223372946,0.0,0.0,0.0,0.0,0.0,0.0,0.0,0.0,0.7781892382023697,0.4892846769923067,0.47042272029666193,0.571056566074495,0.549042297640272,0.3452090700670607,19.65537417830797,8.30091672494393,3.270884714607806,1.0,3.958297965529593,3.958297965529593,5.690186316628488,1.626460166419301,4.034463300085109,3.626621777178551,3.5880590850374334,0.0,0.0,0.0,0.0,1.0,0.0,0.0,25.0,7
0.7173731642189586,0.9992359519344308,0.7931321886981164,0.8842837273991654,0.9910267111853088,0.9920783823222848,0.7368772985623537,0.4377346683354193,0.8082382410242137,0.4769089696565521,0.7735884626260723,0.9945327340962796,0.87646484375,0.3687667749682158,0.2945823927765237,0.7476011681268253,301.79094993036097,62.86095746509292,3.9464080947717015,1.8248596271201385,3.227482216360533,1.7705747759042638,0.8556104092709047,21.909639194890445,0.4791361118893935,0.9908,0.688536568002262,0.98168464,0.9726531413120001,1.0,0.0,0.0,7.6669996571538235,7.596463260308008,2.9749285902442715,2.9475592472140244,1.2504974322826243,1.2389928559056242,0.9829512612049198,0.9853830329425939,0.7664714487699125,0.47252140713571184,3.910101140299802,62.28263665641407,2.717246285510453,0.9866544260087962,0.7674603905852571,0.47313107913185987,0.7693590488008453,0.4743015815075704,0.3689312766491963,22.808776481459937,9.587563384582618,3.720140563324629,1.0,4.2254260225268965,4.2254260225268965,6.004315950686821,1.8003166233464984,4.335207862126494,4.018825212280198,3.9118013886880436,0.0,0.0,0.0,0.0,1.0,0.0,0.0,25.0,7
0.7696094793057411,0.8731680211155102,0.9201533588931488,0.7104311543810847,0.9284223706176962,0.9731081926203878,0.953192912069542,0.4752816020025032,0.7439465627609241,0.4102200733577859,0.7568102554434913,0.6789139600611593,0.7238420758928572,0.3728633987851391,0.3119356659142211,0.6964956195244055,300.47094077358923,65.12297608742125,3.828104562617975,1.9136243087359175,3.3685912129359523,1.7854274536772416,0.9385066123229514,21.812989766493907,0.4637779261006075,0.9997,0.6929971693088202,0.9994000900000001,0.999100269973,1.0,0.0,0.0,6.985835104490962,6.983739353959615,3.145529269453357,3.144585610672521,1.1670303288012773,1.166680219702637,0.9728162601626017,0.678710285873141,0.7565832123668583,0.41009700733577853,3.8269561312491898,65.10343919459503,2.652865625712436,0.6606567366198649,0.7364582598311898,0.3991885141617979,0.5138090475380382,0.2785041344999137,0.31045875850595367,21.974148792751073,8.152681438945594,3.670928057584193,1.0,4.3125595982546345,4.3125595982546345,5.7416781118995965,1.7170547553813118,3.7420291558996737,3.7372436322473246,3.90323189998982,0.0,0.0,0.0,0.0,1.0,0.0,0.0,25.0,7
0.8205524032042725,0.6977148016947975,0.8541423570595099,0.7098748261474269,0.9186143572621036,0.9705023973316655,0.933968572383818,0.3435544430538173,0.8112997495129418,0.5398466155385128,0.7882929588085588,0.9246629291572072,0.7965262276785714,0.3655177284927249,0.3558126410835214,0.7423863162286192,293.1911340195977,62.758676468947584,3.785294230879705,1.8681601832779915,3.2334697611915466,1.776561439223186,0.9077914603462628,21.291496137046167,0.4610073788737846,9.7551,2.375380060677397,95.16197601,928.3145921751511,0.0,1.0,0.0,7.185804588008754,70.0982423364842,3.0593251622822426,29.844022890579506,1.3281395743470714,12.956134361713117,9.467347936210132,9.020179340221473,7.689876642473372,5.266257719239746,36.925923751654615,612.2171648222306,8.991512439828835,0.8973875894707896,0.7650402063233781,0.5239224345715126,0.7289052763259236,0.4991761528194459,0.4255572858656407,21.983712787338366,9.54375144685918,4.063210818822823,1.0,4.3874647366293145,4.3874647366293145,5.694556048207907,1.7818021468446075,3.981842677963468,4.118874415024462,3.841516559660418,0.0,0.0,0.0,0.0,1.0,0.0,0.0,25.0,7
0.8630674232309746,0.7319580468153087,0.8933155525920987,0.7390820584144645,0.7009599332220368,0.9640400250156348,0.825810765630224,0.4132248644138507,0.9805176732535488,0.4120540180060019,0.5845979828447545,0.6675624333966548,0.74072265625,0.4088854357960164,0.3064334085778781,0.6624947851481019,297.0924950350226,63.98781114257185,3.842390993236177,1.8890753567337837,3.3153699240012102,1.7234852841194983,0.968122645494352,21.584494550561185,0.4556244814403322,50.0,3.9318256327243257,2500.0,125000.0,0.0,0.0,1.0,6.7144817334435345,335.7240866721767,3.1835933283132585,159.17966641566292,0.9966520008507564,49.83260004253782,48.20200125078174,33.37812166983274,29.229899142237727,20.602700900300093,192.11954966180883,3199.3905571285927,15.10761139815508,0.6435569049912091,0.5635758540057467,0.3972365658262989,0.39025565198662016,0.27507178295095563,0.24088594774938485,21.37617924967208,6.692001654312354,3.172934660558528,1.0,4.1802453291640145,4.1802453291640145,5.3339204509216565,1.9445576982691835,3.66580534484104,3.6119094847988746,3.5258902287272513,0.0,0.0,0.0,0.0,1.0,0.0,0.0,25.0,7
0.994200600801068,0.8330207682156004,0.8313052175362561,0.991655076495132,0.7948664440734559,0.8009172399416302,0.7769976596456034,0.4920734251147268,0.860562204286112,0.5614371457152384,0.5728155339805825,0.9188250011583192,0.9441266741071428,0.3568300607430428,0.2883747178329571,0.7501042970379642,299.30197935899355,60.80016921115168,4.009375684316986,1.749442564589792,3.123197692714866,1.744531755698706,0.8434576600234776,21.740313213966488,0.4783775034712293,0.1,0.09531017980432487,0.010000000000000002,0.0010000000000000002,1.0,0.0,0.0,7.703308858000938,0.7703308858000938,2.9305505289880722,0.29305505289880723,1.134252679695821,0.1134252679695821,0.08009172399416303,0.09188250011583193,0.05728155339805825,0.05614371457152384,0.4009375684316986,6.080016921115169,0.3821343173753399,0.7359027839170862,0.45877783647141923,0.4496646891469556,0.5263172336732119,0.5158624860621274,0.3215999184194084,22.57493584877315,8.737498714712117,3.3239847904887267,1.0,4.064803208683893,4.064803208683893,5.936130847560377,1.661479444227742,4.440277341320095,4.03525841052503,3.6548732439114637,0.0,0.0,0.0,0.0,1.0,0.0,0.0,25.0,7
0.7545894526034712,0.7179968048899076,0.7489581596932823,0.948539638386648,0.7779632721202004,0.9048363560558682,0.8182881979271146,0.3915310805173133,0.8241024213748956,0.4340613537845948,0.7380525968517296,0.92554325163323,0.880859375,0.4071196496680322,0.3558126410835214,0.6604088443888194,299.408713216196,62.7585239927148,3.909850802552256,1.8340862529900717,3.2345038422387664,1.7558952325484185,0.8848158575854809,21.744173375200763,0.4719657638683302,50.2322,3.936368240616803,2523.27391684,126749.60004549024,0.0,0.0,1.0,7.177791089467113,360.5562375643299,2.938758055875192,147.62028241433381,1.1721139506363245,58.877862391153975,45.451920804669584,46.492073724690734,37.074005655575455,21.803856735578524,196.4004074839654,3152.498728906848,15.390612524716818,0.8374651831799114,0.6678168223128897,0.3927544936631298,0.6830996003664993,0.4017425567901157,0.3203601093536976,21.09379138756065,8.413189070717506,3.4445593148361957,1.0,4.110872006511516,4.110872006511516,5.527280927997865,1.7289387774307639,3.939397728515428,4.048031959700718,3.566972758148583,0.0,0.0,0.0,0.0,1.0,0.0,0.0,25.0,7
0.754964953271028,0.8758074598874765,0.7961326887814636,0.7827538247566064,0.8459933222036728,0.7661038148843027,0.6889000334336343,0.3952857738840217,0.7528527692735876,0.4773257752584194,0.5797907437081723,0.9595051661029514,0.71533203125,0.3277299053538635,0.3579288939051918,0.5928243637880685,301.4189762556372,61.06379725910387,4.022936820049155,1.7488206753563902,3.134625265737195,1.7422281721757649,0.8310386438785664,21.891111524844764,0.4849481704612306,9.9178,2.390394484818454,98.36275683999999,975.5421497877519,0.0,1.0,0.0,7.008972609300322,69.51358854451874,2.6031423914755463,25.817445610176172,1.0571165189665916,10.484270211806862,7.598064415259537,9.516180336375852,5.750248637948911,4.734021573857952,39.89868279388351,605.6185284563404,9.61640598741859,0.7350805681526676,0.4441799005894378,0.3656810973680824,0.5563122138466636,0.4579965472745498,0.27674906622815887,18.24535371996064,7.409300726275745,2.751824823250998,1.0,3.660258910442138,3.660258910442138,5.440498673220703,1.5189565841578903,3.8984339742995244,3.6422203938337097,3.3421386079511977,0.0,0.0,0.0,0.0,1.0,0.0,0.0,25.0,7
0.8901451935914553,0.8241300270889769,0.7739623270545091,0.6962447844228095,0.7493739565943239,0.7889305816135085,0.9018722835172184,0.4329370045890697,0.7372669078764263,0.5128376125375125,0.7605806390800265,0.8920909975443637,0.6897321428571428,0.3658708857183217,0.3651241534988713,0.6718815185648729,297.94038675224283,63.53863742753475,3.836229873459376,1.8690566480492024,3.270016005485859,1.7894265517534045,0.8917448216010737,21.629402716115425,0.468520932685013,4.8587,1.7679277359747092,23.60696569,114.69916419800299,0.0,1.0,0.0,6.9185559869356466,33.615187973724225,2.8610067775962227,13.900773630306766,1.273418251617539,6.187157259134136,3.8331770168855535,4.3344025297688,3.6954331510981246,2.4917241080360117,18.63909008617707,308.7151776691631,6.782177194863579,0.7037978695448498,0.6000453259533792,0.4045932759325028,0.6785071410298305,0.4574978173468594,0.39005435908805625,19.794035569801807,8.810215468601648,3.643258248592511,1.0,4.134425029213761,4.134425029213761,5.573145426087935,1.5261974894899348,3.9679798796468115,3.886571981700791,3.621967375468384,0.0,0.0,0.0,0.0,1.0,0.0,0.0,25.0,7
0.0,0.0,0.0,0.0,0.0,0.0,0.0,0.4879015435961619,0.0,0.5892797599199733,0.4510321425205015,0.2389843858592411,0.0,0.1699392569571973,0.0,0.0,252.56929175370576,95.09945756471656,1.594438095127145,3.5689471295792767,4.538350577089107,1.9149775411990544,1.2926377527114097,18.20339018659105,0.2353725966315053,100.0,4.61512051684126,10000.0,1000000.0,0.0,0.0,1.0,0.4089236428164384,40.892364281643836,0.4879015435961619,48.79015435961619,1.0403119024404748,104.03119024404748,0.0,23.898438585924108,45.10321425205015,58.92797599199733,159.4438095127145,9509.945756471656,7.358523965654583,0.0,0.0,0.0,0.10778963958303975,0.14082866152375584,0.2657841126606723,0.19951447654310586,0.4254081328112582,0.5075697830221674,1.0,1.5282134460366368,1.5282134460366368,1.2102511593976721,0.0,0.2389843858592411,0.4089236428164384,0.9389336861166634,0.0,0.0,0.0,0.0,0.0,1.0,0.0,25.0,7
0.7106558744993325,0.9390150725845662,0.9058176362727122,0.9207232267037552,0.7986227045075125,0.7367104440275172,0.8353393513874958,0.4318940342094285,0.6688004453103257,0.5713571190396799,0.6888490903949477,0.8549784552657185,0.9040178571428572,0.3884023167113999,0.3874153498871331,0.6700041718815186,301.8658268020771,61.58762435942717,3.9929847424730647,1.758205001293593,3.154928635315841,1.7745506031175458,0.8129993580281877,21.91336868460603,0.4861768314957455,9.7511,2.375008074920162,95.08395120999998,927.1731166438308,0.0,1.0,0.0,7.479652665456505,72.93484110613292,2.672744274934767,26.062196699316406,1.2602062094346276,12.288396768817996,7.183737210756722,8.336980415141547,6.7170363653501735,5.571360403467822,38.9359935223291,600.5470838912101,9.483371006406532,0.6298715574127682,0.5074823192528132,0.42092475686600556,0.5889511312170677,0.48849802704161677,0.3935788317411613,19.991198840099443,9.42590473342255,3.368208931503645,1.0,3.9329504843693948,3.9329504843693948,5.923443040713906,1.405510889337843,4.078671431373993,4.040157502276123,3.3667321476387384,0.0,0.0,0.0,0.0,1.0,0.0,0.0,25.0,7
0.6970544058744994,0.8915746336042231,0.7799633272212037,0.6912378303198886,0.8263772954924875,0.8734625807796541,0.9784353059177532,0.3768251981643721,0.8995268577790149,0.5976992330776926,0.5676312564803468,0.7390075522401891,0.9574497767857144,0.3359231529877101,0.3163092550790067,0.7138089278264498,295.0435749257607,62.78968176385743,3.853379309971106,1.8427522078665095,3.2426755467819657,1.724728187088425,0.9384283378091188,21.43538530914965,0.4535937368848535,0.0,0.0,0.0,0.0,1.0,0.0,0.0,6.948706157431371,0.0,3.128249942640794,0.0,1.1653304895580394,0.0,0.0,0.0,0.0,0.0,0.0,0.0,0.0,0.6454954437953706,0.49580466221652153,0.5220679146540613,0.4194837854265641,0.44170424721258383,0.33927276666923034,21.737289638412417,8.097539148234462,3.6454450371175056,1.0,4.293580432198834,4.293580432198834,5.387461135058051,1.7729894385586689,3.9988952963310758,4.040933970836823,3.3413507367913597,0.0,0.0,0.0,0.0,1.0,0.0,0.0,25.0,7
0.0,0.0,0.0,0.0,0.0,0.6391494684177611,0.0,0.4300166875260743,0.0,0.7338279426475492,0.0,0.0,0.0,0.0,0.0,0.0,246.8796747377795,102.37312116726766,1.7698519436314213,3.831496256499768,5.0174858909407645,1.4070051827795016,2.185989634440997,17.982459977043256,0.0,10.0124,2.3990219106308306,100.24815376,1003.7246147066238,0.0,0.0,1.0,0.0,0.0,1.0691661559438355,10.704919219772057,0.7338279426475492,7.347378892964322,6.399420137585991,0.0,0.0,7.347378892964322,17.720465600415242,1025.0006383751506,4.245913591344341,0.0,0.0,0.4690257394532804,0.0,0.0,0.0,0.0,0.0,0.7845840005646536,1.0,1.8029940985913848,1.8029940985913848,0.7338279426475492,0.6391494684177611,0.0,0.0,1.0691661559438355,1.0,0.0,0.0,0.0,0.0,0.0,0.0,25.0,7
0.7007676902536716,0.8689310272973536,0.6889481580263378,0.7482614742698191,0.6880217028380635,0.8851365436731292,0.9060514877967236,0.4532749269920734,0.960200389646535,0.5229243081027009,0.6012819304364219,0.8843070935458462,0.7125418526785714,0.4139708998446108,0.3978555304740406,0.6272423863162288,298.5511175680996,64.47947942980407,3.849884236283467,1.9010045196153065,3.3336914550011496,1.7236970951547843,0.9709286315702884,21.690423166518343,0.4524437282817716,25.2606,3.2680697170523185,638.09791236,16118.736124961017,0.0,0.0,1.0,6.730847815544543,170.02525432934448,3.204663348108461,80.9517189712286,1.1242062385391227,28.398124109241362,22.359080175109447,22.338127767224204,15.188742331982278,13.209381777259086,97.25038573906214,1628.7903380845087,12.58169008675509,0.7827325243268008,0.5322166096796014,0.4628594146766872,0.531717876305868,0.462425675042772,0.3144249374481222,21.570101296171497,7.5668611048926016,3.6027025283612044,1.0,4.328869586647584,4.328869586647584,5.233107191068978,1.8453369333196643,3.7937900500916717,3.941969250656021,3.3284827941933597,0.0,0.0,0.0,0.0,1.0,0.0,0.0,25.0,7
0.0,0.0,0.0,0.0,0.0,0.0,0.0,0.4604714226115978,0.0,0.572107369123041,0.0,0.2806375388036881,0.2544642857142857,0.0,0.0,0.0,224.3840693131344,66.96172294851657,2.679788564521661,2.5634553229556234,3.15091097921335,1.2026197684117892,1.246122211823692,16.359608394794652,0.2032354187215356,2.517,1.2576083534918454,6.3352889999999995,15.945922412999998,0.0,1.0,0.0,0.5351018245179737,1.3468512923117397,0.4604714226115978,1.1590065707133916,0.572107369123041,1.4399942480826944,0.0,0.7063646851688828,0.0,1.4399942480826944,6.74502781690102,168.5426566614162,3.3701244843343616,0.0,0.0,0.0,0.0,0.16055480400214334,0.0,0.24639909837785293,0.30613569703791715,0.2634390941466652,1.0,1.0325787917346387,1.0325787917346387,0.572107369123041,0.0,0.5351018245179737,0.5351018245179737,0.4604714226115978,0.0,1.0,0.0,0.0,0.0,0.0,0.0,25.0,7
0.0,0.0,0.0,0.0,0.0,0.7388993120700439,0.0,0.7153733833959116,0.0,0.357619206402134,0.0,0.2850391511838021,0.0,0.2849978810566464,0.0,0.0,248.80868704222797,85.60028587056493,2.428723528221361,3.192925563630431,4.414013795643728,1.0304884517357218,1.9817708350592225,18.18475587192705,0.1704929608138854,1.0067,0.696491581810335,1.01344489,1.0202349707629998,1.0,0.0,0.0,0.5700370322404484,0.5738562803564594,1.4542726954659555,1.4640163225255773,0.357619206402134,0.3600152550850283,0.7438499374609131,0.2869489134967335,0.0,0.3600152550850283,2.444995975860444,86.17380778589771,1.6915854919508735,0.2106152327227406,0.0,0.26424458559357183,0.0,0.1019354750398892,0.0,0.8289892913917307,0.20385619108965686,0.5200758472448274,1.0,1.8118919018680895,1.8118919018680895,0.6426170874587804,0.7388993120700439,0.2850391511838021,0.5700370322404484,1.4542726954659555,0.0,0.0,1.0,0.0,0.0,0.0,0.0,25.0,7
0.0,0.0,0.0,0.0,0.0,0.0,0.0,0.5182519816437214,0.0,0.6300433477825942,0.0,0.324560997081036,0.3132672991071428,0.0,0.0,0.0,224.03299062824075,65.54403589618124,2.7298547396935904,2.509003233202641,3.0893124281671533,1.1773539323553086,1.2232072077105551,16.33824139472222,0.2120191700792415,48.7582,3.907175274143202,2377.36206724,115915.89514690138,0.0,0.0,1.0,0.6378282961881787,31.099359631202457,0.5182519816437214,25.2690337713809,0.6300433477825942,30.719779559853286,0.0,15.82501000787657,0.0,30.719779559853286,133.10280336892802,3195.8092110331845,10.666020940933423,0.0,0.0,0.0,0.0,0.2044874971605927,0.0,0.33055577844796213,0.40185947504086816,0.3265212135097738,1.0,1.1482953294263156,1.1482953294263156,0.6300433477825942,0.0,0.6378282961881787,0.6378282961881787,0.5182519816437214,0.0,1.0,0.0,0.0,0.0,0.0,0.0,25.0,7
0.7764519359145527,0.8806695839410988,0.8043007167861311,0.921279554937413,0.7447829716193656,0.6778194705023974,0.8592443998662653,0.3595118898623279,0.982187586974673,0.4336445481827276,0.6932792911678763,0.6989297132002039,0.6698521205357143,0.3435513490606018,0.3855812641083521,0.6931581143095537,306.1622115512779,64.72803787417357,3.9484691153139098,1.8606866541083076,3.3363304815135404,1.8210579357361296,0.8937198239351156,22.22304673867557,0.4751612221595566,0.9933,0.6897915567465828,0.9866448899999999,0.9800343692369999,1.0,0.0,0.0,6.918557324412987,6.87220299033942,2.8787633472056635,2.8594756327793855,1.1269238393506038,1.1193734496269547,0.6732780800500313,0.6942468841217625,0.6886343199170516,0.4307391297099033,3.9220143722413066,64.2943600204166,2.7236206578181843,0.47374816811975473,0.4699182020496874,0.2939327180354678,0.4845534961436045,0.3030870596921858,0.3006367849829354,19.91688924106139,7.796687182794725,3.2441470438148015,1.0,4.005687186556267,4.005687186556267,5.5979599516097664,1.6600070574770704,3.7190614679011236,3.6503169610806916,3.25184555906652,0.0,0.0,0.0,0.0,1.0,0.0,0.0,25.0,7
0.0,0.0,0.0,0.0,0.0,0.0,0.0,0.0,0.0,0.4714904968322774,0.9670091431803186,0.3630635222165593,0.0,1.0,0.9037810383747178,0.850020859407593,225.65652454542737,52.80009323353663,2.4661573149181084,1.8699791599473377,2.492936768690162,2.2128778098043185,0.3157814184071068,16.235130527220132,0.5529854432865009,10.0151,2.399267058742375,100.30222801000001,1004.5368437429511,0.0,0.0,1.0,3.11686541999887,31.215718867830685,0.0,0.0,1.438499640012596,14.40671774469015,0.0,3.636117481351063,9.684693269865209,4.722024474824941,24.698812124636348,528.7982137431927,5.916970007359563,0.0,0.0,0.0,0.35108574553866356,0.17118100047156212,0.45593562135944327,0.0,4.483609784636084,0.0,1.0,1.438499640012596,1.438499640012596,2.438499640012596,0.0,1.2130843816241523,3.11686541999887,0.9670091431803186,0.0,0.0,0.0,1.0,0.0,0.0,0.0,25.0,7
0.7850467289719626,0.8795582413002709,0.8248041340223372,0.9969401947148816,0.6990818030050084,0.7299353762768398,0.9344700768973588,0.4940550688360451,0.9089897021987198,0.5837779259753251,0.7876331416721651,0.9718296807672708,0.7522321428571429,0.3865658991382963,0.3559537246049661,0.670421360033375,303.47135508738256,64.7328446231702,3.90124483064674,1.886346795009856,3.326580903365322,1.7995414503987988,0.8990303839266652,22.030464513767477,0.4675328059761404,5.0878,1.8062867685085924,25.885708839999996,131.70130943615197,0.0,1.0,0.0,7.322433909415511,37.255079244324236,3.0674502242089634,15.606573250730364,1.3714110676474902,6.9774652299769,3.7137652074213054,4.94447504980772,4.007319898199642,2.9701453317772586,19.848753449364484,329.3477668737653,7.046766918309751,0.7093728637078589,0.5749212936345813,0.426120160058912,0.7654452646329828,0.5673327154395796,0.45980284187480597,22.461201537191926,10.042066905489712,4.206735186937948,1.0,4.438861291856454,4.438861291856454,5.943408068800247,1.6389250784755596,4.0590881539300225,4.0714728842984105,3.495752118762021,0.0,0.0,0.0,0.0,1.0,0.0,0.0,25.0,7
0.8488818424566088,0.8332986038758075,0.8813135522587098,0.9847009735744088,0.7629382303839733,0.8430268918073796,0.7942159812771649,0.4956195244055069,0.7258558307820763,0.4640713571190397,0.6054293524366104,0.8372330074595747,0.8394949776785714,0.3442576635117954,0.3174379232505643,0.5857321652065082,304.5206747925442,62.55829377776722,4.02926008678123,1.7888717756273531,3.220955812190764,1.7456826526289249,0.8640344504818573,22.11579635012795,0.4793477727879996,1.0419,0.713880746946852,1.0855556100000001,1.1310403900590003,1.0,0.0,0.0,7.235288939656521,7.53844754622813,2.8587182282721275,2.97849852203673,1.0695007095556501,1.1143127892860318,0.8783497185741088,0.8723130704721309,0.6307968423037045,0.48351594698232747,4.198086084417364,65.17948628705567,2.8764112003945224,0.7058099399971899,0.5103932251935902,0.3912246337688965,0.5068854375448062,0.38853585799661994,0.2809624212249592,20.68365237861181,7.738146654802797,3.0574011735567113,1.0,3.928218937827778,3.928218937827778,5.724891575616954,1.5688827225894557,3.94464059667707,3.718371718384179,3.5558958414900794,0.0,0.0,0.0,0.0,1.0,0.0,0.0,25.0,7
0.7496244993324432,0.9101201639230396,0.9183197199533256,0.7001390820584144,0.8240818030050083,0.8812799666458203,0.8995319291206955,0.4978097622027534,0.8054550514890064,0.4808269423141046,0.771514751625978,0.7302043274799611,0.7350725446428571,0.3404435654753496,0.4037810383747178,0.6205673758865249,301.37856600373726,65.44555595600765,3.833763897235536,1.9243341823197235,3.374119384371288,1.7739996076880091,0.9321842108695172,21.87778776428555,0.4622911546177515,0.0,0.0,0.0,0.0,1.0,0.0,0.0,6.932354120131642,0.0,3.0840767094582757,0.0,1.2523416939400827,0.0,0.0,0.0,0.0,0.0,0.0,0.0,0.0,0.6435144453661737,0.6799204945797003,0.4237431516849859,0.5633634103519165,0.3511019140467168,0.3709650789745449,21.379911883615115,8.681676101798171,3.8623178505641333,1.0,4.336418403398358,4.336418403398358,5.695070527687664,1.6867350181348266,3.745588911264826,3.729600780980106,3.7243107828120037,0.0,0.0,0.0,0.0,1.0,0.0,0.0,25.0,7
0.0,0.0,0.0,0.0,0.0,0.0,0.0,0.0,0.0,0.4199733244414805,0.8412668489018759,0.3191400639392114,0.0,0.97881056646419,0.8077031602708803,1.0,219.0431869842197,49.44665124596372,2.4934631433977743,1.7658712829785554,2.3361248496082245,2.260262356618698,0.2888185936584976,15.760030985771706,0.5609514687258075,25.1655,3.2644417491390074,633.30239025,15937.371301836378,0.0,0.0,1.0,3.105653790674282,78.15533046921364,0.0,0.0,1.2612401733433565,31.73973958227224,0.0,8.031319279062226,21.170900886040158,10.568838696232078,62.74924673517669,1244.3497019303002,8.139765185247079,0.0,0.0,0.0,0.26848195594848356,0.13403031361501727,0.35330963527572945,0.0,3.9169753252944832,0.0,1.0,1.2612401733433565,1.2612401733433565,2.2400507398075464,0.0,1.3191400639392115,3.105653790674282,0.8412668489018759,0.0,0.0,0.0,1.0,0.0,0.0,0.0,25.0,7
0.8180490654205608,0.9453358338542752,0.8896482747124521,0.854798331015299,0.9632721202003338,0.7890348134250574,0.7219993313273152,0.3872549019607844,0.9899805176732536,0.5245081693897966,0.6010934112545951,0.7764444238521059,0.8755580357142857,0.4083203842350614,0.3802200902934537,0.651439299123905,300.6544170385619,61.45060282035277,3.996181671251712,1.7600123276873576,3.155225018123008,1.726381386090042,0.8456808011711437,21.835120676344616,0.4814497704768377,2.474,1.2453066678189133,6.120676000000001,15.142552424000003,1.0,0.0,0.0,7.563085858421733,18.711074413735368,2.8882695643864107,7.14557890229198,1.1256015806443918,2.7847383105142254,1.9520721284135922,1.92092350461011,1.4871050994438686,1.297633211070357,9.886553454676736,152.02879137755278,4.976471681025486,0.6126416811090726,0.4742836276003008,0.4138552055743966,0.4667156273828711,0.4072514433875834,0.3152784047694159,21.84423069772076,8.51302139678875,3.2510407870004325,1.0,4.0138711450308024,4.0138711450308024,6.005025590082374,1.779015331098311,4.066826657965132,3.813981564546127,3.558704312261331,0.0,0.0,0.0,0.0,1.0,0.0,0.0,25.0,7
0.0,0.0,0.0,0.0,0.0,0.0,0.0,0.0,0.0,0.4047182394131377,0.8518239230841739,0.3894731964972432,0.0,0.9487215708433396,0.9849040632054176,0.9115561118064248,224.45237500205397,48.99684763077384,2.627963319365662,1.720945712181604,2.3195727255608616,2.202962006769009,0.2797788948386294,16.162890473793254,0.5670791112846487,51.7944,3.9664051244813314,2682.65987136,138946.7584411684,0.0,0.0,1.0,3.2346549423524253,167.53701194617847,0.0,0.0,1.2565421624973117,65.08184738125077,0.0,20.172530528656814,44.11970900179094,20.962138379459823,136.11378334855286,2537.762324927353,10.423567176880931,0.0,0.0,0.0,0.331762586176415,0.15762690638497132,0.3447486784406189,0.0,4.064480316196134,0.0,1.0,1.2565421624973117,1.2565421624973117,2.2052637333406513,0.0,1.3010293083036681,3.2346549423524253,0.8518239230841739,0.0,0.0,0.0,1.0,0.0,0.0,0.0,25.0,7
0.0,0.0,0.0,0.0,0.0,0.3465707734000417,0.0,0.6769920734251147,0.0,0.9311437145715238,0.751437458761429,0.2555715146179864,0.0,0.0,0.0,0.0,268.99736641671325,109.27759320192936,1.3892525108153526,4.076454749028294,5.275084586867041,2.075544242332723,1.6049042043356698,19.38313510857304,0.1509796755837609,23.7176,3.207515540497565,562.52454976,13341.732261387777,0.0,0.0,1.0,0.2555715146179864,6.061542955103554,1.0235628468251563,24.276454175860327,1.6825811733329528,39.90678723664164,8.219826975192829,6.061542955103554,17.82229307192007,22.084494164721573,32.94973535051421,2591.80224452608,4.456049018115505,0.08857361748017561,0.2604262612447104,0.3227071973056407,0.1920460094763491,0.23797380946006233,0.6996962666193032,0.26159350706980317,0.4300198189364114,1.722227575791089,1.0,2.706144020158109,2.706144020158109,1.6825811733329528,0.3465707734000417,0.2555715146179864,0.2555715146179864,1.7750003055865853,0.0,0.0,0.0,0.0,0.0,0.0,1.0,25.0,7
0.0,0.0,0.0,0.0,0.0,0.38972274338128,0.0,0.6289111389236547,0.0,0.6863954651550517,0.8415496276746159,0.2466756243339665,0.0,0.0,0.0,0.0,279.3508814067617,113.82530911121135,1.33166117057969,4.228734048054025,5.56064522459587,2.149570951674014,1.6410415078584577,20.111159946026216,0.1701222472678676,9.9352,2.391986943856306,98.70819904,980.685699102208,0.0,1.0,0.0,0.2466756243339665,2.450771662882824,1.0186338823049348,10.120331347475988,1.5279450928296676,15.180440086281314,3.8719734000416928,2.450771662882824,8.360963860872845,6.8194762254084695,13.230320061943335,1130.877211081707,3.1853161336670235,0.09613510104072345,0.32797102958884605,0.2675039237246965,0.20758977981465293,0.16931702990712572,0.5776358481387786,0.2512721488853019,0.37690680972177865,1.5564166418578582,1.0,2.5465789751346026,2.5465789751346026,1.5279450928296676,0.38972274338128,0.2466756243339665,0.2466756243339665,1.8601835099795507,0.0,0.0,0.0,0.0,0.0,0.0,1.0,25.0,7
0.9632426568758344,0.7418906716677085,0.7767961326887816,0.8247566063977746,0.8280467445742905,0.743277048155097,0.8665997993981945,0.3595118898623279,0.7692735875313108,0.577942647549183,0.6714110660759732,0.6727053699671038,0.8281947544642857,0.3057635259217403,0.3943284424379232,0.6770963704630789,298.7359053459376,62.48345698436067,3.9030100270341577,1.8121171868205992,3.207383924620715,1.7928899194398826,0.8604200224280865,21.687772299227674,0.4721633085528798,49.1003,3.914026996096843,2410.8394600899996,118372.94074225701,0.0,0.0,1.0,7.0128212754585215,344.331628471396,2.7386623249469304,134.46914175359177,1.2493537136251562,61.34364214510926,36.49512604752971,33.030035476995785,32.96648476765011,28.37715737745915,191.63896323038523,3067.956482969204,15.276486611848362,0.5000064616672314,0.4990444352916162,0.42957150507329833,0.4516618296046452,0.38878512253934067,0.38803708912176743,19.205749418684533,8.761494303483609,3.4215579460377517,1.0,3.9880160385720864,3.9880160385720864,5.689850051751287,1.5125506356864078,3.8831298234380114,3.744688262652326,3.565489405543523,0.0,0.0,0.0,0.0,1.0,0.0,0.0,25.0,7
0.9979556074766356,0.6914634993401403,0.7109518253042174,0.9438108484005562,0.8614357262103507,0.7778820095893267,0.7251755265797392,0.3691072173550271,0.6980239354300027,0.4241413804601533,0.5467056272975775,0.8602140573599593,0.7168666294642857,0.4199039412346377,0.4122460496613995,0.7265331664580726,299.1416024649027,59.273562873288334,4.045560218287166,1.6844094827525522,3.048754953614844,1.7718635191759171,0.7977467723052385,21.726026788057595,0.4948580067562234,49.1755,3.915526859754823,2418.22980025,118917.65954219387,0.0,0.0,1.0,7.341381350910255,361.0160986216872,2.570188688954096,126.39031387366214,0.9708470077577309,47.741887029990295,38.252736762559934,42.301456377704675,26.884522575172024,20.85736445481827,198.94244651438055,2914.8070910753904,15.840499697458984,0.6691450396161535,0.42527247201603313,0.3299319493823353,0.47028386583917087,0.3648523777798826,0.23188047946732862,18.868735309408077,7.12735811733963,2.4952599980438492,1.0,3.541035696711827,3.541035696711827,5.596368455724269,1.4759059450193295,3.9930329600990935,3.8609393707580937,3.5530861879289177,0.0,0.0,0.0,0.0,1.0,0.0,0.0,25.0,7
0.9894859813084113,0.7550184066124886,0.8101350225037507,0.811961057023644,0.7522954924874792,0.9717531790702524,0.7154797726512873,0.4468085106382979,0.9398831060395212,0.4472324108036012,0.6007163728909417,0.8945003011629524,0.73388671875,0.3073174177143664,0.3195541760722348,0.7037964121818941,298.65871237136696,62.86350682771938,3.918699276170619,1.8464158963051915,3.242613751443038,1.743609940046914,0.9169538895471664,21.69631087048641,0.4647636197578833,2.0,1.0986122886681098,4.0,8.0,1.0,0.0,0.0,7.077950985817222,14.155901971634444,3.0739245683993586,6.147849136798717,1.047948783694543,2.095897567389086,1.9435063581405048,1.7890006023259049,1.2014327457818834,0.8944648216072024,7.837398552341238,125.72701365543875,4.305131180395869,0.8692335113343972,0.5837480450763238,0.43459951698165256,0.5373409764644638,0.4000495261536545,0.2686598316572109,21.75708742923002,7.417330126636749,3.2213155126228807,1.0,4.1218733520939015,4.1218733520939015,5.474162161344683,1.9116362851097737,4.076687820015747,3.674534798532735,3.7610595363953827,0.0,0.0,0.0,0.0,1.0,0.0,0.0,25.0,7
0.0,0.0,0.0,0.0,0.0,0.5463831561392537,0.0,0.8472048393825615,0.0,0.4160553517839279,0.0,0.2804058749942084,0.0,0.2432546969911004,0.0,0.0,249.32126806589216,87.58432637436256,2.3761301130919894,3.2870655268739983,4.481584581164398,1.0740583570636315,1.9700902657147488,18.20485711919581,0.1588465138124168,49.4423,3.920830108788294,2444.54102929,120863.73093246498,0.0,0.0,1.0,0.5236605719853088,25.890983098269235,1.3935879955218153,68.90219575098826,0.4160553517839279,20.5707335195065,27.014439920783825,13.86391139322615,0.0,20.5707335195065,117.48133789052808,4330.370539899146,9.316402489809606,0.1532090469793246,0.0,0.22732563623633,0.0,0.11666436496299548,0.0,0.7297670868468138,0.21787178349272054,0.5798097437186878,1.0,1.8096433473057432,1.8096433473057432,0.6593100487750283,0.5463831561392537,0.2804058749942084,0.5236605719853088,1.3935879955218153,0.0,0.0,1.0,0.0,0.0,0.0,0.0,25.0,7
0.0,0.0,0.0,0.0,0.0,0.0,0.0,0.0,0.0,0.4860786928976325,0.8546517108115751,0.4044386785896307,0.0,0.985732448085888,0.7095090293453724,0.9050896954526492,218.71586743207536,50.25479829106347,2.4589484966598545,1.8055436872498176,2.362168312477644,2.208739195654956,0.3085330399210444,15.741868392779873,0.5498594524683156,5.0223,1.795469246155133,25.223497290000005,126.67997043956703,0.0,1.0,0.0,3.00476985147354,15.090855625055562,0.0,0.0,1.3407304037092076,6.733550306548754,0.0,2.031212375480702,4.292317287208974,2.44123301933978,12.349577034774788,252.3946734572081,4.4149664036321665,0.0,0.0,0.0,0.3456542085750006,0.1965890242460934,0.41542798647401585,0.0,4.028586296019375,0.0,1.0,1.3407304037092076,1.3407304037092076,2.3264628517950956,0.0,1.3095283740422798,3.00476985147354,0.8546517108115751,0.0,0.0,0.0,1.0,0.0,0.0,0.0,25.0,7
0.0,0.0,0.0,0.0,0.0,0.0,0.0,0.463078848560701,0.0,0.4542347449149716,0.4072956923366952,0.2313394801464115,0.0,0.2150021189433535,0.0,0.0,251.66080763390585,92.18397755452952,1.6845539916622227,3.456828014689352,4.439774010896915,1.8250481226996025,1.2709369876500856,18.150118768202265,0.2651965171811823,0.1,0.09531017980432487,0.010000000000000002,0.0010000000000000002,1.0,0.0,0.0,0.446341599089765,0.044634159908976505,0.463078848560701,0.0463078848560701,0.8615304372516668,0.08615304372516669,0.0,0.02313394801464115,0.04072956923366952,0.04542347449149717,0.1684553991662223,9.218397755452953,0.16055514383541963,0.0,0.0,0.0,0.09422357373104383,0.10508242975306738,0.1850078549135255,0.2066913537712304,0.3845368730274134,0.3989565228824991,1.0,1.324609285812368,1.324609285812368,1.0765325561950203,0.0,0.2313394801464115,0.446341599089765,0.8703745408973962,0.0,0.0,0.0,0.0,0.0,1.0,0.0,25.0,7
0.8985313751668892,0.882822810307703,0.689781630271712,0.9460361613351876,0.8424457429048414,0.991974150510736,0.678201270478101,0.4573425114726742,0.9774561647648204,0.4150550183394464,0.5568856631162221,0.9823008849557524,0.8167550223214285,0.3204548665065687,0.3807844243792325,0.5352523988318731,304.67224282720326,62.81290434598266,4.045428858305531,1.807532082744528,3.240870640132167,1.6930761802289895,0.9045718009898314,22.138741781015558,0.4722183610823457,0.0,0.0,0.0,0.0,1.0,0.0,0.0,7.295165316981189,0.0,3.1049740972263318,0.0,0.9719406814556686,0.0,0.0,0.0,0.0,0.0,0.0,0.0,0.0,0.9744170858999267,0.5524161826013223,0.41172384923249034,0.547029279698236,0.4077089118201643,0.23113818911767836,22.651299344210514,7.090467949518455,3.0178506399603604,1.0,4.076914778682,4.076914778682,5.55201326794857,1.9694303152755563,4.115662491583646,3.713748867472956,3.7471794431713628,0.0,0.0,0.0,0.0,1.0,0.0,0.0,25.0,7
0.0,0.0,0.0,0.0,0.0,0.3549093183239524,0.0,0.7410304547350857,0.0,0.8418639546515505,0.8831181072674145,0.2176713153871102,0.0,0.0,0.0,0.0,276.5341129870227,114.4410801832976,1.2732699721494167,4.261541250751003,5.564155837431455,2.148958779175256,1.6497112752636027,19.903408962612936,0.1553401235762829,49.8331,3.9285477172048875,2483.33785561,123752.4236923987,0.0,0.0,1.0,0.2176713153871102,10.847236426817402,1.0959397730590381,54.61407630482835,1.7249820619189649,85.96120358981398,17.686231550969353,10.847236426817402,44.0085129512678,41.95269063854618,63.450989849119104,5702.953792882287,5.002101842473122,0.07725357816271733,0.31342684544981714,0.29878536226688857,0.1922294800510732,0.1832496343859975,0.7434653022085377,0.23855465198681186,0.37547911443707066,1.890476449470382,1.0,2.820921834978003,2.820921834978003,1.7249820619189649,0.3549093183239524,0.2176713153871102,0.2176713153871102,1.9790578803264527,0.0,0.0,0.0,0.0,0.0,0.0,1.0,25.0,7
0.0,0.0,0.0,0.0,0.0,0.0,0.0,0.0,0.0,0.4517339113037679,0.9487227825431236,0.4234351109669647,0.0,0.8507557564627772,0.6841139954853274,0.8354192740926158,225.86188553661327,54.60705635063589,2.388863478195268,1.9610539060447365,2.5765637432888244,2.2897584867928145,0.3339047004231203,16.240557279622557,0.5417964710323546,50.1212,3.934199283972169,2512.1346894400003,125911.20519636014,0.0,0.0,1.0,2.7937241370076853,140.0248062157896,0.0,0.0,1.4004566938468914,70.19257004363881,0.0,21.22307588379743,47.551124328400405,22.64144571523841,119.73270416332068,2736.9711927614917,9.398264985423088,0.0,0.0,0.0,0.40172253670303504,0.19127999886045194,0.42857025330119924,0.0,3.9124896684340427,0.0,1.0,1.4004566938468914,1.4004566938468914,2.2512124503096684,0.0,1.2588543850595806,2.7937241370076853,0.9487227825431236,0.0,0.0,0.0,1.0,0.0,0.0,0.0,25.0,7
0.9211865821094792,0.898728901854553,0.7131188531421904,0.937134909596662,0.893781302170284,0.7853867000208464,0.6730190571715144,0.3805798915310805,0.7784581129974952,0.4549849949983328,0.7421057592610049,0.9011258861140714,0.9343610491071428,0.3658708857183217,0.3876975169300226,0.5373383395911556,304.13818673675246,61.56810693756198,4.034853037225172,1.7537578378274783,3.15275504499288,1.7415346502691187,0.8004882003333804,22.08007401907056,0.4923543391069999,0.0,0.0,0.0,0.0,1.0,0.0,0.0,7.490344226333882,0.0,2.6174437617209367,0.0,1.1970907542593376,0.0,0.0,0.0,0.0,0.0,0.0,0.0,0.0,0.7077322859984916,0.5828399933324653,0.3573391637807419,0.6687307099044287,0.40999875678647896,0.33764698516560226,19.605554768360054,8.966621819564102,3.1333177269499144,1.0,3.814534515980274,3.814534515980274,5.926912188850828,1.5638448130183416,4.192740758776402,3.7994127346322286,3.7230402350926948,0.0,0.0,0.0,0.0,1.0,0.0,0.0,25.0,7
0.6790720961281709,0.9031742724178649,1.0,0.67009735744089,0.721619365609349,0.8450072962268084,0.8938482113005685,0.4098873591989988,0.7197328138046201,0.4489829943314438,0.7533226505796965,0.686419867488301,0.9786551339285714,0.3627631021330696,0.3031884875846501,0.6768877763871507,297.5710092890495,63.21459904815209,3.846515795419504,1.85104114188178,3.258950317016933,1.7543886075900263,0.8873641064722719,21.60270488987731,0.4697321158690155,2.4199,1.2296113108809417,5.8559160100000005,14.170731152599004,1.0,0.0,0.0,6.981877459118017,16.89544526331969,2.8684756805309957,6.941424299316957,1.2023056449111402,2.9094594301204686,2.0448331561392536,1.6610674373349397,1.8229654821378076,1.086493947982661,9.30818357333566,152.97300823662326,4.729719329530025,0.5800297963026533,0.636563136152762,0.37939390609182977,0.5170956339868509,0.30819084747349024,0.3382290593549721,20.027345695927572,8.39435068117544,3.4487845029927406,1.0,4.070781325442136,4.070781325442136,5.539031838640485,1.5647401100314284,3.9242091463500586,3.9017625788223116,3.4089087677430236,0.0,0.0,0.0,0.0,1.0,0.0,0.0,25.0,7
0.6799899866488651,0.9348475376814612,0.700616769461577,0.7705146036161334,0.856636060100167,0.960391911611424,0.8266466064861251,0.4958281184814351,0.8527692735875313,0.4543181060353451,0.6568950890753135,0.7672242042348145,0.7080775669642857,0.3610679474502049,0.3953160270880361,0.5871923237380059,303.45057263812,65.59286410342906,3.8881355800896578,1.918990419084122,3.387001529032568,1.7426190736350515,0.9554690755365276,22.03679213301793,0.459645628525101,0.9966,0.6914457339201878,0.9932115600000001,0.9898346406960001,1.0,0.0,0.0,6.761483026983551,6.738493984691807,3.1356359101665157,3.1249747480719496,1.1112131951106585,1.1074350702472824,0.9571265791119452,0.7646156419404162,0.6546616457724574,0.45277342447482494,3.874915919117353,65.36984836547741,2.6884347597562885,0.7368359201396271,0.630876730325197,0.43632343433496673,0.503985811981565,0.34856384737243573,0.29843933273261575,21.201548985391014,7.513449158100879,3.4843599984398517,1.0,4.246849105277175,4.246849105277175,5.414886100069068,1.8131611851989553,3.6773316192674326,3.6455246759614717,3.649741165917205,0.0,0.0,0.0,0.0,1.0,0.0,0.0,25.0,7
0.9230223631508678,0.6991039799958324,0.9669944990831806,0.9098748261474268,0.6907345575959933,0.745987075255368,0.8450351053159477,0.345014601585315,0.9791260784859448,0.4248916305435145,0.5800735224809124,0.9923087615252748,0.8092215401785715,0.3584545839807883,0.2972629796839729,0.6226533166458073,298.9559219462344,60.74653418789605,4.000578565706755,1.750384932315673,3.1391957283219227,1.728162306326754,0.8713729551756776,21.723265742280176,0.4768921812608812,9.8692,2.385933101368604,97.40110863999999,961.2710213898878,0.0,1.0,0.0,7.269631407987715,71.74544629171235,2.9151628606425755,28.770325304253703,1.0049651530244268,9.918202088228671,7.3622956431102775,9.793293629245241,5.72486160806862,4.193340480160053,39.48250998067311,599.5196952071836,9.545112824545479,0.7402495107605161,0.43272735046861477,0.3169636647696408,0.5756120386866378,0.42162368768708947,0.24646838480203487,21.19215949112658,7.3057262403595535,2.9296370903367914,1.0,3.9201280136670023,3.9201280136670023,5.553149962978517,1.725113153741313,4.046309961496354,3.924936287330363,3.2848321200684563,0.0,0.0,0.0,0.0,1.0,0.0,0.0,25.0,7
0.7807076101468625,0.8853233312495659,0.6981163527254542,0.9847009735744088,0.917779632721202,0.966750052115906,0.7534269475091941,0.4513975803087193,0.6905093236849429,0.407885961987329,0.7003487604863795,0.7721818097576797,0.78857421875,0.3464472383104958,0.3089729119638826,0.6047142261159784,307.29483050843805,64.29563212208424,3.996253388619884,1.8448077691335605,3.3092842122390405,1.7777220278877257,0.8767073066337568,22.308277836752232,0.4791267541665429,5.016,1.7944225866475387,25.160256,126.203844096,0.0,1.0,0.0,7.08751830531553,35.5509918194627,2.862083903618762,14.356212860551711,1.1082347224737086,5.558905367928122,4.849218261413385,3.873263957744521,3.51294938259968,2.045955985328442,20.04520699731734,322.50689072437456,7.170967342506284,0.7465068048261915,0.6770622006995176,0.3943237750085968,0.5407965733339203,0.3149621203021279,0.28566242789762036,20.285072058246907,7.854633882118686,3.1718607606234075,1.0,3.970318626092471,3.970318626092471,5.721309861201698,1.657259375800849,3.8315011960200867,3.5743173524072303,3.8169836357790694,0.0,0.0,0.0,0.0,1.0,0.0,0.0,25.0,7
0.0,0.0,0.0,0.0,0.0,0.4511152803835731,0.0,0.7034835210680017,0.0,0.7309936645548516,0.6465265340748421,0.2344901079553352,0.0,0.0,0.0,0.0,273.45320877970346,110.56833052148237,1.490261611946611,4.118405774017701,5.420451177030656,1.965287527978472,1.7499098766504768,19.73624355506657,0.1424763413508268,98.5078,4.600236033051857,9703.78666084,955898.6756286946,0.0,0.0,1.0,0.2344901079553352,23.09910465644257,1.154598801451575,113.73698781363146,1.3775201986296937,135.69648422257413,44.43837381696895,23.09910465644257,63.68790651333773,72.0085777092364,146.80239281731437,10891.84298934408,6.855555165950744,0.10578207079744537,0.29165799869459214,0.32976241194427747,0.15160407677119841,0.17141078331613324,0.47260680037531594,0.2707419975974804,0.32301486008733166,1.5904831703131797,1.0,2.5321190000812686,2.5321190000812686,1.3775201986296937,0.4511152803835731,0.2344901079553352,0.2344901079553352,1.801125335526417,0.0,0.0,0.0,0.0,0.0,0.0,1.0,25.0,7
0.9192673564753004,0.7850941168298952,0.8829804967494582,0.8392211404728789,0.7545909849749584,0.94767563060246,1.0,0.3607634543178974,0.934873364876148,0.5776925641880627,0.5407672730700349,0.7725524718528471,0.6939174107142857,0.4160192117530724,0.3773984198645598,0.6120150187734669,298.8266556804848,63.33426721223076,3.901846941787715,1.841038849126541,3.275606339967152,1.7311364409260568,0.9503775542270456,21.71346747925415,0.4573712824411801,10.0609,2.403416367105359,101.22170881000001,1018.381490166529,0.0,0.0,1.0,7.053056628460722,70.96009743328048,3.2433124497965053,32.63064222615766,1.1184598372580976,11.252712576669994,9.53446975192829,7.77257316406431,5.440605457630315,5.8121071190396805,39.25609189663202,637.1997289955325,9.377762801832585,0.7321291509366361,0.5124719665158181,0.5474651650612744,0.41777109350737907,0.4462978184344974,0.31239723260881475,22.875266372206426,7.888560568840326,3.627514714776561,1.0,4.361772287054603,4.361772287054603,5.71563314451366,1.8825489954786079,3.782846374645795,3.8719025329582317,3.523064699440651,0.0,0.0,0.0,0.0,1.0,0.0,0.0,25.0,7
0.0,0.0,0.0,0.0,0.0,0.5877631853241609,0.0,0.4869628702544847,0.0,0.5820273424474824,0.0,0.0,0.0,0.0,0.0,0.0,253.6749855909125,105.353042751186,1.814068873774897,3.9426200228071,5.240008103446119,1.3513059596804904,2.297388080639019,18.48347830504367,0.0,102.6071,4.640605860295649,10528.21697041,1080269.811504556,0.0,0.0,1.0,0.0,0.0,1.0747260555786458,110.27452385736366,0.5820273424474824,59.72013772924308,60.30867593287471,0.0,0.0,59.72013772924308,186.13634633830821,10809.970192875217,8.418378646619715,0.0,0.0,0.3420942447426885,0.0,0.0,0.0,0.0,0.0,0.6255199499875045,1.0,1.6567533980261282,1.6567533980261282,0.5820273424474824,0.5877631853241609,0.0,0.0,1.0747260555786458,1.0,0.0,0.0,0.0,0.0,0.0,0.0,25.0,7
0.0,0.0,0.0,0.0,0.0,0.0,0.0,0.4803921568627451,0.0,0.5575191730576858,0.4393439532472428,0.2198952879581152,0.0,0.217403588077412,0.0,0.0,249.94390432629984,93.41021775762576,1.601569342235463,3.505036402711663,4.4658199936995135,1.866074974558092,1.2734241991398287,18.01715953245851,0.2486901956367096,26.67,3.3203487937988347,711.2889000000001,18970.074963000003,0.0,0.0,1.0,0.4372988760355272,11.66276102386751,0.4803921568627451,12.812058823529412,0.9968631263049286,26.586339578552447,0.0,5.864607329842933,11.717303233103966,14.869036345448482,42.713854357419805,2491.2505075958793,5.3177688336767135,0.0,0.0,0.0,0.09660966511195915,0.12259583910169009,0.2449426775022974,0.21007495025236111,0.43592712469440703,0.4788852273425637,1.0,1.4772552831676737,1.4772552831676737,1.2142667143823407,0.0,0.2198952879581152,0.4372988760355272,0.9197361101099879,0.0,0.0,0.0,0.0,0.0,1.0,0.0,25.0,7
0.0,0.0,0.0,0.0,0.0,0.4470502397331665,0.0,0.7412390488110139,0.0,0.8772090696898965,0.886794231313036,0.2611314460454988,0.0,0.0,0.0,0.0,275.2189722235319,112.45356276008228,1.3534102679549036,4.18456719405717,5.476076498072526,2.100879225538192,1.658315587240181,19.82561954916664,0.1560688030749215,9.9837,2.3964123556381987,99.67426569000001,995.1179663692532,0.0,1.0,0.0,0.2611314460454988,2.6070580178844467,1.1882892885441803,11.863523770038533,1.7640033010029326,17.61127975622298,4.463215478424015,2.6070580178844467,8.853487567159958,8.757792189063021,13.512042092181373,1122.7026345278334,3.243329088374736,0.11673887555650868,0.39644157370248184,0.3921565249009762,0.23156985996757967,0.22906687285234942,0.7779039426564752,0.3102997002379188,0.4606367328199291,2.09614622753836,1.0,2.952292589547113,2.952292589547113,1.7640033010029326,0.4470502397331665,0.2611314460454988,0.2611314460454988,2.075083519857216,0.0,0.0,0.0,0.0,0.0,0.0,1.0,25.0,7
0.7258845126835781,0.7400152809613114,0.8214702450408402,0.9821974965229484,0.9129799666110184,0.8246820929747759,0.8391842193246405,0.3858990404672507,0.991650431394378,0.5467655885295098,0.6252238665284192,0.7184358059583933,0.9173409598214284,0.2931204972453737,0.4019469525959368,0.6833541927409261,300.9269353389564,63.22992010273336,3.940186757344927,1.8352715452272104,3.2551811781454942,1.763690197713215,0.9023751458438682,21.856030649243067,0.4645715406132703,102.5985,4.640522850956086,10526.45220225,1079998.2062725467,0.0,0.0,1.0,7.196745910181755,738.3753352657827,3.041415784161045,312.044697331247,1.171989455057929,120.24436010476094,84.61114571607254,73.71043603762222,64.14703087001602,56.09732923474492,404.2572510234535,6487.294957660289,18.284526684493695,0.5924811441257878,0.5156109268264387,0.45090778991510133,0.4491832124537678,0.3928159762655136,0.3418508953451068,21.888296605823236,8.434510317464294,3.5645072274834875,1.0,4.213405239218974,4.213405239218974,5.647657454122999,1.816332524369154,3.7850307521656372,3.853382627686699,3.4746694792650423,0.0,0.0,0.0,0.0,1.0,0.0,0.0,25.0,7
0.9873581441922564,0.8620545947072307,0.9273212202033672,0.7936022253129347,0.6719532554257096,0.9436105899520536,0.8798060849214309,0.4372131831455987,0.881436125800167,0.5382627542514171,0.5321896502969177,0.8760598619283697,0.97509765625,0.3038564769035174,0.4094243792325056,0.7292448894451398,296.3379873929156,61.01706488027171,3.95751579188538,1.771846890300622,3.1500106634626635,1.7124360598956416,0.8934466795639568,21.53339506329943,0.4667283002531461,0.0,0.0,0.0,0.0,1.0,0.0,0.0,7.535972703601031,0.0,3.14206598381925,0.0,1.0704524045483348,0.0,0.0,0.0,0.0,0.0,0.0,0.0,0.0,0.8266593631475435,0.5021797898830516,0.507910435088397,0.46622999155882505,0.47155039417068045,0.2864578669529174,23.678523486975187,8.06690010118034,3.3634320876288455,1.0,4.2125183883675845,4.2125183883675845,5.61659832129335,1.8250467157522205,4.429815146522996,4.173489348680963,3.5723248230125355,0.0,0.0,0.0,0.0,1.0,0.0,0.0,25.0,7
0.0,0.0,0.0,0.0,0.0,0.7948717948717949,0.0,0.532436378806842,0.0,0.5550183394464822,0.0,0.0,0.0,0.0,0.0,0.0,259.4859922339107,107.01287473505316,1.8786745060794583,3.9880031649758,5.398287899769215,1.294857632603292,2.410284734793416,18.923999736752755,0.0,0.0,0.0,0.0,0.0,1.0,0.0,0.0,0.0,0.0,1.327308173678637,0.0,0.5550183394464822,0.0,0.0,0.0,0.0,0.0,0.0,0.0,0.0,0.0,0.0,0.4411684236625884,0.0,0.0,0.0,0.0,0.0,0.73668037848886,1.0,1.8823265131251192,1.8823265131251192,0.5550183394464822,0.7948717948717949,0.0,0.0,1.327308173678637,1.0,0.0,0.0,0.0,0.0,0.0,0.0,25.0,7
0.8165053404539386,0.9549211641314164,0.9079846641106852,0.8411682892906814,0.7906928213689484,0.7410881801125704,0.9140755600133734,0.4718397997496871,0.8661285833565266,0.5184228076025342,0.6172118013007823,0.8431172682203586,0.9619140625,0.3784432829495691,0.3656884875846501,0.523153942428035,301.78257552323475,62.26087579762297,3.990587441055963,1.7849092676951903,3.2098046587208797,1.7010795038881,0.8786238829065751,21.9214292020066,0.4741831185803652,49.6318,3.924579837394101,2463.31557124,122258.78576866942,0.0,0.0,1.0,7.383589323038283,366.46082856317145,2.993132123232158,148.5545349138338,1.1356346089033167,56.36358978216763,36.78154033771107,41.84542763285919,30.63333267980017,25.730257102367457,198.06003775700134,3090.119335412464,15.661379010526353,0.6248242419269074,0.45740837056999817,0.3841970150150113,0.5203819278260824,0.4370912213289772,0.3199766749157691,22.100058387539868,8.385059573171285,3.3991044281627056,1.0,4.128766732135475,4.128766732135475,5.825350171208556,1.607216763469097,4.099611777733749,3.986392603695986,3.437337942985927,0.0,0.0,0.0,0.0,1.0,0.0,0.0,25.0,7
